DataHora,Satelite,Pais,Estado,Municipio,Bioma,DiaSemChuva,Precipitacao,RiscoFogo,FRP,Latitude,Longitude
2026/05/27 00:00:00,GOES-19,Brasil,PIAUÍ,SEBASTIÃO LEAL,Cerrado,4.0,0.0,0.91,72.6,-8.0944,-44.1688
2026/05/27 00:00:00,GOES-19,Brasil,MATO GROSSO,SÃO FÉLIX DO ARAGUAIA,Amazônia,12.0,0.0,0.27,66.8,-11.4724,-52.9193
2026/05/27 00:00:00,GOES-19,Brasil,MATO GROSSO,SÃO FÉLIX DO ARAGUAIA,Amazônia,12.0,0.0,0.27,70.3,-11.4534,-52.9212
2026/05/27 00:00:00,GOES-19,Brasil,MATO GROSSO,SÃO FÉLIX DO ARAGUAIA,Amazônia,11.0,0.0,0.49,84.4,-11.3584,-52.9514
2026/05/27 00:00:00,GOES-19,Brasil,PIAUÍ,SANTA FILOMENA,Cerrado,36.0,0.0,0.85,43.9,-9.3423,-45.4765
2026/05/27 00:00:00,GOES-19,Brasil,MATO GROSSO,SÃO FÉLIX DO ARAGUAIA,Amazônia,11.0,0.0,0.28,47.2,-11.3394,-52.9533
2026/05/27 00:00:00,GOES-19,Brasil,MATO GROSSO,VILA RICA,Amazônia,28.0,0.0,0.42,81.1,-10.0534,-51.6786
2026/05/27 00:00:00,GOES-19,Brasil,PIAUÍ,SANTA FILOMENA,Cerrado,33.0,0.0,0.91,69.7,-9.3613,-45.4744
2026/05/27 00:10:00,GOES-19,Brasil,PIAUÍ,SANTA FILOMENA,Cerrado,32.0,0.0,0.82,48.7,-9.3616,-45.4516
2026/05/27 00:10:00,GOES-19,Brasil,MATO GROSSO,SÃO FÉLIX DO ARAGUAIA,Amazônia,11.0,0.0,0.49,83.4,-11.3584,-52.9514
2026/05/27 00:10:00,GOES-19,Brasil,MATO GROSSO,SÃO FÉLIX DO ARAGUAIA,Amazônia,12.0,0.0,0.27,75.5,-11.4534,-52.9212
2026/05/27 00:10:00,GOES-19,Brasil,PIAUÍ,SEBASTIÃO LEAL,Cerrado,4.0,0.0,0.91,77.8,-8.0944,-44.1688
2026/05/27 00:10:00,GOES-19,Brasil,PIAUÍ,SANTA FILOMENA,Cerrado,33.0,0.0,0.91,96.5,-9.3613,-45.4744
2026/05/27 00:10:00,GOES-19,Brasil,MATO GROSSO,SÃO FÉLIX DO ARAGUAIA,Amazônia,12.0,0.0,0.27,69.9,-11.4724,-52.9193
2026/05/27 00:10:00,GOES-19,Brasil,MATO GROSSO,VILA RICA,Amazônia,28.0,0.0,0.42,61.3,-10.0534,-51.6786
2026/05/27 00:10:00,GOES-19,Brasil,MATO GROSSO,SÃO FÉLIX DO ARAGUAIA,Amazônia,11.0,0.0,0.28,56.2,-11.3581,-52.9722
2026/05/27 00:20:00,GOES-19,Brasil,MATO GROSSO,SÃO FÉLIX DO ARAGUAIA,Amazônia,12.0,0.0,0.27,65.9,-11.4724,-52.9193
2026/05/27 00:20:00,GOES-19,Brasil,MATO GROSSO,SÃO FÉLIX DO ARAGUAIA,Amazônia,11.0,0.0,0.49,70.0,-11.3584,-52.9514
2026/05/27 00:20:00,GOES-19,Brasil,MINAS GERAIS,VEREDINHA,Cerrado,5.0,0.0,0.45,79.8,-17.3823,-42.698
2026/05/27 00:20:00,GOES-19,Brasil,MATO GROSSO,SÃO FÉLIX DO ARAGUAIA,Amazônia,12.0,0.0,0.27,76.1,-11.4534,-52.9212
2026/05/27 00:20:00,GOES-19,Brasil,MATO GROSSO,VILA RICA,Amazônia,28.0,0.0,0.42,68.1,-10.0534,-51.6786
2026/05/27 00:20:00,GOES-19,Brasil,PIAUÍ,SANTA FILOMENA,Cerrado,33.0,0.0,0.91,107.6,-9.3613,-45.4744
2026/05/27 00:20:00,GOES-19,Brasil,PIAUÍ,SANTA FILOMENA,Cerrado,32.0,0.0,0.82,61.6,-9.3616,-45.4516
2026/05/27 00:20:00,GOES-19,Brasil,PIAUÍ,SANTA FILOMENA,Cerrado,36.0,0.0,0.85,45.5,-9.3423,-45.4765
2026/05/27 00:20:00,GOES-19,Brasil,PIAUÍ,SEBASTIÃO LEAL,Cerrado,4.0,0.0,0.91,55.9,-8.0944,-44.1688
2026/05/27 00:30:00,GOES-19,Brasil,MATO GROSSO,VILA RICA,Amazônia,28.0,0.0,0.42,67.7,-10.0534,-51.6786
2026/05/27 00:30:00,GOES-19,Brasil,MATO GROSSO,SÃO FÉLIX DO ARAGUAIA,Amazônia,11.0,0.0,0.49,88.0,-11.3584,-52.9514
2026/05/27 00:30:00,GOES-19,Brasil,MATO GROSSO,SÃO FÉLIX DO ARAGUAIA,Amazônia,12.0,0.0,0.27,56.5,-11.4724,-52.9193
2026/05/27 00:30:00,GOES-19,Brasil,MATO GROSSO,SÃO FÉLIX DO ARAGUAIA,Amazônia,12.0,0.0,0.27,60.8,-11.4534,-52.9212
2026/05/27 00:30:00,GOES-19,Brasil,PIAUÍ,SANTA FILOMENA,Cerrado,33.0,0.0,0.91,98.8,-9.3613,-45.4744
2026/05/27 00:30:00,GOES-19,Brasil,MINAS GERAIS,VEREDINHA,Cerrado,5.0,0.0,0.45,112.1,-17.3823,-42.698
2026/05/27 00:30:00,GOES-19,Brasil,PIAUÍ,SANTA FILOMENA,Cerrado,32.0,0.0,0.82,53.6,-9.3616,-45.4516
2026/05/27 00:40:00,GOES-19,Brasil,MATO GROSSO,SÃO FÉLIX DO ARAGUAIA,Amazônia,12.0,0.0,0.27,62.6,-11.4534,-52.9212
2026/05/27 00:40:00,GOES-19,Brasil,MATO GROSSO,SÃO FÉLIX DO ARAGUAIA,Amazônia,11.0,0.0,0.28,60.5,-11.3581,-52.9722
2026/05/27 00:40:00,GOES-19,Brasil,MINAS GERAIS,VEREDINHA,Cerrado,5.0,0.0,0.45,93.8,-17.3823,-42.698
2026/05/27 00:40:00,GOES-19,Brasil,PIAUÍ,SANTA FILOMENA,Cerrado,33.0,0.0,0.91,76.4,-9.3613,-45.4744
2026/05/27 00:40:00,GOES-19,Brasil,PIAUÍ,SANTA FILOMENA,Cerrado,32.0,0.0,0.82,51.5,-9.3616,-45.4516
2026/05/27 00:40:00,GOES-19,Brasil,MATO GROSSO,VILA RICA,Amazônia,28.0,0.0,0.42,49.8,-10.0534,-51.6786
2026/05/27 00:40:00,GOES-19,Brasil,MINAS GERAIS,TURMALINA,Cerrado,5.0,0.0,0.45,58.4,-17.383,-42.6732
2026/05/27 00:40:00,GOES-19,Brasil,MATO GROSSO,SÃO FÉLIX DO ARAGUAIA,Amazônia,12.0,0.0,0.27,70.5,-11.4724,-52.9193
2026/05/27 00:40:00,GOES-19,Brasil,MATO GROSSO,SÃO FÉLIX DO ARAGUAIA,Amazônia,11.0,0.0,0.49,85.7,-11.3584,-52.9514
2026/05/27 00:50:00,GOES-19,Brasil,MATO GROSSO,VILA RICA,Amazônia,28.0,0.0,0.42,49.8,-10.0534,-51.6786
2026/05/27 00:50:00,GOES-19,Brasil,MATO GROSSO,SÃO FÉLIX DO ARAGUAIA,Amazônia,11.0,0.0,0.28,60.5,-11.3581,-52.9722
2026/05/27 00:50:00,GOES-19,Brasil,MATO GROSSO,SÃO FÉLIX DO ARAGUAIA,Amazônia,12.0,0.0,0.27,67.1,-11.4724,-52.9193
2026/05/27 00:50:00,GOES-19,Brasil,MINAS GERAIS,VEREDINHA,Cerrado,5.0,0.0,0.45,87.1,-17.3823,-42.698
2026/05/27 00:50:00,GOES-19,Brasil,PIAUÍ,SANTA FILOMENA,Cerrado,32.0,0.0,0.82,46.8,-9.3616,-45.4516
2026/05/27 00:50:00,GOES-19,Brasil,MINAS GERAIS,TURMALINA,Cerrado,5.0,0.0,0.45,53.4,-17.383,-42.6732
2026/05/27 00:50:00,GOES-19,Brasil,PIAUÍ,SANTA FILOMENA,Cerrado,33.0,0.0,0.91,66.3,-9.3613,-45.4744
2026/05/27 00:50:00,GOES-19,Brasil,MATO GROSSO,SÃO FÉLIX DO ARAGUAIA,Amazônia,12.0,0.0,0.27,60.8,-11.4534,-52.9212
2026/05/27 00:50:00,GOES-19,Brasil,MATO GROSSO,SÃO FÉLIX DO ARAGUAIA,Amazônia,11.0,0.0,0.49,79.9,-11.3584,-52.9514
2026/05/27 01:00:00,GOES-19,Brasil,PIAUÍ,SANTA FILOMENA,Cerrado,33.0,0.0,0.91,64.2,-9.3613,-45.4744
2026/05/27 01:00:00,GOES-19,Brasil,MATO GROSSO,SÃO FÉLIX DO ARAGUAIA,Amazônia,12.0,0.0,0.27,52.1,-11.4534,-52.9212
2026/05/27 01:00:00,GOES-19,Brasil,MINAS GERAIS,VEREDINHA,Cerrado,5.0,0.0,0.45,134.3,-17.3823,-42.698
2026/05/27 01:00:00,GOES-19,Brasil,MATO GROSSO,SÃO FÉLIX DO ARAGUAIA,Amazônia,11.0,0.0,0.49,89.4,-11.3584,-52.9514
2026/05/27 01:00:00,GOES-19,Brasil,MINAS GERAIS,TURMALINA,Cerrado,5.0,0.0,0.45,62.9,-17.383,-42.6732
2026/05/27 01:00:00,GOES-19,Brasil,MATO GROSSO,SÃO FÉLIX DO ARAGUAIA,Amazônia,12.0,0.0,0.27,51.6,-11.4724,-52.9193
2026/05/27 01:00:00,GOES-19,Brasil,MATO GROSSO,VILA RICA,Amazônia,28.0,0.0,0.42,55.4,-10.0534,-51.6786
2026/05/27 01:07:00,TERRA_M-M,Brasil,MATO GROSSO,CÁCERES,Pantanal,9.0,0.0,0.28,7.1,-16.16477,-58.47106
2026/05/27 01:07:00,TERRA_M-M,Brasil,MATO GROSSO DO SUL,BANDEIRANTES,Cerrado,9.0,0.0,1.0,13.4,-19.71889,-54.66047
2026/05/27 01:07:00,TERRA_M-M,Brasil,MATO GROSSO,VILA BELA DA SANTÍSSIMA TRINDADE,Amazônia,4.0,0.0,0.72,7.1,-16.2661,-60.00399
2026/05/27 01:07:00,TERRA_M-M,Brasil,MATO GROSSO DO SUL,PEDRO GOMES,Cerrado,4.0,0.0,1.0,13.7,-17.95853,-54.47591
2026/05/27 01:07:00,TERRA_M-M,Brasil,MATO GROSSO,CÁCERES,Pantanal,8.0,0.0,0.32,6.7,-16.1666,-58.48289
2026/05/27 01:07:00,TERRA_M-M,Brasil,MATO GROSSO DO SUL,PEDRO GOMES,Cerrado,4.0,0.0,1.0,22.6,-17.95628,-54.46989
2026/05/27 01:09:00,TERRA_M-M,Brasil,AMAZONAS,LÁBREA,Amazônia,4.0,0.0,1.0,10.6,-9.23104,-65.72683
2026/05/27 01:09:00,TERRA_M-M,Brasil,MATO GROSSO,NOVA MARINGÁ,Amazônia,11.0,0.1,0.27,15.6,-11.81304,-57.35644
2026/05/27 01:09:00,TERRA_M-M,Brasil,MATO GROSSO,TANGARÁ DA SERRA,Cerrado,8.0,0.0,0.83,8.1,-14.12841,-58.69621
2026/05/27 01:09:00,TERRA_M-M,Brasil,MATO GROSSO,SÃO FÉLIX DO ARAGUAIA,Amazônia,12.0,0.0,0.27,36.3,-11.45687,-52.90006
2026/05/27 01:09:00,TERRA_M-M,Brasil,MATO GROSSO,NOVA MARINGÁ,Amazônia,10.0,0.0,0.28,13.0,-12.5381,-57.20237
2026/05/27 01:09:00,TERRA_M-M,Brasil,MATO GROSSO,SÃO FÉLIX DO ARAGUAIA,Amazônia,11.0,0.0,0.28,158.9,-11.35407,-52.9698
2026/05/27 01:09:00,TERRA_M-M,Brasil,MATO GROSSO,NOVA UBIRATÃ,Amazônia,11.0,0.31,0.3,23.8,-12.462,-54.45104
2026/05/27 01:09:00,TERRA_M-M,Brasil,AMAZONAS,CANUTAMA,Amazônia,7.0,0.0,0.16,6.8,-6.84571,-63.40437
2026/05/27 01:09:00,TERRA_M-M,Brasil,MATO GROSSO,SÃO FÉLIX DO ARAGUAIA,Amazônia,11.0,0.0,0.28,175.5,-11.35923,-52.96369
2026/05/27 01:09:00,TERRA_M-M,Brasil,MATO GROSSO,PORTO DOS GAÚCHOS,Amazônia,8.0,0.0,0.27,12.6,-11.54856,-56.93861
2026/05/27 01:09:00,TERRA_M-M,Brasil,MATO GROSSO,SÃO FÉLIX DO ARAGUAIA,Amazônia,12.0,0.0,0.27,41.6,-11.45198,-52.90796
2026/05/27 01:09:00,TERRA_M-M,Brasil,MATO GROSSO,PORTO DOS GAÚCHOS,Amazônia,10.0,0.0,0.31,16.9,-11.79424,-57.01157
2026/05/27 01:09:00,TERRA_M-M,Brasil,AMAZONAS,LÁBREA,Amazônia,4.0,0.0,1.0,12.6,-9.23238,-65.73717
2026/05/27 01:09:00,TERRA_M-M,Brasil,RONDÔNIA,NOVA MAMORÉ,Amazônia,9.0,0.0,1.0,4.8,-10.14216,-64.88416
2026/05/27 01:09:00,TERRA_M-M,Brasil,MATO GROSSO,SÃO FÉLIX DO ARAGUAIA,Amazônia,12.0,0.0,0.52,51.4,-11.45824,-52.94484
2026/05/27 01:09:00,TERRA_M-M,Brasil,MATO GROSSO,SÃO FÉLIX DO ARAGUAIA,Amazônia,12.0,0.0,0.27,107.5,-11.4634,-52.93706
2026/05/27 01:10:00,GOES-19,Brasil,MATO GROSSO,SÃO FÉLIX DO ARAGUAIA,Amazônia,11.0,0.0,0.49,96.9,-11.3584,-52.9514
2026/05/27 01:10:00,GOES-19,Brasil,PIAUÍ,SANTA FILOMENA,Cerrado,33.0,0.0,0.91,52.2,-9.3613,-45.4744
2026/05/27 01:10:00,GOES-19,Brasil,MATO GROSSO,SÃO FÉLIX DO ARAGUAIA,Amazônia,12.0,0.0,0.27,55.4,-11.4724,-52.9193
2026/05/27 01:10:00,GOES-19,Brasil,MATO GROSSO,VILA RICA,Amazônia,28.0,0.0,0.42,47.7,-10.0534,-51.6786
2026/05/27 01:10:00,GOES-19,Brasil,MINAS GERAIS,VEREDINHA,Cerrado,5.0,0.0,0.45,122.6,-17.3823,-42.698
2026/05/27 01:10:00,GOES-19,Brasil,MINAS GERAIS,TURMALINA,Cerrado,5.0,0.0,0.62,59.8,-17.3622,-42.7029
2026/05/27 01:10:00,GOES-19,Brasil,MATO GROSSO,SÃO FÉLIX DO ARAGUAIA,Amazônia,11.0,0.0,0.28,49.7,-11.3581,-52.9722
2026/05/27 01:20:00,GOES-19,Brasil,MATO GROSSO,SÃO FÉLIX DO ARAGUAIA,Amazônia,12.0,0.0,0.27,52.8,-11.4724,-52.9193
2026/05/27 01:20:00,GOES-19,Brasil,MATO GROSSO,SÃO FÉLIX DO ARAGUAIA,Amazônia,12.0,0.0,0.27,53.7,-11.4534,-52.9212
2026/05/27 01:20:00,GOES-19,Brasil,MATO GROSSO,VILA RICA,Amazônia,28.0,0.0,0.42,48.2,-10.0534,-51.6786
2026/05/27 01:20:00,GOES-19,Brasil,MINAS GERAIS,VEREDINHA,Cerrado,5.0,0.0,0.45,121.2,-17.3823,-42.698
2026/05/27 01:20:00,GOES-19,Brasil,PIAUÍ,SANTA FILOMENA,Cerrado,33.0,0.0,0.91,49.3,-9.3613,-45.4744
2026/05/27 01:20:00,GOES-19,Brasil,MATO GROSSO,SÃO FÉLIX DO ARAGUAIA,Amazônia,11.0,0.0,0.49,61.8,-11.3584,-52.9514
2026/05/27 01:20:00,GOES-19,Brasil,MINAS GERAIS,TURMALINA,Cerrado,5.0,0.0,0.45,74.0,-17.383,-42.6732
2026/05/27 01:30:00,GOES-19,Brasil,MINAS GERAIS,VEREDINHA,Cerrado,5.0,0.0,0.45,112.1,-17.3823,-42.698
2026/05/27 01:30:00,GOES-19,Brasil,MATO GROSSO,VILA RICA,Amazônia,28.0,0.0,0.42,51.1,-10.0534,-51.6786
2026/05/27 01:30:00,GOES-19,Brasil,PIAUÍ,SANTA FILOMENA,Cerrado,33.0,0.0,0.91,45.6,-9.3613,-45.4744
2026/05/27 01:30:00,GOES-19,Brasil,MINAS GERAIS,TURMALINA,Cerrado,5.0,0.0,0.62,65.3,-17.3622,-42.7029
2026/05/27 01:30:00,GOES-19,Brasil,MATO GROSSO,SÃO FÉLIX DO ARAGUAIA,Amazônia,11.0,0.0,0.49,85.0,-11.3584,-52.9514
2026/05/27 01:30:00,GOES-19,Brasil,MATO GROSSO,SÃO FÉLIX DO ARAGUAIA,Amazônia,12.0,0.0,0.27,52.5,-11.4724,-52.9193
2026/05/27 01:40:00,GOES-19,Brasil,PIAUÍ,SANTA FILOMENA,Cerrado,33.0,0.0,0.91,49.3,-9.3613,-45.4744
2026/05/27 01:40:00,GOES-19,Brasil,MINAS GERAIS,TURMALINA,Cerrado,5.0,0.0,0.45,59.1,-17.383,-42.6732
2026/05/27 01:40:00,GOES-19,Brasil,MATO GROSSO,SÃO FÉLIX DO ARAGUAIA,Amazônia,12.0,0.0,0.27,54.6,-11.4724,-52.9193
2026/05/27 01:40:00,GOES-19,Brasil,MATO GROSSO,VILA RICA,Amazônia,28.0,0.0,0.42,46.3,-10.0534,-51.6786
2026/05/27 01:40:00,GOES-19,Brasil,MINAS GERAIS,VEREDINHA,Cerrado,5.0,0.0,0.45,97.4,-17.3823,-42.698
2026/05/27 01:40:00,GOES-19,Brasil,MATO GROSSO,SÃO FÉLIX DO ARAGUAIA,Amazônia,11.0,0.0,0.49,64.7,-11.3584,-52.9514
2026/05/27 01:40:00,GOES-19,Brasil,PIAUÍ,SANTA FILOMENA,Cerrado,32.0,0.0,0.82,47.1,-9.3616,-45.4516
2026/05/27 01:50:00,GOES-19,Brasil,MATO GROSSO,SÃO FÉLIX DO ARAGUAIA,Amazônia,11.0,0.0,0.49,57.1,-11.3584,-52.9514
2026/05/27 01:50:00,GOES-19,Brasil,TOCANTINS,MATEIROS,Cerrado,15.0,0.0,0.97,48.4,-10.6482,-46.8997
2026/05/27 01:50:00,GOES-19,Brasil,MINAS GERAIS,TURMALINA,Cerrado,5.0,0.0,0.45,66.4,-17.383,-42.6732
2026/05/27 01:50:00,GOES-19,Brasil,MINAS GERAIS,VEREDINHA,Cerrado,5.0,0.0,0.45,114.9,-17.3823,-42.698
2026/05/27 01:50:00,GOES-19,Brasil,PIAUÍ,SANTA FILOMENA,Cerrado,33.0,0.0,0.91,63.6,-9.3613,-45.4744
2026/05/27 01:50:00,GOES-19,Brasil,MATO GROSSO,VILA RICA,Amazônia,28.0,0.0,0.42,44.0,-10.0534,-51.6786
2026/05/27 01:50:00,GOES-19,Brasil,PIAUÍ,SANTA FILOMENA,Cerrado,32.0,0.0,0.82,52.9,-9.3616,-45.4516
2026/05/27 01:50:00,GOES-19,Brasil,MATO GROSSO,SÃO FÉLIX DO ARAGUAIA,Amazônia,12.0,0.0,0.27,46.3,-11.4724,-52.9193
2026/05/27 02:00:00,GOES-19,Brasil,PIAUÍ,SANTA FILOMENA,Cerrado,33.0,0.0,0.91,76.9,-9.3613,-45.4744
2026/05/27 02:00:00,GOES-19,Brasil,MATO GROSSO,SÃO FÉLIX DO ARAGUAIA,Amazônia,11.0,0.0,0.49,63.3,-11.3584,-52.9514
2026/05/27 02:00:00,GOES-19,Brasil,MINAS GERAIS,VEREDINHA,Cerrado,5.0,0.0,0.45,101.5,-17.3823,-42.698
2026/05/27 02:00:00,GOES-19,Brasil,MATO GROSSO,VILA RICA,Amazônia,28.0,0.0,0.42,41.3,-10.0534,-51.6786
2026/05/27 02:00:00,GOES-19,Brasil,PIAUÍ,SANTA FILOMENA,Cerrado,32.0,0.0,0.82,50.7,-9.3616,-45.4516
2026/05/27 02:10:00,GOES-19,Brasil,PIAUÍ,SANTA FILOMENA,Cerrado,32.0,0.0,0.82,47.1,-9.3616,-45.4516
2026/05/27 02:10:00,GOES-19,Brasil,MATO GROSSO,SÃO FÉLIX DO ARAGUAIA,Amazônia,11.0,0.0,0.49,71.1,-11.3584,-52.9514
2026/05/27 02:10:00,GOES-19,Brasil,PIAUÍ,SANTA FILOMENA,Cerrado,33.0,0.0,0.91,77.4,-9.3613,-45.4744
2026/05/27 02:10:00,GOES-19,Brasil,MINAS GERAIS,VEREDINHA,Cerrado,5.0,0.0,0.45,103.6,-17.3823,-42.698
2026/05/27 02:20:00,GOES-19,Brasil,MATO GROSSO,SÃO FÉLIX DO ARAGUAIA,Amazônia,11.0,0.0,0.49,48.4,-11.3584,-52.9514
2026/05/27 02:20:00,GOES-19,Brasil,PIAUÍ,SANTA FILOMENA,Cerrado,33.0,0.0,0.91,69.8,-9.3613,-45.4744
2026/05/27 02:20:00,GOES-19,Brasil,MINAS GERAIS,VEREDINHA,Cerrado,5.0,0.0,0.45,86.9,-17.3823,-42.698
2026/05/27 02:20:00,GOES-19,Brasil,PIAUÍ,SANTA FILOMENA,Cerrado,32.0,0.0,0.82,60.4,-9.3616,-45.4516
2026/05/27 02:30:00,GOES-19,Brasil,MINAS GERAIS,VEREDINHA,Cerrado,5.0,0.0,0.45,83.2,-17.3823,-42.698
2026/05/27 02:30:00,GOES-19,Brasil,MATO GROSSO,SÃO FÉLIX DO ARAGUAIA,Amazônia,11.0,0.0,0.49,55.9,-11.3584,-52.9514
2026/05/27 02:30:00,GOES-19,Brasil,PIAUÍ,SANTA FILOMENA,Cerrado,33.0,0.0,0.91,67.3,-9.3613,-45.4744
2026/05/27 02:30:00,GOES-19,Brasil,MATO GROSSO,VILA RICA,Amazônia,28.0,0.0,0.42,45.2,-10.0534,-51.6786
2026/05/27 02:30:00,GOES-19,Brasil,PIAUÍ,SANTA FILOMENA,Cerrado,36.0,0.0,0.85,50.8,-9.3423,-45.4765
2026/05/27 02:40:00,GOES-19,Brasil,MATO GROSSO,SÃO FÉLIX DO ARAGUAIA,Amazônia,11.0,0.0,0.49,54.3,-11.3584,-52.9514
2026/05/27 02:40:00,GOES-19,Brasil,PIAUÍ,SANTA FILOMENA,Cerrado,33.0,0.0,0.91,75.3,-9.3613,-45.4744
2026/05/27 02:40:00,GOES-19,Brasil,PIAUÍ,SANTA FILOMENA,Cerrado,36.0,0.0,0.85,49.6,-9.3423,-45.4765
2026/05/27 02:40:00,GOES-19,Brasil,MINAS GERAIS,VEREDINHA,Cerrado,5.0,0.0,0.45,85.8,-17.3823,-42.698
2026/05/27 02:50:00,GOES-19,Brasil,MINAS GERAIS,VEREDINHA,Cerrado,5.0,0.0,0.45,62.5,-17.3823,-42.698
2026/05/27 02:50:00,GOES-19,Brasil,MATO GROSSO,SÃO FÉLIX DO ARAGUAIA,Amazônia,11.0,0.0,0.49,60.6,-11.3584,-52.9514
2026/05/27 02:50:00,GOES-19,Brasil,PIAUÍ,SANTA FILOMENA,Cerrado,33.0,0.0,0.91,63.0,-9.3613,-45.4744
2026/05/27 03:00:00,GOES-19,Brasil,PIAUÍ,SANTA FILOMENA,Cerrado,33.0,0.0,0.91,61.2,-9.3613,-45.4744
2026/05/27 03:00:00,GOES-19,Brasil,MATO GROSSO,SÃO FÉLIX DO ARAGUAIA,Amazônia,11.0,0.0,0.49,60.6,-11.3584,-52.9514
2026/05/27 03:10:00,GOES-19,Brasil,MATO GROSSO,SÃO FÉLIX DO ARAGUAIA,Amazônia,11.0,0.0,0.49,49.9,-11.3584,-52.9514
2026/05/27 03:10:00,GOES-19,Brasil,PIAUÍ,SANTA FILOMENA,Cerrado,36.0,0.0,0.85,45.1,-9.3423,-45.4765
2026/05/27 03:10:00,GOES-19,Brasil,PIAUÍ,SANTA FILOMENA,Cerrado,33.0,0.0,0.91,48.4,-9.3613,-45.4744
2026/05/27 03:15:00,NOAA-21,Brasil,CEARÁ,ITAREMA,Caatinga,-999.0,0.0,0.12,2.1,-2.96547,-39.92068
2026/05/27 03:15:00,NOAA-21,Brasil,CEARÁ,ITAREMA,Caatinga,-999.0,0.0,0.28,2.1,-2.96456,-39.92591
2026/05/27 03:19:00,NOAA-21,Brasil,MINAS GERAIS,VEREDINHA,Cerrado,5.0,0.0,0.45,10.5,-17.37932,-42.69839
2026/05/27 03:19:00,NOAA-21,Brasil,MINAS GERAIS,TURMALINA,Cerrado,5.0,0.0,0.45,10.5,-17.38033,-42.69372
2026/05/27 03:19:00,NOAA-21,Brasil,MINAS GERAIS,TURMALINA,Cerrado,5.0,0.0,0.45,10.5,-17.37339,-42.69716
2026/05/27 03:19:00,NOAA-21,Brasil,MINAS GERAIS,TURMALINA,Cerrado,5.0,0.0,0.45,10.5,-17.37436,-42.69266
2026/05/27 03:19:00,NOAA-21,Brasil,MINAS GERAIS,VEREDINHA,Cerrado,5.0,0.0,0.53,11.9,-17.37237,-42.70184
2026/05/27 03:19:00,NOAA-21,Brasil,MINAS GERAIS,TURMALINA,Cerrado,5.0,0.0,0.45,5.4,-17.38129,-42.68925
2026/05/27 03:19:00,NOAA-21,Brasil,MINAS GERAIS,VEREDINHA,Cerrado,5.0,0.0,0.73,11.9,-17.37133,-42.70666
2026/05/27 03:19:00,NOAA-21,Brasil,MINAS GERAIS,VEREDINHA,Cerrado,5.0,0.0,0.59,11.9,-17.37827,-42.70322
2026/05/27 03:20:00,GOES-19,Brasil,MATO GROSSO,SÃO FÉLIX DO ARAGUAIA,Amazônia,11.0,0.0,0.49,63.4,-11.3584,-52.9514
2026/05/27 03:20:00,GOES-19,Brasil,MINAS GERAIS,VEREDINHA,Cerrado,5.0,0.0,0.45,62.2,-17.3823,-42.698
2026/05/27 03:30:00,GOES-19,Brasil,TOCANTINS,MATEIROS,Cerrado,15.0,0.0,0.97,49.7,-10.6482,-46.8997
2026/05/27 03:30:00,GOES-19,Brasil,MATO GROSSO,SÃO FÉLIX DO ARAGUAIA,Amazônia,11.0,0.0,0.49,52.6,-11.3584,-52.9514
2026/05/27 03:40:00,GOES-19,Brasil,MINAS GERAIS,VEREDINHA,Cerrado,5.0,0.0,0.45,71.3,-17.3823,-42.698
2026/05/27 03:40:00,GOES-19,Brasil,TOCANTINS,MATEIROS,Cerrado,15.0,0.0,0.97,50.8,-10.6482,-46.8997
2026/05/27 03:40:00,GOES-19,Brasil,MATO GROSSO,SÃO FÉLIX DO ARAGUAIA,Amazônia,11.0,0.0,0.49,45.5,-11.3584,-52.9514
2026/05/27 03:50:00,GOES-19,Brasil,MINAS GERAIS,VEREDINHA,Cerrado,5.0,0.0,0.45,65.5,-17.3823,-42.698
2026/05/27 03:50:00,GOES-19,Brasil,TOCANTINS,MATEIROS,Cerrado,15.0,0.0,0.97,52.6,-10.6482,-46.8997
2026/05/27 03:51:00,NPP-375D,Brasil,MARANHÃO,LORETO,Cerrado,22.0,0.0,0.89,3.2,-7.0019,-45.0057
2026/05/27 03:51:00,NPP-375D,Brasil,MARANHÃO,PASTOS BONS,Cerrado,7.0,0.0,0.77,1.7,-6.73238,-44.36774
2026/05/27 03:51:00,NPP-375D,Brasil,PIAUÍ,ANTÔNIO ALMEIDA,Cerrado,27.0,0.0,0.84,10.5,-7.2373,-44.27869
2026/05/27 03:51:00,NPP-375D,Brasil,TOCANTINS,MATEIROS,Cerrado,15.0,0.0,0.97,11.7,-10.649,-46.89948
2026/05/27 03:51:00,NPP-375D,Brasil,TOCANTINS,MATEIROS,Cerrado,16.0,0.0,0.97,8.1,-10.65388,-46.90304
2026/05/27 03:51:00,NPP-375D,Brasil,PIAUÍ,SANTA FILOMENA,Cerrado,31.0,0.0,0.85,2.3,-9.3665,-45.46773
2026/05/27 03:51:00,NPP-375D,Brasil,PIAUÍ,SEBASTIÃO LEAL,Cerrado,4.0,0.0,0.91,1.3,-8.09113,-44.16819
2026/05/27 03:51:00,NPP-375D,Brasil,PARÁ,RIO MARIA,Amazônia,12.0,0.0,1.0,3.9,-7.22767,-49.59728
2026/05/27 03:51:00,NPP-375D,Brasil,BAHIA,BARREIRAS,Cerrado,2.0,0.0,0.59,3.2,-11.99711,-45.145
2026/05/27 03:51:00,NPP-375D,Brasil,TOCANTINS,MATEIROS,Cerrado,4.0,0.0,0.94,5.8,-10.75198,-46.82759
2026/05/27 03:51:00,NPP-375D,Brasil,MARANHÃO,LORETO,Cerrado,22.0,0.0,0.89,2.8,-7.00895,-44.99907
2026/05/27 03:51:00,NPP-375D,Brasil,PIAUÍ,DEMERVAL LOBÃO,Caatinga,3.0,0.1,0.27,2.5,-5.33624,-42.68436
2026/05/27 03:51:00,NPP-375D,Brasil,PIAUÍ,SANTA FILOMENA,Cerrado,31.0,0.0,0.85,2.3,-9.36713,-45.46436
2026/05/27 03:51:00,NPP-375D,Brasil,TOCANTINS,MATEIROS,Cerrado,13.0,0.0,0.96,6.3,-10.65627,-46.89084
2026/05/27 03:51:00,NPP-375D,Brasil,PIAUÍ,PORTO ALEGRE DO PIAUÍ,Cerrado,11.0,0.0,0.8,0.6,-7.13442,-44.07303
2026/05/27 03:51:00,NPP-375D,Brasil,MARANHÃO,PASSAGEM FRANCA,Cerrado,8.0,0.0,0.41,4.6,-6.30311,-43.64071
2026/05/27 03:51:00,NPP-375D,Brasil,MARANHÃO,PASSAGEM FRANCA,Cerrado,8.0,0.0,0.53,5.8,-6.29899,-43.64186
2026/05/27 03:51:00,NPP-375D,Brasil,TOCANTINS,MATEIROS,Cerrado,10.0,0.0,0.95,3.3,-10.66951,-46.88452
2026/05/27 03:51:00,NPP-375D,Brasil,TOCANTINS,GUARAÍ,Cerrado,17.0,0.0,0.56,0.7,-8.67658,-48.30379
2026/05/27 03:51:00,NPP-375D,Brasil,MARANHÃO,RIACHÃO,Cerrado,9.0,0.0,0.89,5.2,-7.59689,-46.46711
2026/05/27 03:51:00,NPP-375D,Brasil,MARANHÃO,RIACHÃO,Cerrado,9.0,0.0,0.89,3.2,-7.59768,-46.46279
2026/05/27 03:51:00,NPP-375D,Brasil,MARANHÃO,TASSO FRAGOSO,Cerrado,32.0,0.0,0.79,7.7,-8.54523,-45.97889
2026/05/27 03:51:00,NPP-375D,Brasil,MARANHÃO,MIRADOR,Cerrado,9.0,0.0,0.65,4.7,-6.19103,-44.86516
2026/05/27 03:51:00,NPP-375D,Brasil,BAHIA,FORMOSA DO RIO PRETO,Cerrado,34.0,0.0,1.0,1.2,-10.97067,-45.09131
2026/05/27 03:51:00,NPP-375D,Brasil,MARANHÃO,TASSO FRAGOSO,Cerrado,32.0,0.0,0.78,1.7,-8.60435,-46.00716
2026/05/27 03:51:00,NPP-375D,Brasil,TOCANTINS,APARECIDA DO RIO NEGRO,Cerrado,31.0,0.0,0.58,1.0,-9.89819,-47.86108
2026/05/27 03:51:00,NPP-375D,Brasil,PIAUÍ,SANTA FILOMENA,Cerrado,32.0,0.0,0.83,2.0,-9.36175,-45.46325
2026/05/27 03:51:00,NPP-375D,Brasil,TOCANTINS,MATEIROS,Cerrado,17.0,0.0,0.97,16.2,-10.64727,-46.90609
2026/05/27 03:51:00,NPP-375D,Brasil,MARANHÃO,PASSAGEM FRANCA,Cerrado,8.0,0.0,0.62,4.6,-6.29807,-43.63981
2026/05/27 03:51:00,NPP-375D,Brasil,PIAUÍ,SANTA FILOMENA,Cerrado,33.0,0.0,0.83,4.5,-9.36049,-45.47004
2026/05/27 03:51:00,NPP-375D,Brasil,TOCANTINS,MATEIROS,Cerrado,14.0,0.0,0.96,6.3,-10.65547,-46.89494
2026/05/27 03:51:00,NPP-375D,Brasil,MARANHÃO,PASSAGEM FRANCA,Cerrado,8.0,0.0,0.46,1.8,-6.30363,-43.6378
2026/05/27 03:51:00,NPP-375D,Brasil,TOCANTINS,PORTO ALEGRE DO TOCANTINS,Cerrado,4.0,0.0,0.63,0.5,-11.57564,-47.11032
2026/05/27 03:51:00,NPP-375D,Brasil,MARANHÃO,MIRADOR,Cerrado,9.0,0.0,0.65,3.7,-6.18514,-44.86532
2026/05/27 03:51:00,NPP-375D,Brasil,TOCANTINS,MATEIROS,Cerrado,13.0,0.0,0.96,9.5,-10.66208,-46.89185
2026/05/27 03:51:00,NPP-375D,Brasil,MARANHÃO,CAPINZAL DO NORTE,Cerrado,9.0,0.0,0.06,0.4,-4.60261,-44.29615
2026/05/27 03:51:00,NPP-375D,Brasil,BAHIA,FORMOSA DO RIO PRETO,Cerrado,4.0,0.0,1.0,3.6,-11.13413,-45.14235
2026/05/27 03:51:00,NPP-375D,Brasil,PIAUÍ,SEBASTIÃO LEAL,Cerrado,4.0,0.0,0.91,1.3,-8.08607,-44.16726
2026/05/27 03:51:00,NPP-375D,Brasil,PIAUÍ,FLORIANO,Caatinga,24.0,0.0,0.99,3.4,-6.9957,-42.88498
2026/05/27 03:51:00,NPP-375D,Brasil,MARANHÃO,RIACHÃO,Cerrado,9.0,0.0,0.94,0.8,-7.35581,-46.21489
2026/05/27 03:51:00,NPP-375D,Brasil,MARANHÃO,RIACHÃO,Cerrado,9.0,0.0,0.89,5.6,-7.59994,-46.46488
2026/05/27 03:51:00,NPP-375D,Brasil,MARANHÃO,PASTOS BONS,Cerrado,8.0,0.0,0.76,1.7,-6.72712,-44.36685
2026/05/27 03:51:00,NPP-375D,Brasil,BAHIA,FORMOSA DO RIO PRETO,Cerrado,4.0,0.0,1.0,8.5,-11.13927,-45.14321
2026/05/27 03:51:00,NPP-375D,Brasil,PIAUÍ,SANTA FILOMENA,Cerrado,36.0,0.0,0.84,5.5,-9.34241,-45.4771
2026/05/27 03:51:00,NPP-375D,Brasil,BAHIA,SANTA RITA DE CÁSSIA,Cerrado,4.0,0.0,0.94,1.2,-10.9517,-44.18159
2026/05/27 03:51:00,NPP-375D,Brasil,MARANHÃO,PASTOS BONS,Cerrado,8.0,0.0,0.77,1.7,-6.73177,-44.37115
2026/05/27 03:51:00,NPP-375D,Brasil,TOCANTINS,PORTO ALEGRE DO TOCANTINS,Cerrado,4.0,0.0,0.8,0.9,-11.56991,-47.10897
2026/05/27 03:51:00,NPP-375D,Brasil,MARANHÃO,MIRADOR,Cerrado,9.0,0.0,0.65,6.1,-6.18997,-44.86986
2026/05/27 03:51:00,NPP-375D,Brasil,BAHIA,SEABRA,Caatinga,3.0,0.0,-999.0,0.4,-12.42668,-41.784
2026/05/27 03:51:00,NPP-375D,Brasil,MARANHÃO,TASSO FRAGOSO,Cerrado,32.0,0.0,0.79,8.6,-8.54963,-45.97731
2026/05/27 03:51:00,NPP-375D,Brasil,TOCANTINS,DIVINÓPOLIS DO TOCANTINS,Cerrado,12.0,0.0,0.76,1.1,-9.74901,-49.21471
2026/05/27 03:51:00,NPP-375D,Brasil,PIAUÍ,SEBASTIÃO LEAL,Cerrado,4.0,0.0,0.91,1.5,-8.09061,-44.17113
2026/05/27 03:51:00,NPP-375D,Brasil,MARANHÃO,LORETO,Cerrado,22.0,0.0,0.89,3.2,-7.00794,-45.00336
2026/05/27 03:51:00,NPP-375D,Brasil,MARANHÃO,TASSO FRAGOSO,Cerrado,32.0,0.0,0.79,5.5,-8.55012,-45.98397
2026/05/27 03:51:00,NPP-375D,Brasil,MARANHÃO,LORETO,Cerrado,22.0,0.0,0.89,3.8,-7.01307,-45.00728
2026/05/27 03:51:00,NPP-375D,Brasil,MARANHÃO,LORETO,Cerrado,22.0,0.0,0.89,2.8,-7.00959,-44.99559
2026/05/27 03:51:00,NPP-375D,Brasil,TOCANTINS,MATEIROS,Cerrado,6.0,0.0,0.92,1.4,-10.70798,-46.8716
2026/05/27 03:51:00,NPP-375D,Brasil,MARANHÃO,TASSO FRAGOSO,Cerrado,32.0,0.0,0.78,2.5,-8.60935,-46.01183
2026/05/27 03:51:00,NPP-375D,Brasil,TOCANTINS,MATEIROS,Cerrado,4.0,0.0,0.93,5.2,-10.75119,-46.83158
2026/05/27 03:51:00,NPP-375D,Brasil,PIAUÍ,SANTA FILOMENA,Cerrado,36.0,0.0,0.85,5.5,-9.34305,-45.47367
2026/05/27 03:51:00,NPP-375D,Brasil,MARANHÃO,LORETO,Cerrado,22.0,0.0,0.89,3.2,-7.00856,-44.99987
2026/05/27 03:51:00,NPP-375D,Brasil,BAHIA,SEABRA,Caatinga,3.0,0.0,1.0,0.9,-12.42608,-41.78743
2026/05/27 03:51:00,NPP-375D,Brasil,MARANHÃO,TASSO FRAGOSO,Cerrado,32.0,0.0,0.79,7.7,-8.55085,-45.98015
2026/05/27 03:51:00,NPP-375D,Brasil,PIAUÍ,ANTÔNIO ALMEIDA,Cerrado,28.0,0.0,0.84,1.4,-7.25227,-44.28469
2026/05/27 03:51:00,NPP-375D,Brasil,MARANHÃO,MIRADOR,Cerrado,9.0,0.0,0.65,6.9,-6.19039,-44.86885
2026/05/27 03:51:00,NPP-375D,Brasil,BAHIA,BARREIRAS,Cerrado,2.0,0.0,0.71,2.5,-12.00271,-45.14305
2026/05/27 03:51:00,NPP-375D,Brasil,TOCANTINS,MATEIROS,Cerrado,15.0,0.0,0.97,8.1,-10.64889,-46.89786
2026/05/27 03:51:00,NPP-375D,Brasil,BAHIA,BARREIRAS,Cerrado,2.0,0.0,0.67,3.2,-12.00214,-45.14602
2026/05/27 03:51:00,NPP-375D,Brasil,TOCANTINS,DIVINÓPOLIS DO TOCANTINS,Cerrado,12.0,0.0,0.7,1.1,-9.74225,-49.21345
2026/05/27 03:51:00,NPP-375D,Brasil,PIAUÍ,SANTA FILOMENA,Cerrado,34.0,0.0,0.87,4.5,-9.35447,-45.47237
2026/05/27 03:51:00,NPP-375D,Brasil,PIAUÍ,ANTÔNIO ALMEIDA,Cerrado,28.0,0.0,0.84,10.5,-7.24247,-44.27969
2026/05/27 03:51:00,NPP-375D,Brasil,TOCANTINS,MATEIROS,Cerrado,18.0,0.0,0.97,13.3,-10.64667,-46.91174
2026/05/27 03:51:00,NPP-375D,Brasil,TOCANTINS,MATEIROS,Cerrado,16.0,0.0,0.97,8.1,-10.64808,-46.90199
2026/05/27 03:51:00,NPP-375D,Brasil,MARANHÃO,LORETO,Cerrado,22.0,0.0,0.89,3.8,-7.00831,-45.00254
2026/05/27 03:51:00,NPP-375D,Brasil,PIAUÍ,SANTA FILOMENA,Cerrado,34.0,0.0,0.83,4.5,-9.3551,-45.46896
2026/05/27 03:51:00,NPP-375D,Brasil,MARANHÃO,BALSAS,Cerrado,34.0,0.0,0.97,1.0,-8.91691,-46.84013
2026/05/27 03:51:00,NPP-375D,Brasil,TOCANTINS,GUARAÍ,Cerrado,16.0,0.0,0.45,0.7,-8.68309,-48.30505
2026/05/27 03:51:00,NPP-375D,Brasil,MARANHÃO,MIRADOR,Cerrado,9.0,0.0,0.65,3.7,-6.19064,-44.86617
2026/05/27 03:51:00,NPP-375D,Brasil,PIAUÍ,SIMPLÍCIO MENDES,Caatinga,28.0,0.0,1.0,1.4,-7.82767,-42.04039
2026/05/27 03:51:00,NPP-375D,Brasil,TOCANTINS,MATEIROS,Cerrado,15.0,0.0,0.97,8.1,-10.65467,-46.89899
2026/05/27 03:51:00,NPP-375D,Brasil,MARANHÃO,PASTOS BONS,Cerrado,8.0,0.0,0.76,1.7,-6.72652,-44.3702
2026/05/27 03:51:00,NPP-375D,Brasil,PIAUÍ,SANTA FILOMENA,Cerrado,35.0,0.0,0.84,7.2,-9.34908,-45.4713
2026/05/27 03:51:00,NPP-375D,Brasil,MARANHÃO,LORETO,Cerrado,22.0,0.0,0.89,3.2,-7.00917,-44.99639
2026/05/27 03:51:00,NPP-375D,Brasil,MARANHÃO,MIRADOR,Cerrado,9.0,0.0,0.65,1.7,-6.18489,-44.86799
2026/05/27 03:51:00,NPP-375D,Brasil,MARANHÃO,TIMON,Cerrado,11.0,0.0,0.24,1.8,-5.30496,-43.05376
2026/05/27 03:51:00,NPP-375D,Brasil,MARANHÃO,TASSO FRAGOSO,Cerrado,32.0,0.0,0.77,2.8,-8.61009,-46.00785
2026/05/27 03:51:00,NPP-375D,Brasil,TOCANTINS,MATEIROS,Cerrado,4.0,0.0,0.93,3.8,-10.75773,-46.82872
2026/05/27 03:51:00,NPP-375D,Brasil,MARANHÃO,LORETO,Cerrado,23.0,0.0,0.89,1.9,-7.01272,-45.00815
2026/05/27 03:51:00,NPP-375D,Brasil,PIAUÍ,SIMPLÍCIO MENDES,Caatinga,28.0,0.0,1.0,1.4,-7.82328,-42.03958
2026/05/27 03:51:00,NPP-375D,Brasil,PIAUÍ,PORTO ALEGRE DO PIAUÍ,Cerrado,11.0,0.0,0.81,0.6,-7.14009,-44.07079
2026/05/27 03:51:00,NPP-375D,Brasil,PARÁ,RIO MARIA,Amazônia,12.0,0.0,1.0,2.4,-7.22898,-49.5993
2026/05/27 03:51:00,NPP-375D,Brasil,TOCANTINS,MATEIROS,Cerrado,4.0,0.0,0.95,3.2,-10.52363,-46.90092
2026/05/27 03:51:00,NPP-375D,Brasil,BAHIA,COTEGIPE,Cerrado,4.0,0.0,0.88,1.0,-11.73907,-44.51542
2026/05/27 03:51:00,NPP-375D,Brasil,MARANHÃO,PASSAGEM FRANCA,Cerrado,8.0,0.0,0.58,5.8,-6.29949,-43.63895
2026/05/27 03:51:00,NPP-375D,Brasil,BAHIA,FORMOSA DO RIO PRETO,Cerrado,4.0,0.0,1.0,3.6,-11.13356,-45.14534
2026/05/27 03:51:00,NPP-375D,Brasil,TOCANTINS,MATEIROS,Cerrado,4.0,0.0,0.93,2.1,-10.75758,-46.83108
2026/05/27 03:51:00,NPP-375D,Brasil,TOCANTINS,MATEIROS,Cerrado,4.0,0.0,0.94,2.1,-10.75836,-46.82699
2026/05/27 03:51:00,NPP-375D,Brasil,MARANHÃO,PASSAGEM FRANCA,Cerrado,8.0,0.0,0.55,4.6,-6.29756,-43.64271
2026/05/27 03:51:00,NPP-375D,Brasil,TOCANTINS,APARECIDA DO RIO NEGRO,Cerrado,30.0,0.0,0.57,1.0,-9.89728,-47.86576
2026/05/27 03:51:00,NPP-375D,Brasil,BAHIA,TUCANO,Caatinga,12.0,0.0,1.0,0.6,-11.11566,-38.62146
2026/05/27 03:51:00,NPP-375D,Brasil,MARANHÃO,LORETO,Cerrado,22.0,0.0,0.89,3.2,-7.00252,-45.00217
2026/05/27 03:51:00,NPP-375D,Brasil,MARANHÃO,RIACHÃO,Cerrado,9.0,0.0,0.91,5.6,-7.5932,-46.46805
2026/05/27 03:51:00,NPP-375D,Brasil,MARANHÃO,TASSO FRAGOSO,Cerrado,32.0,0.0,0.79,8.6,-8.54893,-45.98117
2026/05/27 03:51:00,NPP-375D,Brasil,BAHIA,FORMOSA DO RIO PRETO,Cerrado,4.0,0.0,1.0,8.5,-11.13869,-45.14626
2026/05/27 03:51:00,NPP-375D,Brasil,MARANHÃO,COLINAS,Cerrado,8.0,0.0,0.61,0.8,-6.0753,-44.01209
2026/05/27 03:51:00,NPP-375D,Brasil,MARANHÃO,RIACHÃO,Cerrado,9.0,0.0,0.89,5.6,-7.59912,-46.4692
2026/05/27 03:51:00,NPP-375D,Brasil,BAHIA,FORMOSA DO RIO PRETO,Cerrado,4.0,0.0,1.0,15.0,-11.13809,-45.14944
2026/05/27 03:51:00,NPP-375D,Brasil,TOCANTINS,MATEIROS,Cerrado,14.0,0.0,0.97,8.2,-10.65555,-46.89655
2026/05/27 03:51:00,NPP-375D,Brasil,MARANHÃO,RIACHÃO,Cerrado,8.0,0.0,0.96,0.8,-7.35503,-46.21906
2026/05/27 03:51:00,NPP-375D,Brasil,MARANHÃO,MIRADOR,Cerrado,9.0,0.0,0.64,1.6,-6.18553,-44.86429
2026/05/27 03:51:00,NPP-375D,Brasil,MARANHÃO,COLINAS,Cerrado,8.0,0.0,0.61,3.4,-6.08149,-44.00724
2026/05/27 03:51:00,NPP-375D,Brasil,MARANHÃO,LAGOA DO MATO,Cerrado,12.0,0.0,0.83,5.7,-5.95137,-43.48839
2026/05/27 03:51:00,NPP-375D,Brasil,PIAUÍ,PORTO ALEGRE DO PIAUÍ,Cerrado,11.0,0.0,0.8,0.6,-7.13498,-44.06982
2026/05/27 03:51:00,NPP-375D,Brasil,TOCANTINS,MATEIROS,Cerrado,4.0,0.0,0.95,0.8,-10.52836,-46.90173
2026/05/27 03:51:00,NPP-375D,Brasil,BAHIA,VALENTE,Caatinga,3.0,0.0,1.0,0.9,-11.41262,-39.52956
2026/05/27 03:51:00,NPP-375D,Brasil,MARANHÃO,PASTOS BONS,Cerrado,8.0,0.0,0.77,1.9,-6.73699,-44.37227
2026/05/27 03:51:00,NPP-375D,Brasil,TOCANTINS,MATEIROS,Cerrado,16.0,0.0,0.97,11.7,-10.64821,-46.90361
2026/05/27 03:51:00,NPP-375D,Brasil,MARANHÃO,BALSAS,Cerrado,34.0,0.0,0.89,1.0,-8.91609,-46.84438
2026/05/27 03:51:00,NPP-375D,Brasil,MARANHÃO,TASSO FRAGOSO,Cerrado,32.0,0.0,0.79,6.9,-8.54821,-45.98509
2026/05/27 03:51:00,NPP-375D,Brasil,TOCANTINS,MATEIROS,Cerrado,12.0,0.0,0.96,2.9,-10.6571,-46.88833
2026/05/27 03:51:00,NPP-375D,Brasil,MARANHÃO,COLINAS,Cerrado,8.0,0.0,0.61,3.4,-6.08666,-44.00823
2026/05/27 03:51:00,NPP-375D,Brasil,TOCANTINS,GUARAÍ,Cerrado,16.0,0.0,0.53,1.5,-8.6768,-48.30773
2026/05/27 03:51:00,NPP-375D,Brasil,MARANHÃO,RIACHÃO,Cerrado,8.0,0.0,0.89,2.3,-7.60075,-46.46057
2026/05/27 03:51:00,NPP-375D,Brasil,PIAUÍ,FLORIANO,Caatinga,24.0,0.0,0.99,4.0,-6.99482,-42.89
2026/05/27 03:51:00,NPP-375D,Brasil,MARANHÃO,RIACHÃO,Cerrado,9.0,0.0,0.88,5.2,-7.60281,-46.46827
2026/05/27 03:51:00,NPP-375D,Brasil,TOCANTINS,MATEIROS,Cerrado,16.0,0.0,0.97,11.7,-10.65478,-46.9006
2026/05/27 03:51:00,NPP-375D,Brasil,BAHIA,FORMOSA DO RIO PRETO,Cerrado,34.0,0.0,1.0,0.8,-10.97123,-45.08826
2026/05/27 03:51:00,NPP-375D,Brasil,MARANHÃO,LAGOA DO MATO,Cerrado,12.0,0.0,0.83,11.3,-5.95638,-43.4893
2026/05/27 03:51:00,NPP-375D,Brasil,MARANHÃO,COLINAS,Cerrado,8.0,0.0,0.61,3.4,-6.08719,-44.00516
2026/05/27 03:51:00,NPP-375D,Brasil,MARANHÃO,COLINAS,Cerrado,8.0,0.0,0.61,8.1,-6.08098,-44.01017
2026/05/27 03:51:00,NPP-375D,Brasil,PIAUÍ,FLORIANO,Caatinga,24.0,0.0,0.99,0.9,-7.00042,-42.88588
2026/05/27 03:51:00,NPP-375D,Brasil,BAHIA,FORMOSA DO RIO PRETO,Cerrado,34.0,0.0,1.0,1.2,-10.9701,-45.09436
2026/05/27 03:51:00,NPP-375D,Brasil,MARANHÃO,PASSAGEM FRANCA,Cerrado,8.0,0.0,0.64,1.8,-6.29859,-43.63692
2026/05/27 03:51:00,NPP-375D,Brasil,TOCANTINS,MATEIROS,Cerrado,4.0,0.0,0.95,2.5,-10.52256,-46.90062
2026/05/27 03:51:00,NPP-375D,Brasil,MARANHÃO,RIACHÃO,Cerrado,8.0,0.0,0.89,3.2,-7.6036,-46.46396
2026/05/27 03:51:00,NPP-375D,Brasil,BAHIA,BARREIRAS,Cerrado,2.0,0.0,0.69,2.3,-11.99767,-45.14203
2026/05/27 03:51:00,NPP-375D,Brasil,PIAUÍ,ANTÔNIO ALMEIDA,Cerrado,28.0,0.0,0.88,8.0,-7.24302,-44.27652
2026/05/27 03:51:00,NPP-375D,Brasil,MARANHÃO,COLINAS,Cerrado,8.0,0.0,0.61,8.1,-6.08047,-44.01311
2026/05/27 03:51:00,NPP-375D,Brasil,PIAUÍ,SANTA FILOMENA,Cerrado,35.0,0.0,0.87,5.5,-9.3478,-45.47815
2026/05/27 03:51:00,NPP-375D,Brasil,MARANHÃO,TASSO FRAGOSO,Cerrado,32.0,0.0,0.79,5.5,-8.54447,-45.98288
2026/05/27 03:51:00,NPP-375D,Brasil,PIAUÍ,PORTO ALEGRE DO PIAUÍ,Cerrado,11.0,0.0,0.8,0.6,-7.13952,-44.07402
2026/05/27 03:51:00,NPP-375D,Brasil,PIAUÍ,SANTA FILOMENA,Cerrado,33.0,0.0,0.83,2.0,-9.36112,-45.46663
2026/05/27 03:51:00,NPP-375D,Brasil,MARANHÃO,MIRADOR,Cerrado,9.0,0.0,0.65,0.6,-6.19614,-44.86702
2026/05/27 03:51:00,NPP-375D,Brasil,TOCANTINS,MATEIROS,Cerrado,17.0,0.0,1.0,1.3,-10.69033,-46.34319
2026/05/27 03:51:00,NPP-375D,Brasil,TOCANTINS,MATEIROS,Cerrado,17.0,0.0,0.97,13.3,-10.64744,-46.90769
2026/05/27 03:51:00,NPP-375D,Brasil,MARANHÃO,TASSO FRAGOSO,Cerrado,32.0,0.0,0.78,2.0,-8.60366,-46.01091
2026/05/27 03:51:00,NPP-375D,Brasil,TOCANTINS,MATEIROS,Cerrado,12.0,0.0,0.96,3.3,-10.6629,-46.88765
2026/05/27 03:51:00,NPP-375D,Brasil,TOCANTINS,MATEIROS,Cerrado,4.0,0.0,0.93,3.7,-10.75183,-46.82995
2026/05/27 03:51:00,NPP-375D,Brasil,PIAUÍ,SEBASTIÃO LEAL,Cerrado,4.0,0.0,0.91,1.5,-8.08555,-44.17019
2026/05/27 03:51:00,NPP-375D,Brasil,PIAUÍ,SEBASTIÃO LEAL,Cerrado,4.0,0.0,0.91,1.3,-8.09166,-44.16527
2026/05/27 03:51:00,NPP-375D,Brasil,PIAUÍ,SANTA FILOMENA,Cerrado,35.0,0.0,0.86,5.5,-9.34844,-45.47472
2026/05/27 03:51:00,NPP-375D,Brasil,MARANHÃO,TASSO FRAGOSO,Cerrado,32.0,0.0,0.77,2.8,-8.61084,-46.00381
2026/05/27 03:51:00,NPP-375D,Brasil,MARANHÃO,BALSAS,Cerrado,34.0,0.0,0.94,1.7,-8.91377,-46.84073
2026/05/27 03:51:00,NPP-375D,Brasil,MARANHÃO,RIACHÃO,Cerrado,10.0,0.0,0.92,5.4,-7.59238,-46.47237
2026/05/27 03:51:00,NPP-375D,Brasil,MARANHÃO,CAPINZAL DO NORTE,Cerrado,9.0,0.0,0.06,0.4,-4.60321,-44.29271
2026/05/27 03:51:00,NPP-375D,Brasil,TOCANTINS,MATEIROS,Cerrado,4.0,0.0,0.94,3.7,-10.75261,-46.82587
2026/05/27 03:51:00,NPP-375D,Brasil,TOCANTINS,MATEIROS,Cerrado,18.0,0.0,0.97,16.2,-10.64647,-46.91013
2026/05/27 03:51:00,NPP-375D,Brasil,PARÁ,RIO MARIA,Amazônia,12.0,0.0,1.0,1.6,-7.22178,-49.59808
2026/05/27 03:51:00,NPP-375D,Brasil,PIAUÍ,ANTÔNIO ALMEIDA,Cerrado,29.0,0.0,0.88,0.4,-7.24819,-44.27747
2026/05/27 03:51:00,NPP-375D,Brasil,MARANHÃO,RIACHÃO,Cerrado,9.0,0.0,0.89,5.2,-7.5961,-46.47144
2026/05/27 03:51:00,NPP-375D,Brasil,TOCANTINS,MATEIROS,Cerrado,6.0,0.0,0.92,1.2,-10.70719,-46.87571
2026/05/27 03:51:00,NPP-375D,Brasil,TOCANTINS,CAMPOS LINDOS,Cerrado,16.0,0.0,0.67,3.2,-8.38051,-46.82953
2026/05/27 03:51:00,NPP-375D,Brasil,PIAUÍ,SANTA FILOMENA,Cerrado,34.0,0.0,0.92,5.6,-9.35383,-45.47578
2026/05/27 03:51:00,NPP-375D,Brasil,TOCANTINS,MATEIROS,Cerrado,13.0,0.0,0.96,8.2,-10.65632,-46.89246
2026/05/27 03:53:00,NPP-375D,Brasil,TOCANTINS,SÃO SALVADOR DO TOCANTINS,Cerrado,4.0,0.0,0.7,2.0,-12.51443,-48.28157
2026/05/27 03:53:00,NPP-375D,Brasil,GOIÁS,NIQUELÂNDIA,Cerrado,4.0,0.0,0.95,0.9,-14.63382,-47.90723
2026/05/27 03:53:00,NPP-375D,Brasil,TOCANTINS,DIANÓPOLIS,Cerrado,4.0,0.0,0.71,2.8,-11.82839,-47.09941
2026/05/27 03:53:00,NPP-375D,Brasil,BAHIA,BARREIRAS,Cerrado,2.0,0.0,0.75,3.8,-12.00632,-45.34731
2026/05/27 03:53:00,NPP-375D,Brasil,BAHIA,JABORANDI,Cerrado,4.0,0.07,0.95,3.1,-14.17191,-45.45027
2026/05/27 03:53:00,NPP-375D,Brasil,MINAS GERAIS,TURMALINA,Cerrado,5.0,0.0,0.45,12.7,-17.3735,-42.68848
2026/05/27 03:53:00,NPP-375D,Brasil,TOCANTINS,CONCEIÇÃO DO TOCANTINS,Cerrado,4.0,0.0,0.96,3.2,-12.40752,-47.49404
2026/05/27 03:53:00,NPP-375D,Brasil,TOCANTINS,SÃO VALÉRIO,Cerrado,22.0,0.0,0.9,1.6,-11.54844,-48.27321
2026/05/27 03:53:00,NPP-375D,Brasil,GOIÁS,TROMBAS,Cerrado,4.0,0.0,1.0,2.5,-13.27847,-48.86499
2026/05/27 03:53:00,NPP-375D,Brasil,BAHIA,JABORANDI,Cerrado,4.0,0.07,0.96,2.0,-14.17081,-45.4534
2026/05/27 03:53:00,NPP-375D,Brasil,BAHIA,BARREIRAS,Cerrado,2.0,0.0,0.75,1.9,-12.00896,-45.34553
2026/05/27 03:53:00,NPP-375D,Brasil,MINAS GERAIS,TURMALINA,Cerrado,4.0,0.0,0.45,26.7,-17.37164,-42.69879
2026/05/27 03:53:00,NPP-375D,Brasil,TOCANTINS,NATIVIDADE,Cerrado,4.0,0.0,0.61,2.1,-11.58999,-47.45131
2026/05/27 03:53:00,NPP-375D,Brasil,TOCANTINS,NATIVIDADE,Cerrado,3.0,0.0,0.61,1.3,-11.59123,-47.45687
2026/05/27 03:53:00,NPP-375D,Brasil,MINAS GERAIS,VEREDINHA,Cerrado,5.0,0.0,0.52,25.5,-17.37479,-42.70154
2026/05/27 03:53:00,NPP-375D,Brasil,BAHIA,BARREIRAS,Cerrado,2.0,0.0,0.75,1.9,-12.00955,-45.34248
2026/05/27 03:53:00,NPP-375D,Brasil,TOCANTINS,NATIVIDADE,Cerrado,4.0,0.0,0.61,2.1,-11.58919,-47.45525
2026/05/27 03:53:00,NPP-375D,Brasil,TOCANTINS,TAGUATINGA,Cerrado,4.0,0.0,0.8,1.7,-12.46317,-46.52666
2026/05/27 03:53:00,NPP-375D,Brasil,BAHIA,BARREIRAS,Cerrado,2.0,0.0,0.75,0.9,-12.00689,-45.34424
2026/05/27 03:53:00,NPP-375D,Brasil,BAHIA,JABORANDI,Cerrado,4.0,0.1,0.99,1.9,-14.154,-45.2736
2026/05/27 03:53:00,NPP-375D,Brasil,MINAS GERAIS,TURMALINA,Cerrado,5.0,0.0,0.45,12.7,-17.37743,-42.68917
2026/05/27 03:53:00,NPP-375D,Brasil,TOCANTINS,SÃO VALÉRIO,Cerrado,23.0,0.0,0.98,2.3,-11.54496,-48.271
2026/05/27 03:53:00,NPP-375D,Brasil,BAHIA,BARREIRAS,Cerrado,2.0,0.0,0.74,0.9,-12.01257,-45.34221
2026/05/27 03:53:00,NPP-375D,Brasil,MINAS GERAIS,TURMALINA,Cerrado,5.0,0.0,0.45,12.7,-17.37257,-42.69361
2026/05/27 03:53:00,NPP-375D,Brasil,GOIÁS,CAVALCANTE,Cerrado,4.0,0.0,0.88,1.6,-13.57633,-47.54294
2026/05/27 03:53:00,NPP-375D,Brasil,TOCANTINS,SÃO SALVADOR DO TOCANTINS,Cerrado,4.0,0.0,0.7,1.5,-12.51538,-48.27687
2026/05/27 03:53:00,NPP-375D,Brasil,MINAS GERAIS,TURMALINA,Cerrado,5.0,0.0,0.45,12.7,-17.3765,-42.69431
2026/05/27 03:53:00,NPP-375D,Brasil,GOIÁS,ALTO PARAÍSO DE GOIÁS,Cerrado,4.0,0.0,0.91,0.7,-14.12899,-47.74125
2026/05/27 03:53:00,NPP-375D,Brasil,MINAS GERAIS,TURMALINA,Cerrado,5.0,0.0,0.45,0.8,-17.36771,-42.69805
2026/05/27 03:53:00,NPP-375D,Brasil,TOCANTINS,NATIVIDADE,Cerrado,4.0,0.0,0.61,0.7,-11.59194,-47.45328
2026/05/27 03:53:00,NPP-375D,Brasil,TOCANTINS,NATIVIDADE,Cerrado,4.0,0.0,0.59,0.7,-11.59275,-47.4491
2026/05/27 03:53:00,NPP-375D,Brasil,BAHIA,SÃO DESIDÉRIO,Cerrado,4.0,0.0,0.93,1.6,-12.82758,-44.83516
2026/05/27 03:53:00,NPP-375D,Brasil,TOCANTINS,NATIVIDADE,Cerrado,4.0,0.0,0.6,1.1,-11.58605,-47.45208
2026/05/27 03:53:00,NPP-375D,Brasil,TOCANTINS,FORMOSO DO ARAGUAIA,Cerrado,4.0,0.0,0.66,0.7,-11.95269,-49.3056
2026/05/27 03:53:00,NPP-375D,Brasil,GOIÁS,ALTO PARAÍSO DE GOIÁS,Cerrado,4.0,0.0,0.96,1.5,-14.13299,-47.74827
2026/05/27 03:53:00,NPP-375D,Brasil,GOIÁS,ALTO PARAÍSO DE GOIÁS,Cerrado,4.0,0.0,0.93,0.7,-14.13376,-47.74706
2026/05/27 03:53:00,NPP-375D,Brasil,GOIÁS,NIQUELÂNDIA,Cerrado,4.0,0.0,0.99,0.9,-14.63953,-47.90887
2026/05/27 03:53:00,NPP-375D,Brasil,GOIÁS,NIQUELÂNDIA,Cerrado,4.0,0.0,0.95,0.9,-14.6338,-47.90762
2026/05/27 03:53:00,NPP-375D,Brasil,GOIÁS,TROMBAS,Cerrado,4.0,0.0,1.0,2.9,-13.28468,-48.86635
2026/05/27 03:53:00,NPP-375D,Brasil,TOCANTINS,SÃO VALÉRIO,Cerrado,22.0,0.0,0.96,1.6,-11.54223,-48.27201
2026/05/27 03:53:00,NPP-375D,Brasil,BAHIA,BARREIRAS,Cerrado,2.0,0.0,0.75,3.0,-12.00836,-45.34859
2026/05/27 03:53:00,NPP-375D,Brasil,MINAS GERAIS,TURMALINA,Cerrado,5.0,0.0,0.45,19.0,-17.37673,-42.69115
2026/05/27 03:53:00,NPP-375D,Brasil,TOCANTINS,FORMOSO DO ARAGUAIA,Cerrado,4.0,0.0,0.66,0.7,-11.94623,-49.30389
2026/05/27 03:53:00,NPP-375D,Brasil,MINAS GERAIS,VEREDINHA,Cerrado,5.0,0.0,0.45,26.7,-17.37556,-42.69954
2026/05/27 03:53:00,NPP-375D,Brasil,TOCANTINS,CONCEIÇÃO DO TOCANTINS,Cerrado,4.0,0.0,0.66,1.4,-12.06199,-47.33777
2026/05/27 03:53:00,NPP-375D,Brasil,BAHIA,JABORANDI,Cerrado,4.0,0.1,0.99,3.1,-14.15887,-45.27464
2026/05/27 03:53:00,NPP-375D,Brasil,TOCANTINS,SÃO SALVADOR DO TOCANTINS,Cerrado,4.0,0.0,0.7,2.2,-12.51477,-48.27938
2026/05/27 03:53:00,NPP-375D,Brasil,TOCANTINS,SÃO VALÉRIO,Cerrado,24.0,0.0,0.9,1.7,-11.55215,-48.26725
2026/05/27 03:53:00,NPP-375D,Brasil,MINAS GERAIS,TURMALINA,Cerrado,5.0,0.0,0.45,25.5,-17.37577,-42.69629
2026/05/27 03:53:00,NPP-375D,Brasil,GOIÁS,NIQUELÂNDIA,Cerrado,4.0,0.0,0.98,0.9,-14.63954,-47.90848
2026/05/27 03:53:00,NPP-375D,Brasil,TOCANTINS,SÃO VALÉRIO,Cerrado,24.0,0.0,0.92,1.6,-11.54945,-48.2683
2026/05/27 03:53:00,NPP-375D,Brasil,BAHIA,BARREIRAS,Cerrado,2.0,0.0,0.74,0.9,-12.012,-45.34528
2026/05/27 03:55:00,NPP-375D,Brasil,MINAS GERAIS,PERDIZES,Cerrado,4.0,0.0,0.52,3.5,-19.18278,-47.36276
2026/05/27 03:55:00,NPP-375D,Brasil,MINAS GERAIS,PERDIZES,Cerrado,4.0,0.0,0.64,5.7,-19.18493,-47.36413
2026/05/27 03:55:00,NPP-375D,Brasil,MINAS GERAIS,PERDIZES,Cerrado,4.0,0.0,0.63,0.8,-19.18848,-47.3609
2026/05/27 03:55:00,NPP-375D,Brasil,MINAS GERAIS,PERDIZES,Cerrado,4.0,0.0,0.38,1.9,-19.18341,-47.35973
2026/05/27 03:55:00,NPP-375D,Brasil,MINAS GERAIS,PERDIZES,Cerrado,4.0,0.0,0.48,5.3,-19.18559,-47.36107
2026/05/27 03:55:00,NPP-375D,Brasil,MINAS GERAIS,PERDIZES,Cerrado,4.0,0.0,0.41,3.5,-19.1777,-47.36161
2026/05/27 03:55:00,NPP-375D,Brasil,MINAS GERAIS,PERDIZES,Cerrado,4.0,0.0,0.52,0.4,-19.17261,-47.36052
2026/05/27 03:55:00,NPP-375D,Brasil,MINAS GERAIS,PERDIZES,Cerrado,4.0,0.0,0.4,1.9,-19.17833,-47.35856
2026/05/27 03:55:00,NPP-375D,Brasil,MINAS GERAIS,PERDIZES,Cerrado,4.0,0.0,0.74,1.9,-19.18785,-47.36397
2026/05/27 03:55:00,NPP-375D,Brasil,MINAS GERAIS,VAZANTE,Cerrado,4.0,0.0,0.97,1.1,-18.06991,-46.8771
2026/05/27 03:55:00,NPP-375D,Brasil,MINAS GERAIS,FORTALEZA DE MINAS,Mata Atlântica,7.0,0.0,0.55,0.9,-20.9141,-46.78832
2026/05/27 03:55:00,NPP-375D,Brasil,RIO DE JANEIRO,MACAÉ,Mata Atlântica,5.0,0.0,0.66,0.7,-22.32202,-41.79397
2026/05/27 03:55:00,NPP-375D,Brasil,MINAS GERAIS,VAZANTE,Cerrado,4.0,0.0,1.0,1.1,-18.06929,-46.88014
2026/05/27 03:55:00,NPP-375D,Brasil,MINAS GERAIS,POMPÉU,Cerrado,9.0,0.0,0.99,1.2,-19.21272,-44.75502
2026/05/27 03:55:00,NPP-375D,Brasil,SÃO PAULO,GUARULHOS,Mata Atlântica,3.0,0.0,-999.0,0.8,-23.4079,-46.43678
2026/05/27 03:55:00,NPP-375D,Brasil,MINAS GERAIS,FORTALEZA DE MINAS,Mata Atlântica,7.0,0.0,0.44,0.9,-20.91879,-46.78962
2026/05/27 03:55:00,NPP-375D,Brasil,RIO DE JANEIRO,BELFORD ROXO,Mata Atlântica,-999.0,0.0,0.52,0.9,-22.69997,-43.36303
2026/05/27 03:55:00,NPP-375D,Brasil,MINAS GERAIS,VAZANTE,Cerrado,4.0,0.0,1.0,1.9,-18.07498,-46.87806
2026/05/27 03:55:00,NPP-375D,Brasil,RIO DE JANEIRO,MACAÉ,Mata Atlântica,5.0,0.0,0.66,0.6,-22.32246,-41.79586
2026/05/27 03:55:00,NPP-375D,Brasil,RIO DE JANEIRO,BELFORD ROXO,Mata Atlântica,-999.0,0.0,0.57,0.8,-22.69972,-43.3606
2026/05/27 04:00:00,GOES-19,Brasil,MINAS GERAIS,VEREDINHA,Cerrado,5.0,0.0,0.45,59.6,-17.3823,-42.698
2026/05/27 04:10:00,GOES-19,Brasil,TOCANTINS,MATEIROS,Cerrado,15.0,0.0,0.97,54.1,-10.6482,-46.8997
2026/05/27 04:10:00,GOES-19,Brasil,MINAS GERAIS,VEREDINHA,Cerrado,5.0,0.0,0.45,65.6,-17.3823,-42.698
2026/05/27 04:10:00,NOAA-20,Brasil,PIAUÍ,SEBASTIÃO LEAL,Cerrado,4.0,0.0,0.91,1.9,-8.09161,-44.16874
2026/05/27 04:10:00,NOAA-20,Brasil,MARANHÃO,CAXIAS,Cerrado,10.0,0.0,0.1,1.0,-4.633,-43.05182
2026/05/27 04:10:00,NOAA-20,Brasil,PIAUÍ,ANTÔNIO ALMEIDA,Cerrado,29.0,0.0,0.9,5.2,-7.24334,-44.27557
2026/05/27 04:10:00,NOAA-20,Brasil,PIAUÍ,SANTA FILOMENA,Cerrado,33.0,0.0,0.83,2.7,-9.35924,-45.46625
2026/05/27 04:10:00,NOAA-20,Brasil,MARANHÃO,CAXIAS,Cerrado,10.0,0.0,0.1,1.0,-4.6336,-43.04809
2026/05/27 04:10:00,NOAA-20,Brasil,PARÁ,CUMARU DO NORTE,Amazônia,9.0,0.0,0.56,1.4,-7.67958,-51.08488
2026/05/27 04:10:00,NOAA-20,Brasil,MARANHÃO,PASSAGEM FRANCA,Cerrado,8.0,0.0,0.53,0.9,-6.30292,-43.63632
2026/05/27 04:10:00,NOAA-20,Brasil,PIAUÍ,SÃO JOSÉ DO PEIXE,Caatinga,24.0,0.0,1.0,2.8,-7.55171,-42.64941
2026/05/27 04:10:00,NOAA-20,Brasil,MARANHÃO,RIACHÃO,Cerrado,9.0,0.0,0.89,7.8,-7.59883,-46.46332
2026/05/27 04:10:00,NOAA-20,Brasil,MARANHÃO,RIACHÃO,Cerrado,9.0,0.0,0.89,7.8,-7.59796,-46.46838
2026/05/27 04:10:00,NOAA-20,Brasil,TOCANTINS,GOIATINS,Cerrado,13.0,0.0,0.5,1.1,-7.96858,-47.46347
2026/05/27 04:10:00,NOAA-20,Brasil,TOCANTINS,CAMPOS LINDOS,Cerrado,16.0,0.0,0.74,1.2,-8.37895,-46.8273
2026/05/27 04:10:00,NOAA-20,Brasil,MARANHÃO,BALSAS,Cerrado,31.0,0.0,0.76,1.6,-8.88087,-46.92425
2026/05/27 04:10:00,NOAA-20,Brasil,MARANHÃO,TASSO FRAGOSO,Cerrado,32.0,0.0,0.79,7.2,-8.54863,-45.97539
2026/05/27 04:10:00,NOAA-20,Brasil,PIAUÍ,SEBASTIÃO LEAL,Cerrado,4.0,0.0,0.91,1.9,-8.08814,-44.16816
2026/05/27 04:10:00,NOAA-20,Brasil,PIAUÍ,BAIXA GRANDE DO RIBEIRO,Cerrado,32.0,0.0,1.0,0.5,-8.33181,-45.37716
2026/05/27 04:10:00,NOAA-20,Brasil,CEARÁ,ITAREMA,Caatinga,-999.0,0.0,0.18,1.9,-2.96287,-39.92145
2026/05/27 04:10:00,NOAA-20,Brasil,MARANHÃO,TASSO FRAGOSO,Cerrado,32.0,0.0,0.79,14.2,-8.54816,-45.97766
2026/05/27 04:10:00,NOAA-20,Brasil,CEARÁ,ITAREMA,Caatinga,-999.0,0.0,0.18,1.1,-2.96619,-39.92197
2026/05/27 04:10:00,NOAA-20,Brasil,MARANHÃO,MIRADOR,Cerrado,9.0,0.0,0.65,2.5,-6.19356,-44.86882
2026/05/27 04:10:00,NOAA-20,Brasil,PIAUÍ,SEBASTIÃO LEAL,Cerrado,28.0,0.0,0.84,1.0,-7.25323,-44.28126
2026/05/27 04:10:00,NOAA-20,Brasil,TOCANTINS,GUARAÍ,Cerrado,16.0,0.0,0.49,2.1,-8.67937,-48.30638
2026/05/27 04:10:00,NOAA-20,Brasil,MARANHÃO,TASSO FRAGOSO,Cerrado,32.0,0.0,0.78,10.5,-8.60536,-46.0068
2026/05/27 04:10:00,NOAA-20,Brasil,PIAUÍ,PORTO ALEGRE DO PIAUÍ,Cerrado,11.0,0.0,0.8,1.4,-7.13605,-44.06958
2026/05/27 04:10:00,NOAA-20,Brasil,PIAUÍ,ANTÔNIO ALMEIDA,Cerrado,27.0,0.0,0.85,20.4,-7.23918,-44.27895
2026/05/27 04:10:00,NOAA-20,Brasil,MARANHÃO,MIRADOR,Cerrado,9.0,0.0,0.65,2.5,-6.1899,-44.86825
2026/05/27 04:10:00,NOAA-20,Brasil,MARANHÃO,LAGOA DO MATO,Cerrado,12.0,0.0,0.84,1.9,-5.95518,-43.48469
2026/05/27 04:10:00,NOAA-20,Brasil,PIAUÍ,BAIXA GRANDE DO RIBEIRO,Cerrado,32.0,0.0,1.0,0.5,-8.32814,-45.37659
2026/05/27 04:10:00,NOAA-20,Brasil,MARANHÃO,PASSAGEM FRANCA,Cerrado,8.0,0.0,0.44,2.4,-6.30231,-43.64011
2026/05/27 04:10:00,NOAA-20,Brasil,PARÁ,RIO MARIA,Amazônia,12.0,0.0,1.0,1.8,-7.22122,-49.59639
2026/05/27 04:10:00,NOAA-20,Brasil,PIAUÍ,SANTA FILOMENA,Cerrado,35.0,0.0,0.85,6.4,-9.34623,-45.47709
2026/05/27 04:10:00,NOAA-20,Brasil,MARANHÃO,PASSAGEM FRANCA,Cerrado,8.0,0.0,0.59,7.9,-6.29886,-43.63955
2026/05/27 04:10:00,NOAA-20,Brasil,PIAUÍ,DEMERVAL LOBÃO,Caatinga,3.0,0.1,0.25,0.5,-5.34313,-42.6911
2026/05/27 04:10:00,NOAA-20,Brasil,BAHIA,JUAZEIRO,Caatinga,17.0,0.0,1.0,0.8,-9.53208,-40.33006
2026/05/27 04:10:00,NOAA-20,Brasil,PIAUÍ,SANTA FILOMENA,Cerrado,32.0,0.0,0.83,2.7,-9.36287,-45.46688
2026/05/27 04:10:00,NOAA-20,Brasil,PIAUÍ,DEMERVAL LOBÃO,Caatinga,3.0,0.1,0.27,0.7,-5.33696,-42.68641
2026/05/27 04:10:00,NOAA-20,Brasil,MARANHÃO,MIRADOR,Cerrado,9.0,0.0,0.64,4.4,-6.18695,-44.86332
2026/05/27 04:10:00,NOAA-20,Brasil,MARANHÃO,CAXIAS,Cerrado,10.0,0.0,0.1,1.0,-4.63017,-43.04754
2026/05/27 04:10:00,NOAA-20,Brasil,MARANHÃO,COLINAS,Cerrado,8.0,0.0,0.61,8.4,-6.08421,-44.00566
2026/05/27 04:10:00,NOAA-20,Brasil,MARANHÃO,TASSO FRAGOSO,Cerrado,32.0,0.0,0.77,9.8,-8.60994,-46.00265
2026/05/27 04:10:00,NOAA-20,Brasil,MARANHÃO,RIACHÃO,Cerrado,9.0,0.0,0.89,6.9,-7.59919,-46.46675
2026/05/27 04:10:00,NOAA-20,Brasil,MARANHÃO,RIACHÃO,Cerrado,9.0,0.0,0.89,2.2,-7.5949,-46.46264
2026/05/27 04:10:00,NOAA-20,Brasil,MARANHÃO,MIRADOR,Cerrado,9.0,0.0,0.64,2.8,-6.19427,-44.86447
2026/05/27 04:10:00,NOAA-20,Brasil,PARÁ,OURILÂNDIA DO NORTE,Amazônia,12.0,0.0,0.55,1.2,-7.66925,-51.7302
2026/05/27 04:10:00,NOAA-20,Brasil,PARÁ,RIO MARIA,Amazônia,11.0,0.0,1.0,5.9,-7.22612,-49.59719
2026/05/27 04:10:00,NOAA-20,Brasil,MARANHÃO,TASSO FRAGOSO,Cerrado,32.0,0.0,0.77,9.8,-8.61373,-46.00321
2026/05/27 04:10:00,NOAA-20,Brasil,PARÁ,CUMARU DO NORTE,Amazônia,9.0,0.0,0.56,1.8,-7.66878,-51.08339
2026/05/27 04:10:00,NOAA-20,Brasil,PIAUÍ,SIMPLÍCIO MENDES,Caatinga,28.0,0.0,1.0,1.4,-7.82904,-42.03828
2026/05/27 04:10:00,NOAA-20,Brasil,PIAUÍ,ANTÔNIO ALMEIDA,Cerrado,28.0,0.0,0.84,4.1,-7.24269,-44.27954
2026/05/27 04:10:00,NOAA-20,Brasil,MARANHÃO,TASSO FRAGOSO,Cerrado,32.0,0.0,0.77,6.6,-8.60916,-46.00734
2026/05/27 04:10:00,NOAA-20,Brasil,MARANHÃO,LAGOA DO MATO,Cerrado,12.0,0.0,0.83,0.9,-5.92419,-43.47964
2026/05/27 04:10:00,NOAA-20,Brasil,MARANHÃO,PASSAGEM FRANCA,Cerrado,8.0,0.0,0.73,7.9,-6.2954,-43.63898
2026/05/27 04:10:00,NOAA-20,Brasil,MARANHÃO,COLINAS,Cerrado,8.0,0.0,0.61,8.5,-6.07655,-44.00837
2026/05/27 04:10:00,NOAA-20,Brasil,PIAUÍ,PORTO ALEGRE DO PIAUÍ,Cerrado,11.0,0.0,0.8,1.1,-7.13954,-44.07016
2026/05/27 04:10:00,NOAA-20,Brasil,MARANHÃO,TIMON,Cerrado,11.0,0.0,0.24,1.3,-5.30637,-43.05104
2026/05/27 04:10:00,NOAA-20,Brasil,MARANHÃO,MIRADOR,Cerrado,9.0,0.0,0.59,1.8,-6.10631,-44.73837
2026/05/27 04:10:00,NOAA-20,Brasil,MARANHÃO,LORETO,Cerrado,22.0,0.0,0.89,3.0,-7.00319,-45.00397
2026/05/27 04:10:00,NOAA-20,Brasil,PIAUÍ,SANTA FILOMENA,Cerrado,36.0,0.0,0.85,6.4,-9.34331,-45.47222
2026/05/27 04:10:00,NOAA-20,Brasil,MARANHÃO,RIACHÃO,Cerrado,9.0,0.0,0.89,9.0,-7.60003,-46.46168
2026/05/27 04:10:00,NOAA-20,Brasil,MARANHÃO,PASTOS BONS,Cerrado,8.0,0.0,0.77,2.0,-6.73474,-44.37228
2026/05/27 04:10:00,NOAA-20,Brasil,PIAUÍ,ANTÔNIO ALMEIDA,Cerrado,28.0,0.0,0.88,8.8,-7.23983,-44.27498
2026/05/27 04:10:00,NOAA-20,Brasil,MARANHÃO,TASSO FRAGOSO,Cerrado,32.0,0.0,0.81,1.3,-8.59585,-45.94805
2026/05/27 04:10:00,NOAA-20,Brasil,PIAUÍ,DEMERVAL LOBÃO,Caatinga,3.0,0.1,0.28,1.1,-5.33417,-42.68227
2026/05/27 04:10:00,NOAA-20,Brasil,PARÁ,CUMARU DO NORTE,Amazônia,9.0,0.0,0.56,1.5,-7.68753,-51.10205
2026/05/27 04:10:00,NOAA-20,Brasil,MARANHÃO,LAGOA DO MATO,Cerrado,12.0,0.0,0.83,1.9,-5.95457,-43.48847
2026/05/27 04:10:00,NOAA-20,Brasil,PIAUÍ,SANTA FILOMENA,Cerrado,34.0,0.0,0.83,4.5,-9.35491,-45.46985
2026/05/27 04:10:00,NOAA-20,Brasil,MARANHÃO,RIACHÃO,Cerrado,8.0,0.0,0.89,7.8,-7.60277,-46.464
2026/05/27 04:10:00,NOAA-20,Brasil,MARANHÃO,CAPINZAL DO NORTE,Cerrado,9.0,0.0,0.06,1.1,-4.6021,-44.29222
2026/05/27 04:10:00,NOAA-20,Brasil,TOCANTINS,CAMPOS LINDOS,Cerrado,16.0,0.0,0.71,1.2,-8.37953,-46.8238
2026/05/27 04:10:00,NOAA-20,Brasil,PIAUÍ,SANTA FILOMENA,Cerrado,35.0,0.0,0.86,6.8,-9.35057,-45.47346
2026/05/27 04:10:00,NOAA-20,Brasil,PIAUÍ,ANTÔNIO ALMEIDA,Cerrado,28.0,0.0,0.84,1.0,-7.24972,-44.28069
2026/05/27 04:10:00,NOAA-20,Brasil,PIAUÍ,ANTÔNIO ALMEIDA,Cerrado,29.0,0.0,0.9,5.2,-7.24685,-44.27615
2026/05/27 04:10:00,NOAA-20,Brasil,PIAUÍ,PORTO ALEGRE DO PIAUÍ,Cerrado,11.0,0.0,0.8,1.4,-7.1354,-44.07353
2026/05/27 04:10:00,NOAA-20,Brasil,MARANHÃO,PASTOS BONS,Cerrado,8.0,0.0,0.77,4.7,-6.72831,-44.36699
2026/05/27 04:10:00,NOAA-20,Brasil,TOCANTINS,GUARAÍ,Cerrado,17.0,0.0,0.54,2.0,-8.67944,-48.30303
2026/05/27 04:10:00,NOAA-20,Brasil,PIAUÍ,SANTA FILOMENA,Cerrado,35.0,0.0,0.84,6.4,-9.34694,-45.47284
2026/05/27 04:10:00,NOAA-20,Brasil,PIAUÍ,SIMPLÍCIO MENDES,Caatinga,28.0,0.0,1.0,0.9,-7.82187,-42.0407
2026/05/27 04:10:00,NOAA-20,Brasil,PIAUÍ,DEMERVAL LOBÃO,Caatinga,3.0,0.1,0.31,1.1,-5.33754,-42.68282
2026/05/27 04:10:00,NOAA-20,Brasil,PIAUÍ,SANTA FILOMENA,Cerrado,35.0,0.0,0.83,4.5,-9.35128,-45.46923
2026/05/27 04:10:00,NOAA-20,Brasil,PARÁ,CUMARU DO NORTE,Amazônia,9.0,0.0,0.56,0.9,-7.68816,-51.09855
2026/05/27 04:10:00,NOAA-20,Brasil,MARANHÃO,TASSO FRAGOSO,Cerrado,32.0,0.0,0.79,1.6,-8.55192,-45.97836
2026/05/27 04:10:00,NOAA-20,Brasil,MARANHÃO,RIACHÃO,Cerrado,9.0,0.0,0.89,6.9,-7.59525,-46.46606
2026/05/27 04:10:00,NOAA-20,Brasil,PIAUÍ,FLORIANO,Caatinga,24.0,0.0,0.99,4.6,-6.99673,-42.88369
2026/05/27 04:10:00,NOAA-20,Brasil,MARANHÃO,LORETO,Cerrado,22.0,0.0,0.89,4.9,-7.01047,-45.00529
2026/05/27 04:10:00,NOAA-20,Brasil,PIAUÍ,SIMPLÍCIO MENDES,Caatinga,28.0,0.0,1.0,0.9,-7.82518,-42.04123
2026/05/27 04:10:00,NOAA-20,Brasil,PARÁ,OURILÂNDIA DO NORTE,Amazônia,12.0,0.0,0.55,1.2,-7.66346,-51.73024
2026/05/27 04:10:00,NOAA-20,Brasil,MARANHÃO,LAGOA DO MATO,Cerrado,12.0,0.0,0.83,11.6,-5.95801,-43.48906
2026/05/27 04:10:00,NOAA-20,Brasil,PIAUÍ,SEBASTIÃO LEAL,Cerrado,4.0,0.0,0.91,1.9,-8.09225,-44.16491
2026/05/27 04:10:00,NOAA-20,Brasil,MARANHÃO,LAGOA DO MATO,Cerrado,12.0,0.0,0.84,1.9,-5.95174,-43.48414
2026/05/27 04:10:00,NOAA-20,Brasil,MARANHÃO,MIRADOR,Cerrado,9.0,0.0,0.64,2.8,-6.19061,-44.8639
2026/05/27 04:10:00,NOAA-20,Brasil,MARANHÃO,RIACHÃO,Cerrado,9.0,0.0,0.9,2.2,-7.59402,-46.4677
2026/05/27 04:10:00,NOAA-20,Brasil,PIAUÍ,SANTA FILOMENA,Cerrado,31.0,0.0,0.84,3.9,-9.3672,-45.46329
2026/05/27 04:10:00,NOAA-20,Brasil,MARANHÃO,BALSAS,Cerrado,31.0,0.0,0.76,2.6,-8.87691,-46.92348
2026/05/27 04:10:00,NOAA-20,Brasil,MARANHÃO,LORETO,Cerrado,22.0,0.0,0.89,1.1,-7.01411,-45.00594
2026/05/27 04:10:00,NOAA-20,Brasil,MARANHÃO,COLINAS,Cerrado,8.0,0.0,0.61,4.0,-6.08069,-44.0051
2026/05/27 04:10:00,NOAA-20,Brasil,TOCANTINS,GUARAÍ,Cerrado,17.0,0.0,0.55,2.1,-8.68014,-48.3021
2026/05/27 04:10:00,NOAA-20,Brasil,MARANHÃO,COLINAS,Cerrado,8.0,0.0,0.61,8.5,-6.08006,-44.00896
2026/05/27 04:10:00,NOAA-20,Brasil,MARANHÃO,LAGOA DO MATO,Cerrado,12.0,0.0,0.83,1.9,-5.95113,-43.48792
2026/05/27 04:10:00,NOAA-20,Brasil,MARANHÃO,TIMON,Cerrado,11.0,0.0,0.24,1.8,-5.30578,-43.05473
2026/05/27 04:10:00,NOAA-20,Brasil,PIAUÍ,URUÇUÍ,Cerrado,31.0,0.0,0.93,1.4,-7.73839,-44.54842
2026/05/27 04:10:00,NOAA-20,Brasil,MARANHÃO,TASSO FRAGOSO,Cerrado,32.0,0.0,0.79,14.2,-8.54737,-45.98229
2026/05/27 04:10:00,NOAA-20,Brasil,PIAUÍ,SIMPLÍCIO MENDES,Caatinga,28.0,0.0,1.0,0.9,-7.82573,-42.03775
2026/05/27 04:10:00,NOAA-20,Brasil,PIAUÍ,SANTA FILOMENA,Cerrado,33.0,0.0,0.84,2.7,-9.35853,-45.47049
2026/05/27 04:10:00,NOAA-20,Brasil,PIAUÍ,FLORIANO,Caatinga,24.0,0.0,0.99,4.6,-6.99615,-42.88726
2026/05/27 04:10:00,NOAA-20,Brasil,PIAUÍ,SEBASTIÃO LEAL,Cerrado,4.0,0.0,0.91,1.0,-8.09098,-44.17258
2026/05/27 04:10:00,NOAA-20,Brasil,MARANHÃO,LORETO,Cerrado,21.0,0.0,0.89,3.0,-7.00389,-44.99971
2026/05/27 04:10:00,NOAA-20,Brasil,BAHIA,JUAZEIRO,Caatinga,16.0,0.0,1.0,0.8,-9.53151,-40.33379
2026/05/27 04:10:00,NOAA-20,Brasil,MARANHÃO,PASTOS BONS,Cerrado,8.0,0.0,0.77,4.7,-6.73186,-44.36757
2026/05/27 04:10:00,NOAA-20,Brasil,MARANHÃO,TASSO FRAGOSO,Cerrado,32.0,0.0,0.79,21.1,-8.54786,-45.98001
2026/05/27 04:10:00,NOAA-20,Brasil,PIAUÍ,SANTA FILOMENA,Cerrado,34.0,0.0,0.83,4.5,-9.35561,-45.46561
2026/05/27 04:10:00,NOAA-20,Brasil,PIAUÍ,SEBASTIÃO LEAL,Cerrado,4.0,0.0,0.91,1.9,-8.08878,-44.16433
2026/05/27 04:10:00,NOAA-20,Brasil,TOCANTINS,GUARAÍ,Cerrado,16.0,0.0,0.49,2.0,-8.6787,-48.30731
2026/05/27 04:10:00,NOAA-20,Brasil,PARÁ,CUMARU DO NORTE,Amazônia,9.0,0.0,0.56,1.4,-7.6789,-51.08857
2026/05/27 04:10:00,NOAA-20,Brasil,MARANHÃO,LORETO,Cerrado,22.0,0.0,0.89,8.1,-7.00824,-44.99609
2026/05/27 04:10:00,NOAA-20,Brasil,MARANHÃO,LORETO,Cerrado,22.0,0.0,0.89,4.9,-7.00754,-45.00035
2026/05/27 04:10:00,NOAA-20,Brasil,MARANHÃO,PASTOS BONS,Cerrado,8.0,0.0,0.77,2.8,-6.7354,-44.36817
2026/05/27 04:10:00,NOAA-20,Brasil,MARANHÃO,COLINAS,Cerrado,8.0,0.0,0.61,8.5,-6.07592,-44.01223
2026/05/27 04:10:00,NOAA-20,Brasil,PIAUÍ,SANTA FILOMENA,Cerrado,34.0,0.0,0.9,6.8,-9.3542,-45.4741
2026/05/27 04:10:00,NOAA-20,Brasil,PIAUÍ,NAZARÉ DO PIAUÍ,Caatinga,22.0,0.0,1.0,0.6,-7.01461,-42.77322
2026/05/27 04:10:00,NOAA-20,Brasil,MARANHÃO,BALSAS,Cerrado,31.0,0.0,0.76,1.5,-8.87602,-46.92868
2026/05/27 04:10:00,NOAA-20,Brasil,MARANHÃO,RIACHÃO,Cerrado,8.0,0.0,0.9,2.0,-7.5997,-46.45826
2026/05/27 04:10:00,NOAA-20,Brasil,MARANHÃO,PASSAGEM FRANCA,Cerrado,8.0,0.0,0.64,2.3,-6.29947,-43.63576
2026/05/27 04:10:00,NOAA-20,Brasil,PARÁ,CUMARU DO NORTE,Amazônia,9.0,0.0,0.56,1.7,-7.66938,-51.08014
2026/05/27 04:10:00,NOAA-20,Brasil,PARÁ,SÃO GERALDO DO ARAGUAIA,Amazônia,11.0,0.0,1.0,1.7,-6.20406,-48.57043
2026/05/27 04:10:00,NOAA-20,Brasil,PIAUÍ,SANTA FILOMENA,Cerrado,32.0,0.0,0.83,3.0,-9.36357,-45.46265
2026/05/27 04:10:00,NOAA-20,Brasil,MARANHÃO,RIACHÃO,Cerrado,9.0,0.0,0.9,6.9,-7.59442,-46.47113
2026/05/27 04:10:00,NOAA-20,Brasil,MARANHÃO,LAGOA DO MATO,Cerrado,12.0,0.0,0.83,4.5,-5.94768,-43.48738
2026/05/27 04:10:00,NOAA-20,Brasil,MARANHÃO,LORETO,Cerrado,21.0,0.0,0.89,3.0,-6.99954,-45.00336
2026/05/27 04:10:00,NOAA-20,Brasil,CEARÁ,ITAREMA,Caatinga,-999.0,0.0,0.25,1.9,-2.96232,-39.92493
2026/05/27 04:12:00,NOAA-20,Brasil,GOIÁS,ÁGUA FRIA DE GOIÁS,Cerrado,8.0,0.01,0.87,1.2,-15.00375,-47.65279
2026/05/27 04:12:00,NOAA-20,Brasil,GOIÁS,ÁGUA FRIA DE GOIÁS,Cerrado,7.0,0.02,0.86,1.7,-15.00014,-47.65496
2026/05/27 04:12:00,NOAA-20,Brasil,MATO GROSSO,NOVA UBIRATÃ,Amazônia,11.0,0.34,0.3,2.0,-12.45653,-54.45333
2026/05/27 04:12:00,NOAA-20,Brasil,MATO GROSSO,CANARANA,Amazônia,26.0,0.0,0.97,0.8,-13.34165,-52.93723
2026/05/27 04:12:00,NOAA-20,Brasil,TOCANTINS,SÃO VALÉRIO,Cerrado,24.0,0.0,0.91,2.1,-11.55145,-48.26666
2026/05/27 04:12:00,NOAA-20,Brasil,BAHIA,FORMOSA DO RIO PRETO,Cerrado,34.0,0.0,1.0,1.3,-10.97301,-45.08919
2026/05/27 04:12:00,NOAA-20,Brasil,GOIÁS,CAVALCANTE,Cerrado,4.0,0.2,0.72,2.6,-13.65537,-47.72121
2026/05/27 04:12:00,NOAA-20,Brasil,TOCANTINS,NATIVIDADE,Cerrado,4.0,0.0,0.6,0.9,-11.58715,-47.45217
2026/05/27 04:12:00,NOAA-20,Brasil,TOCANTINS,MIRACEMA DO TOCANTINS,Cerrado,22.0,0.0,0.76,1.5,-9.3892,-48.43322
2026/05/27 04:12:00,NOAA-20,Brasil,MATO GROSSO,MARCELÂNDIA,Amazônia,12.0,0.0,0.22,1.7,-10.90667,-54.12029
2026/05/27 04:12:00,NOAA-20,Brasil,BAHIA,BARREIRAS,Cerrado,2.0,0.0,0.75,3.2,-12.00778,-45.34321
2026/05/27 04:12:00,NOAA-20,Brasil,TOCANTINS,SANTA RITA DO TOCANTINS,Cerrado,11.0,0.0,0.93,0.8,-10.97175,-49.43577
2026/05/27 04:12:00,NOAA-20,Brasil,MATO GROSSO,VILA RICA,Amazônia,28.0,0.0,0.46,3.1,-10.05925,-51.68328
2026/05/27 04:12:00,NOAA-20,Brasil,TOCANTINS,MATEIROS,Cerrado,4.0,0.0,0.94,5.5,-10.75341,-46.82492
2026/05/27 04:12:00,NOAA-20,Brasil,TOCANTINS,DIANÓPOLIS,Cerrado,4.0,0.0,0.99,2.2,-11.97105,-46.78975
2026/05/27 04:12:00,NOAA-20,Brasil,MINAS GERAIS,JANAÚBA,Cerrado,44.0,0.0,1.0,0.7,-15.86135,-43.60612
2026/05/27 04:12:00,NOAA-20,Brasil,TOCANTINS,DIANÓPOLIS,Cerrado,4.0,0.0,0.78,8.4,-11.61636,-47.00346
2026/05/27 04:12:00,NOAA-20,Brasil,TOCANTINS,MATEIROS,Cerrado,11.0,0.0,0.95,1.3,-10.66764,-46.88465
2026/05/27 04:12:00,NOAA-20,Brasil,TOCANTINS,MATEIROS,Cerrado,4.0,0.0,0.94,2.2,-10.7611,-46.82625
2026/05/27 04:12:00,NOAA-20,Brasil,TOCANTINS,MATEIROS,Cerrado,4.0,0.0,0.94,3.7,-10.74957,-46.82425
2026/05/27 04:12:00,NOAA-20,Brasil,TOCANTINS,SÃO VALÉRIO,Cerrado,23.0,0.0,0.97,2.9,-11.54661,-48.26978
2026/05/27 04:12:00,NOAA-20,Brasil,BAHIA,FORMOSA DO RIO PRETO,Cerrado,34.0,0.0,1.0,1.7,-10.9695,-45.08862
2026/05/27 04:12:00,NOAA-20,Brasil,MATO GROSSO,SANTA TEREZINHA,Amazônia,19.0,0.0,0.35,1.1,-10.70573,-51.32296
2026/05/27 04:12:00,NOAA-20,Brasil,MATO GROSSO,VILA RICA,Amazônia,28.0,0.0,0.79,6.8,-10.04858,-51.6811
2026/05/27 04:12:00,NOAA-20,Brasil,GOIÁS,POSSE,Cerrado,4.0,0.3,0.96,1.4,-14.03832,-46.3544
2026/05/27 04:12:00,NOAA-20,Brasil,TOCANTINS,NATIVIDADE,Cerrado,4.0,0.0,0.61,1.7,-11.59109,-47.4529
2026/05/27 04:12:00,NOAA-20,Brasil,BAHIA,FORMOSA DO RIO PRETO,Cerrado,33.0,0.0,1.0,2.6,-10.97236,-45.09315
2026/05/27 04:12:00,NOAA-20,Brasil,TOCANTINS,MATEIROS,Cerrado,12.0,0.0,0.96,4.3,-10.65798,-46.88634
2026/05/27 04:12:00,NOAA-20,Brasil,TOCANTINS,CONCEIÇÃO DO TOCANTINS,Cerrado,4.0,0.0,0.64,0.8,-12.05855,-47.3373
2026/05/27 04:12:00,NOAA-20,Brasil,BAHIA,FORMOSA DO RIO PRETO,Cerrado,4.0,0.0,1.0,14.2,-11.13478,-45.14296
2026/05/27 04:12:00,NOAA-20,Brasil,TOCANTINS,DIANÓPOLIS,Cerrado,4.0,0.0,0.94,4.1,-11.61553,-47.00828
2026/05/27 04:12:00,NOAA-20,Brasil,TOCANTINS,MATEIROS,Cerrado,12.0,0.0,0.96,1.8,-10.66291,-46.8889
2026/05/27 04:12:00,NOAA-20,Brasil,MATO GROSSO,SÃO FÉLIX DO ARAGUAIA,Amazônia,11.0,0.0,0.28,12.3,-11.3509,-52.95739
2026/05/27 04:12:00,NOAA-20,Brasil,MATO GROSSO,MARCELÂNDIA,Amazônia,12.0,0.0,0.22,1.9,-10.91184,-54.1264
2026/05/27 04:12:00,NOAA-20,Brasil,BAHIA,JABORANDI,Cerrado,4.0,0.1,0.99,0.9,-14.16035,-45.26937
2026/05/27 04:12:00,NOAA-20,Brasil,BAHIA,BARREIRAS,Cerrado,2.0,0.0,0.67,2.5,-11.99803,-45.14279
2026/05/27 04:12:00,NOAA-20,Brasil,TOCANTINS,PORTO ALEGRE DO TOCANTINS,Cerrado,4.0,0.0,0.8,1.1,-11.57025,-47.11031
2026/05/27 04:12:00,NOAA-20,Brasil,BAHIA,JABORANDI,Cerrado,4.0,0.1,0.99,0.9,-14.15972,-45.27319
2026/05/27 04:12:00,NOAA-20,Brasil,GOIÁS,TROMBAS,Cerrado,4.0,0.0,1.0,3.0,-13.28378,-48.86395
2026/05/27 04:12:00,NOAA-20,Brasil,BAHIA,JABORANDI,Cerrado,4.0,0.1,0.99,0.9,-14.15629,-45.27257
2026/05/27 04:12:00,NOAA-20,Brasil,TOCANTINS,MATEIROS,Cerrado,18.0,0.0,0.97,19.4,-10.64608,-46.90948
2026/05/27 04:12:00,NOAA-20,Brasil,BAHIA,BARREIRAS,Cerrado,2.0,0.0,0.75,3.2,-12.00712,-45.34719
2026/05/27 04:12:00,NOAA-20,Brasil,MATO GROSSO,SÃO FÉLIX DO ARAGUAIA,Amazônia,12.0,0.0,0.27,5.6,-11.46,-52.9212
2026/05/27 04:12:00,NOAA-20,Brasil,TOCANTINS,MATEIROS,Cerrado,4.0,0.0,0.94,5.5,-10.75725,-46.82559
2026/05/27 04:12:00,NOAA-20,Brasil,MATO GROSSO,NOVA UBIRATÃ,Amazônia,11.0,0.6,0.26,2.4,-12.54298,-54.59051
2026/05/27 04:12:00,NOAA-20,Brasil,BAHIA,SEABRA,Caatinga,3.0,0.0,-999.0,1.0,-12.42567,-41.78193
2026/05/27 04:12:00,NOAA-20,Brasil,MATO GROSSO,CANARANA,Amazônia,26.0,0.0,0.97,1.0,-13.3412,-52.94028
2026/05/27 04:12:00,NOAA-20,Brasil,TOCANTINS,PORTO ALEGRE DO TOCANTINS,Cerrado,4.0,0.0,0.72,0.9,-11.5711,-47.1054
2026/05/27 04:12:00,NOAA-20,Brasil,TOCANTINS,SÃO SALVADOR DO TOCANTINS,Cerrado,4.0,0.0,0.7,2.0,-12.5118,-48.27519
2026/05/27 04:12:00,NOAA-20,Brasil,TOCANTINS,MATEIROS,Cerrado,17.0,0.0,0.97,1.1,-10.64221,-46.90883
2026/05/27 04:12:00,NOAA-20,Brasil,GOIÁS,ALTO PARAÍSO DE GOIÁS,Cerrado,4.0,0.0,0.94,0.9,-14.13492,-47.74784
2026/05/27 04:12:00,NOAA-20,Brasil,MATO GROSSO,CANARANA,Amazônia,26.0,0.0,0.93,0.8,-13.34093,-52.94092
2026/05/27 04:12:00,NOAA-20,Brasil,MATO GROSSO,UNIÃO DO SUL,Amazônia,25.0,0.0,0.22,0.7,-11.27245,-53.96862
2026/05/27 04:12:00,NOAA-20,Brasil,TOCANTINS,MATEIROS,Cerrado,4.0,0.0,0.95,2.9,-10.52296,-46.90122
2026/05/27 04:12:00,NOAA-20,Brasil,TOCANTINS,FIGUEIRÓPOLIS,Cerrado,4.0,0.0,0.71,1.6,-12.21737,-49.39015
2026/05/27 04:12:00,NOAA-20,Brasil,BAHIA,JABORANDI,Cerrado,4.0,0.1,0.99,0.9,-14.15908,-45.277
2026/05/27 04:12:00,NOAA-20,Brasil,GOIÁS,ALTO PARAÍSO DE GOIÁS,Cerrado,4.0,0.0,0.83,2.1,-14.13582,-47.74284
2026/05/27 04:12:00,NOAA-20,Brasil,MATO GROSSO,PEIXOTO DE AZEVEDO,Amazônia,9.0,0.0,0.18,1.3,-10.56508,-54.5124
2026/05/27 04:12:00,NOAA-20,Brasil,TOCANTINS,MATEIROS,Cerrado,10.0,0.0,0.95,1.3,-10.66654,-46.88273
2026/05/27 04:12:00,NOAA-20,Brasil,MATO GROSSO,PEIXOTO DE AZEVEDO,Amazônia,11.0,0.0,1.0,3.1,-10.32318,-53.57896
2026/05/27 04:12:00,NOAA-20,Brasil,GOIÁS,FORMOSA,Cerrado,5.0,0.0,1.0,0.8,-15.30503,-47.37998
2026/05/27 04:12:00,NOAA-20,Brasil,TOCANTINS,CONCEIÇÃO DO TOCANTINS,Cerrado,4.0,0.0,0.97,2.7,-12.41023,-47.49237
2026/05/27 04:12:00,NOAA-20,Brasil,TOCANTINS,MATEIROS,Cerrado,13.0,0.0,0.96,19.9,-10.65714,-46.89125
2026/05/27 04:12:00,NOAA-20,Brasil,BAHIA,FORMOSA DO RIO PRETO,Cerrado,4.0,0.0,1.0,9.6,-11.13762,-45.14751
2026/05/27 04:12:00,NOAA-20,Brasil,GOIÁS,TROMBAS,Cerrado,4.0,0.0,1.0,1.3,-13.2845,-48.86002
2026/05/27 04:12:00,NOAA-20,Brasil,MATO GROSSO,PORTO DOS GAÚCHOS,Amazônia,10.0,0.0,0.31,1.6,-11.79322,-57.01645
2026/05/27 04:12:00,NOAA-20,Brasil,TOCANTINS,NATIVIDADE,Cerrado,4.0,0.0,0.56,0.8,-11.59199,-47.4478
2026/05/27 04:12:00,NOAA-20,Brasil,TOCANTINS,MATEIROS,Cerrado,4.0,0.0,0.94,0.9,-10.70779,-46.83677
2026/05/27 04:12:00,NOAA-20,Brasil,TOCANTINS,MIRACEMA DO TOCANTINS,Cerrado,22.0,0.0,0.76,1.3,-9.38845,-48.43748
2026/05/27 04:12:00,NOAA-20,Brasil,TOCANTINS,DIANÓPOLIS,Cerrado,4.0,0.0,0.71,1.6,-11.82727,-47.0977
2026/05/27 04:12:00,NOAA-20,Brasil,TOCANTINS,MATEIROS,Cerrado,11.0,0.0,0.95,1.3,-10.66377,-46.88402
2026/05/27 04:12:00,NOAA-20,Brasil,MATO GROSSO,UNIÃO DO SUL,Amazônia,25.0,0.0,0.22,0.7,-11.27753,-53.97473
2026/05/27 04:12:00,NOAA-20,Brasil,TOCANTINS,CARIRI DO TOCANTINS,Cerrado,4.0,0.0,0.7,1.8,-12.01253,-49.27224
2026/05/27 04:12:00,NOAA-20,Brasil,MATO GROSSO,SÃO FÉLIX DO ARAGUAIA,Amazônia,12.0,0.0,0.27,0.9,-11.44642,-52.93062
2026/05/27 04:12:00,NOAA-20,Brasil,BAHIA,ITAGUAÇU DA BAHIA,Caatinga,29.0,0.0,1.0,0.8,-10.62792,-42.29574
2026/05/27 04:12:00,NOAA-20,Brasil,GOIÁS,ALTO PARAÍSO DE GOIÁS,Cerrado,4.0,0.0,0.95,0.9,-14.13109,-47.74701
2026/05/27 04:12:00,NOAA-20,Brasil,MATO GROSSO,VILA RICA,Amazônia,28.0,0.0,0.76,7.8,-10.05327,-51.68557
2026/05/27 04:12:00,NOAA-20,Brasil,TOCANTINS,SANTA RITA DO TOCANTINS,Cerrado,11.0,0.0,0.98,1.3,-10.97057,-49.43814
2026/05/27 04:12:00,NOAA-20,Brasil,TOCANTINS,MATEIROS,Cerrado,12.0,0.0,0.96,4.3,-10.66185,-46.88697
2026/05/27 04:12:00,NOAA-20,Brasil,MATO GROSSO,SERRA NOVA DOURADA,Cerrado,6.0,0.0,0.78,0.8,-12.08644,-51.21947
2026/05/27 04:12:00,NOAA-20,Brasil,TOCANTINS,NATIVIDADE,Cerrado,4.0,0.0,0.57,1.5,-11.58805,-47.44707
2026/05/27 04:12:00,NOAA-20,Brasil,TOCANTINS,FIGUEIRÓPOLIS,Cerrado,4.0,0.0,0.88,0.9,-12.2218,-49.39091
2026/05/27 04:12:00,NOAA-20,Brasil,BAHIA,FORMOSA DO RIO PRETO,Cerrado,4.0,0.0,1.0,9.6,-11.14113,-45.14809
2026/05/27 04:12:00,NOAA-20,Brasil,MATO GROSSO,SÃO FÉLIX DO ARAGUAIA,Amazônia,12.0,0.0,0.27,3.8,-11.45923,-52.92511
2026/05/27 04:12:00,NOAA-20,Brasil,BAHIA,JABORANDI,Cerrado,4.0,0.1,0.99,0.9,-14.15566,-45.27639
2026/05/27 04:12:00,NOAA-20,Brasil,TOCANTINS,CONCEIÇÃO DO TOCANTINS,Cerrado,4.0,0.0,0.62,1.7,-11.96342,-47.37491
2026/05/27 04:12:00,NOAA-20,Brasil,BAHIA,BARREIRAS,Cerrado,3.0,0.0,0.76,0.7,-11.99662,-45.34536
2026/05/27 04:12:00,NOAA-20,Brasil,TOCANTINS,MATEIROS,Cerrado,15.0,0.0,0.97,13.0,-10.65162,-46.90036
2026/05/27 04:12:00,NOAA-20,Brasil,MATO GROSSO,SÃO FÉLIX DO ARAGUAIA,Amazônia,12.0,0.0,0.27,1.3,-11.44719,-52.9267
2026/05/27 04:12:00,NOAA-20,Brasil,MATO GROSSO,SÃO FÉLIX DO ARAGUAIA,Amazônia,11.0,0.0,0.27,0.9,-11.44077,-52.92946
2026/05/27 04:12:00,NOAA-20,Brasil,GOIÁS,POSSE,Cerrado,4.0,0.3,0.97,0.8,-14.03187,-46.34897
2026/05/27 04:12:00,NOAA-20,Brasil,TOCANTINS,CHAPADA DE AREIA,Cerrado,14.0,0.0,0.5,0.8,-10.13873,-49.15774
2026/05/27 04:12:00,NOAA-20,Brasil,BAHIA,FORMOSA DO RIO PRETO,Cerrado,33.0,0.0,1.0,0.7,-10.97267,-45.09595
2026/05/27 04:12:00,NOAA-20,Brasil,BAHIA,BARREIRAS,Cerrado,2.0,0.0,0.69,5.0,-12.0015,-45.1434
2026/05/27 04:12:00,NOAA-20,Brasil,TOCANTINS,MATEIROS,Cerrado,15.0,0.0,0.97,13.0,-10.64775,-46.89968
2026/05/27 04:12:00,NOAA-20,Brasil,GOIÁS,ALTO PARAÍSO DE GOIÁS,Cerrado,4.0,0.0,0.87,1.4,-14.13198,-47.74202
2026/05/27 04:12:00,NOAA-20,Brasil,TOCANTINS,DIANÓPOLIS,Cerrado,4.0,0.0,0.7,0.5,-11.83111,-47.09842
2026/05/27 04:12:00,NOAA-20,Brasil,TOCANTINS,SÃO SALVADOR DO TOCANTINS,Cerrado,4.0,0.0,0.7,0.8,-12.51589,-48.27594
2026/05/27 04:12:00,NOAA-20,Brasil,TOCANTINS,DIVINÓPOLIS DO TOCANTINS,Cerrado,12.0,0.0,0.56,1.5,-9.74283,-49.21072
2026/05/27 04:12:00,NOAA-20,Brasil,TOCANTINS,CONCEIÇÃO DO TOCANTINS,Cerrado,4.0,0.0,0.96,2.7,-12.40632,-47.49168
2026/05/27 04:12:00,NOAA-20,Brasil,BAHIA,SANTA RITA DE CÁSSIA,Cerrado,4.0,0.0,0.94,1.4,-10.95,-44.18021
2026/05/27 04:12:00,NOAA-20,Brasil,MATO GROSSO,PEIXOTO DE AZEVEDO,Amazônia,9.0,0.0,0.54,2.4,-10.56066,-54.51394
2026/05/27 04:12:00,NOAA-20,Brasil,MATO GROSSO,MARCELÂNDIA,Amazônia,11.0,0.0,0.31,1.6,-10.59624,-53.4758
2026/05/27 04:12:00,NOAA-20,Brasil,BAHIA,ITAGUAÇU DA BAHIA,Caatinga,30.0,0.0,1.0,0.8,-10.63123,-42.29628
2026/05/27 04:12:00,NOAA-20,Brasil,BAHIA,ITAGUAÇU DA BAHIA,Caatinga,36.0,0.0,1.0,0.7,-10.75589,-42.19431
2026/05/27 04:12:00,NOAA-20,Brasil,TOCANTINS,PORTO NACIONAL,Cerrado,4.0,0.0,0.63,1.0,-10.6315,-48.33113
2026/05/27 04:12:00,NOAA-20,Brasil,GOIÁS,POSSE,Cerrado,4.0,0.3,1.0,0.8,-14.03546,-46.34958
2026/05/27 04:12:00,NOAA-20,Brasil,TOCANTINS,DIANÓPOLIS,Cerrado,4.0,0.0,0.7,0.6,-11.83197,-47.09355
2026/05/27 04:12:00,NOAA-20,Brasil,MATO GROSSO,VILA RICA,Amazônia,28.0,0.0,0.54,6.8,-10.05392,-51.68218
2026/05/27 04:12:00,NOAA-20,Brasil,TOCANTINS,CONCEIÇÃO DO TOCANTINS,Cerrado,4.0,0.0,0.96,2.4,-12.40661,-47.48987
2026/05/27 04:12:00,NOAA-20,Brasil,BAHIA,JABORANDI,Cerrado,4.0,0.08,0.96,1.1,-14.17221,-45.45351
2026/05/27 04:12:00,NOAA-20,Brasil,BAHIA,BARREIRAS,Cerrado,2.0,0.0,0.74,5.0,-12.00215,-45.13949
2026/05/27 04:12:00,NOAA-20,Brasil,TOCANTINS,FORMOSO DO ARAGUAIA,Cerrado,4.0,0.0,0.66,3.1,-11.94839,-49.30253
2026/05/27 04:12:00,NOAA-20,Brasil,MATO GROSSO,SERRA NOVA DOURADA,Cerrado,6.0,0.0,0.78,0.9,-12.08144,-51.21852
2026/05/27 04:12:00,NOAA-20,Brasil,BAHIA,FORMOSA DO RIO PRETO,Cerrado,33.0,0.0,1.0,0.7,-10.97334,-45.092
2026/05/27 04:12:00,NOAA-20,Brasil,TOCANTINS,PORTO NACIONAL,Cerrado,4.0,0.0,0.55,0.7,-10.63572,-48.33195
2026/05/27 04:12:00,NOAA-20,Brasil,GOIÁS,POSSE,Cerrado,4.0,0.3,0.97,0.8,-14.03473,-46.35378
2026/05/27 04:12:00,NOAA-20,Brasil,TOCANTINS,DOIS IRMÃOS DO TOCANTINS,Cerrado,25.0,0.0,0.98,1.3,-9.23418,-49.1548
2026/05/27 04:12:00,NOAA-20,Brasil,MATO GROSSO,NOVA UBIRATÃ,Amazônia,11.0,0.35,0.3,2.0,-12.46262,-54.45463
2026/05/27 04:12:00,NOAA-20,Brasil,MATO GROSSO,SÃO FÉLIX DO ARAGUAIA,Amazônia,11.0,0.0,0.28,16.5,-11.35014,-52.96132
2026/05/27 04:12:00,NOAA-20,Brasil,TOCANTINS,MATEIROS,Cerrado,16.0,0.0,0.97,13.0,-10.64691,-46.9046
2026/05/27 04:12:00,NOAA-20,Brasil,BAHIA,MUQUÉM DO SÃO FRANCISCO,Cerrado,4.0,0.0,0.98,0.4,-11.93952,-43.403
2026/05/27 04:12:00,NOAA-20,Brasil,BAHIA,SEABRA,Caatinga,3.0,0.0,1.0,1.5,-12.42512,-41.78555
2026/05/27 04:12:00,NOAA-20,Brasil,MATO GROSSO,NOVA UBIRATÃ,Amazônia,11.0,0.42,0.58,3.0,-12.46074,-54.46391
2026/05/27 04:12:00,NOAA-20,Brasil,MATO GROSSO,CANARANA,Amazônia,25.0,0.0,0.96,1.0,-13.34195,-52.93658
2026/05/27 04:12:00,NOAA-20,Brasil,MATO GROSSO,SÃO FÉLIX DO ARAGUAIA,Amazônia,11.0,0.0,0.51,0.7,-11.36299,-52.95578
2026/05/27 04:12:00,NOAA-20,Brasil,TOCANTINS,MATEIROS,Cerrado,4.0,0.0,0.93,3.7,-10.74874,-46.8291
2026/05/27 04:12:00,NOAA-20,Brasil,TOCANTINS,MATEIROS,Cerrado,4.0,0.0,0.95,2.7,-10.52379,-46.89635
2026/05/27 04:12:00,NOAA-20,Brasil,MATO GROSSO,SÃO FÉLIX DO ARAGUAIA,Amazônia,11.0,0.0,0.28,16.5,-11.3558,-52.96247
2026/05/27 04:12:00,NOAA-20,Brasil,MATO GROSSO,PORTO DOS GAÚCHOS,Amazônia,9.0,0.0,0.27,1.9,-11.54728,-56.94213
2026/05/27 04:12:00,NOAA-20,Brasil,MATO GROSSO,SÃO FÉLIX DO ARAGUAIA,Amazônia,12.0,0.0,0.27,5.5,-11.47127,-52.92354
2026/05/27 04:12:00,NOAA-20,Brasil,MATO GROSSO,SÃO FÉLIX DO ARAGUAIA,Amazônia,11.0,0.0,0.29,0.7,-11.36223,-52.95969
2026/05/27 04:12:00,NOAA-20,Brasil,MATO GROSSO,PORTO DOS GAÚCHOS,Amazônia,9.0,0.0,0.29,3.4,-11.63336,-56.86588
2026/05/27 04:12:00,NOAA-20,Brasil,MATO GROSSO,PORTO DOS GAÚCHOS,Amazônia,10.0,0.0,0.31,1.6,-11.78607,-57.01499
2026/05/27 04:12:00,NOAA-20,Brasil,MATO GROSSO,PORTO DOS GAÚCHOS,Amazônia,10.0,0.0,0.31,1.6,-11.78764,-57.00765
2026/05/27 04:12:00,NOAA-20,Brasil,PARÁ,CUMARU DO NORTE,Amazônia,14.0,0.0,0.7,0.7,-8.87523,-51.78002
2026/05/27 04:12:00,NOAA-20,Brasil,MATO GROSSO,SÃO FÉLIX DO ARAGUAIA,Amazônia,12.0,0.0,0.27,5.5,-11.4664,-52.91846
2026/05/27 04:12:00,NOAA-20,Brasil,GOIÁS,NIQUELÂNDIA,Cerrado,4.0,0.0,0.86,0.8,-14.63181,-47.90326
2026/05/27 04:12:00,NOAA-20,Brasil,BAHIA,JABORANDI,Cerrado,4.0,0.1,0.99,0.9,-14.15693,-45.26876
2026/05/27 04:12:00,NOAA-20,Brasil,GOIÁS,POSSE,Cerrado,4.0,0.3,1.0,0.9,-14.03618,-46.34539
2026/05/27 04:12:00,NOAA-20,Brasil,TOCANTINS,MATEIROS,Cerrado,14.0,0.0,0.97,9.0,-10.65245,-46.89547
2026/05/27 04:12:00,NOAA-20,Brasil,TOCANTINS,CONCEIÇÃO DO TOCANTINS,Cerrado,3.0,0.0,0.96,1.8,-12.40964,-47.49565
2026/05/27 04:12:00,NOAA-20,Brasil,TOCANTINS,SÃO VALÉRIO,Cerrado,24.0,0.0,0.93,2.1,-11.54729,-48.26595
2026/05/27 04:12:00,NOAA-20,Brasil,BAHIA,JABORANDI,Cerrado,4.0,0.08,0.94,2.4,-14.17285,-45.44964
2026/05/27 04:12:00,NOAA-20,Brasil,BAHIA,BARREIRAS,Cerrado,2.0,0.0,0.74,1.2,-12.01128,-45.34382
2026/05/27 04:12:00,NOAA-20,Brasil,TOCANTINS,DIANÓPOLIS,Cerrado,4.0,0.0,0.75,8.4,-11.62019,-47.00417
2026/05/27 04:12:00,NOAA-20,Brasil,MATO GROSSO,VILA RICA,Amazônia,28.0,0.0,0.89,7.8,-10.04793,-51.68451
2026/05/27 04:12:00,NOAA-20,Brasil,BAHIA,BARREIRAS,Cerrado,2.0,0.0,0.74,0.6,-12.01194,-45.33984
2026/05/27 04:12:00,NOAA-20,Brasil,TOCANTINS,SANTA RITA DO TOCANTINS,Cerrado,11.0,0.0,0.99,0.7,-10.97089,-49.44043
2026/05/27 04:12:00,NOAA-20,Brasil,MATO GROSSO,NOVA UBIRATÃ,Amazônia,11.0,0.39,0.29,2.0,-12.46169,-54.45924
2026/05/27 04:12:00,NOAA-20,Brasil,MATO GROSSO,SÃO FÉLIX DO ARAGUAIA,Amazônia,12.0,0.0,0.27,5.6,-11.45435,-52.92006
2026/05/27 04:12:00,NOAA-20,Brasil,TOCANTINS,PORTO NACIONAL,Cerrado,4.0,0.0,0.51,1.2,-10.63531,-48.33128
2026/05/27 04:12:00,NOAA-20,Brasil,MATO GROSSO,MARCELÂNDIA,Amazônia,12.0,0.0,0.22,1.7,-10.91282,-54.12148
2026/05/27 04:12:00,NOAA-20,Brasil,GOIÁS,ALTO PARAÍSO DE GOIÁS,Cerrado,6.0,0.0,0.87,0.8,-14.07601,-47.55642
2026/05/27 04:12:00,NOAA-20,Brasil,MATO GROSSO,PORTO DOS GAÚCHOS,Amazônia,9.0,0.0,0.29,2.1,-11.63487,-56.85876
2026/05/27 04:12:00,NOAA-20,Brasil,MATO GROSSO,PARANATINGA,Cerrado,9.0,0.0,1.0,1.3,-13.95567,-53.87393
2026/05/27 04:12:00,NOAA-20,Brasil,TOCANTINS,APARECIDA DO RIO NEGRO,Cerrado,31.0,0.0,0.58,2.4,-9.89715,-47.86169
2026/05/27 04:12:00,NOAA-20,Brasil,TOCANTINS,DIVINÓPOLIS DO TOCANTINS,Cerrado,12.0,0.0,0.6,1.2,-9.74739,-49.21152
2026/05/27 04:12:00,NOAA-20,Brasil,MATO GROSSO,PEIXOTO DE AZEVEDO,Amazônia,11.0,0.0,1.0,3.3,-10.32229,-53.58342
2026/05/27 04:12:00,NOAA-20,Brasil,TOCANTINS,PORTO ALEGRE DO TOCANTINS,Cerrado,4.0,0.0,0.64,0.9,-11.57495,-47.10614
2026/05/27 04:12:00,NOAA-20,Brasil,MATO GROSSO,SÃO FÉLIX DO ARAGUAIA,Amazônia,12.0,0.0,0.27,3.8,-11.45359,-52.92395
2026/05/27 04:12:00,NOAA-20,Brasil,MATO GROSSO,SÃO FÉLIX DO ARAGUAIA,Amazônia,12.0,0.0,0.27,3.8,-11.45283,-52.92785
2026/05/27 04:12:00,NOAA-20,Brasil,MATO GROSSO,PEIXOTO DE AZEVEDO,Amazônia,9.0,0.0,0.25,1.3,-10.56409,-54.51744
2026/05/27 04:12:00,NOAA-20,Brasil,GOIÁS,CAVALCANTE,Cerrado,4.0,0.0,0.76,1.4,-13.5876,-47.53091
2026/05/27 04:12:00,NOAA-20,Brasil,GOIÁS,NIQUELÂNDIA,Cerrado,4.0,0.0,0.93,1.7,-14.63401,-47.9063
2026/05/27 04:12:00,NOAA-20,Brasil,MATO GROSSO,PORTO DOS GAÚCHOS,Amazônia,9.0,0.0,0.27,2.2,-11.54883,-56.93475
2026/05/27 04:12:00,NOAA-20,Brasil,PARÁ,CUMARU DO NORTE,Amazônia,14.0,0.0,0.7,0.7,-8.87591,-51.77634
2026/05/27 04:12:00,NOAA-20,Brasil,MATO GROSSO,SÃO FÉLIX DO ARAGUAIA,Amazônia,12.0,0.0,0.27,4.9,-11.46487,-52.92628
2026/05/27 04:12:00,NOAA-20,Brasil,TOCANTINS,CONCEIÇÃO DO TOCANTINS,Cerrado,4.0,0.0,0.6,0.8,-12.05467,-47.33661
2026/05/27 04:12:00,NOAA-20,Brasil,GOIÁS,TROMBAS,Cerrado,3.0,0.0,1.0,1.3,-13.28032,-48.85921
2026/05/27 04:12:00,NOAA-20,Brasil,TOCANTINS,DIANÓPOLIS,Cerrado,4.0,0.0,0.71,1.8,-11.82983,-47.09608
2026/05/27 04:12:00,NOAA-20,Brasil,TOCANTINS,PORTO NACIONAL,Cerrado,4.0,0.0,0.64,1.0,-10.6322,-48.3271
2026/05/27 04:12:00,NOAA-20,Brasil,GOIÁS,NIQUELÂNDIA,Cerrado,4.0,0.0,0.89,2.0,-14.63565,-47.90406
2026/05/27 04:12:00,NOAA-20,Brasil,MATO GROSSO,VILA RICA,Amazônia,28.0,0.0,0.35,6.8,-10.05455,-51.6788
2026/05/27 04:12:00,NOAA-20,Brasil,TOCANTINS,PORTO NACIONAL,Cerrado,4.0,0.0,0.62,1.2,-10.63109,-48.33046
2026/05/27 04:12:00,NOAA-20,Brasil,MATO GROSSO,SÃO FÉLIX DO ARAGUAIA,Amazônia,11.0,0.0,0.37,12.3,-11.35733,-52.95463
2026/05/27 04:12:00,NOAA-20,Brasil,MATO GROSSO,SÃO FÉLIX DO ARAGUAIA,Amazônia,12.0,0.0,0.27,5.5,-11.46564,-52.92235
2026/05/27 04:12:00,NOAA-20,Brasil,MATO GROSSO,SÃO FÉLIX DO ARAGUAIA,Amazônia,11.0,0.0,0.29,12.3,-11.35657,-52.95854
2026/05/27 04:12:00,NOAA-20,Brasil,MATO GROSSO,SANTA TEREZINHA,Amazônia,19.0,0.0,0.35,1.0,-10.71087,-51.32405
2026/05/27 04:12:00,NOAA-20,Brasil,BAHIA,FORMOSA DO RIO PRETO,Cerrado,4.0,0.0,1.0,9.6,-11.13828,-45.14354
2026/05/27 04:12:00,NOAA-20,Brasil,TOCANTINS,MATEIROS,Cerrado,6.0,0.0,0.92,1.4,-10.70572,-46.87152
2026/05/27 04:12:00,NOAA-20,Brasil,TOCANTINS,MATEIROS,Cerrado,6.0,0.0,0.92,1.4,-10.70959,-46.87213
2026/05/27 04:12:00,NOAA-20,Brasil,BAHIA,SÃO DESIDÉRIO,Cerrado,4.0,0.0,0.95,1.1,-12.82901,-44.83157
2026/05/27 04:12:00,NOAA-20,Brasil,TOCANTINS,CONCEIÇÃO DO TOCANTINS,Cerrado,4.0,0.0,0.61,0.6,-11.95952,-47.37419
2026/05/27 04:14:00,NOAA-20,Brasil,MINAS GERAIS,VAZANTE,Cerrado,4.0,0.0,1.0,1.9,-18.07652,-46.87563
2026/05/27 04:14:00,NOAA-20,Brasil,MINAS GERAIS,VAZANTE,Cerrado,4.0,0.0,0.98,1.9,-18.07301,-46.875
2026/05/27 04:14:00,NOAA-20,Brasil,MATO GROSSO DO SUL,BANDEIRANTES,Cerrado,9.0,0.0,0.89,1.3,-19.75892,-54.08166
2026/05/27 04:14:00,NOAA-20,Brasil,DISTRITO FEDERAL,BRASÍLIA,Cerrado,10.0,0.0,0.97,1.0,-15.69502,-47.99287
2026/05/27 04:14:00,NOAA-20,Brasil,MATO GROSSO DO SUL,BANDEIRANTES,Cerrado,9.0,0.0,1.0,1.7,-19.72483,-54.6544
2026/05/27 04:14:00,NOAA-20,Brasil,DISTRITO FEDERAL,BRASÍLIA,Cerrado,10.0,0.0,0.97,0.9,-15.69587,-47.98805
2026/05/27 04:14:00,NOAA-20,Brasil,MATO GROSSO DO SUL,BANDEIRANTES,Cerrado,9.0,0.0,0.82,2.8,-19.75965,-54.07827
2026/05/27 04:14:00,NOAA-20,Brasil,MINAS GERAIS,PERDIZES,Cerrado,4.0,0.0,0.38,1.4,-19.18439,-47.35998
2026/05/27 04:14:00,NOAA-20,Brasil,MINAS GERAIS,VAZANTE,Cerrado,4.0,0.0,0.94,1.7,-18.0695,-46.87437
2026/05/27 04:14:00,NOAA-20,Brasil,SÃO PAULO,ÁGUAS DE SANTA BÁRBARA,Cerrado,2.0,0.0,0.17,2.3,-22.79112,-49.34283
2026/05/27 04:14:00,NOAA-20,Brasil,MINAS GERAIS,TURMALINA,Cerrado,5.0,0.0,0.45,23.2,-17.37204,-42.6993
2026/05/27 04:14:00,NOAA-20,Brasil,RIO DE JANEIRO,MACAÉ,Mata Atlântica,5.0,0.0,0.66,0.4,-22.32315,-41.79582
2026/05/27 04:14:00,NOAA-20,Brasil,MINAS GERAIS,PERDIZES,Cerrado,4.0,0.0,0.61,0.9,-19.18367,-47.36414
2026/05/27 04:14:00,NOAA-20,Brasil,MINAS GERAIS,TURMALINA,Cerrado,5.0,0.0,0.45,9.2,-17.37652,-42.69241
2026/05/27 04:14:00,NOAA-20,Brasil,MATO GROSSO DO SUL,PEDRO GOMES,Cerrado,4.0,0.0,1.0,1.1,-17.95522,-54.46685
2026/05/27 04:14:00,NOAA-20,Brasil,MATO GROSSO DO SUL,PEDRO GOMES,Cerrado,4.0,0.0,1.0,1.7,-17.94969,-54.46567
2026/05/27 04:14:00,NOAA-20,Brasil,MINAS GERAIS,VEREDINHA,Cerrado,5.0,0.0,0.47,3.1,-17.37876,-42.70041
2026/05/27 04:14:00,NOAA-20,Brasil,MATO GROSSO DO SUL,BANDEIRANTES,Cerrado,9.0,0.0,1.0,1.2,-19.78098,-54.43072
2026/05/27 04:14:00,NOAA-20,Brasil,MATO GROSSO DO SUL,BANDEIRANTES,Cerrado,9.0,0.0,1.0,1.3,-19.78325,-54.43211
2026/05/27 04:14:00,NOAA-20,Brasil,MINAS GERAIS,GOVERNADOR VALADARES,Mata Atlântica,4.0,0.0,1.0,0.9,-18.90676,-41.9423
2026/05/27 04:14:00,NOAA-20,Brasil,MATO GROSSO,SANTO ANTÔNIO DO LEVERGER,Cerrado,6.0,0.0,0.81,0.9,-15.72941,-55.69255
2026/05/27 04:14:00,NOAA-20,Brasil,MATO GROSSO DO SUL,ÁGUA CLARA,Cerrado,7.0,0.0,0.79,1.5,-20.24529,-53.01123
2026/05/27 04:14:00,NOAA-20,Brasil,MINAS GERAIS,VAZANTE,Cerrado,4.0,0.0,0.98,1.7,-18.06881,-46.87845
2026/05/27 04:14:00,NOAA-20,Brasil,MATO GROSSO,SANTO ANTÔNIO DO LEVERGER,Cerrado,8.0,0.0,0.42,0.8,-16.37224,-55.40237
2026/05/27 04:14:00,NOAA-20,Brasil,MATO GROSSO DO SUL,SÃO GABRIEL DO OESTE,Cerrado,4.0,0.0,0.73,1.4,-19.37548,-54.5485
2026/05/27 04:14:00,NOAA-20,Brasil,SÃO PAULO,PAULO DE FARIA,Mata Atlântica,8.0,0.0,0.97,1.9,-20.19021,-49.56386
2026/05/27 04:14:00,NOAA-20,Brasil,MATO GROSSO DO SUL,BANDEIRANTES,Cerrado,9.0,0.0,0.95,1.3,-19.75819,-54.08501
2026/05/27 04:14:00,NOAA-20,Brasil,MINAS GERAIS,VEREDINHA,Cerrado,5.0,0.0,0.45,23.2,-17.3754,-42.69986
2026/05/27 04:14:00,NOAA-20,Brasil,MATO GROSSO DO SUL,SELVÍRIA,Mata Atlântica,8.0,0.0,0.88,1.3,-20.46453,-51.49832
2026/05/27 04:14:00,NOAA-20,Brasil,SÃO PAULO,ARARAS,Cerrado,2.0,1.17,0.54,0.8,-22.36537,-47.20764
2026/05/27 04:14:00,NOAA-20,Brasil,MINAS GERAIS,POMPÉU,Cerrado,9.0,0.0,1.0,0.9,-19.215,-44.75105
2026/05/27 04:14:00,NOAA-20,Brasil,MATO GROSSO,SANTO ANTÔNIO DO LEVERGER,Cerrado,6.0,0.0,0.59,1.1,-15.73444,-55.6992
2026/05/27 04:14:00,NOAA-20,Brasil,GOIÁS,MATRINCHÃ,Cerrado,4.0,0.0,1.0,4.0,-15.22686,-50.85994
2026/05/27 04:14:00,NOAA-20,Brasil,MINAS GERAIS,PERDIZES,Cerrado,4.0,0.0,0.63,0.8,-19.18695,-47.36252
2026/05/27 04:14:00,NOAA-20,Brasil,GOIÁS,NOVA VENEZA,Cerrado,4.0,0.0,1.0,0.6,-16.35967,-49.33193
2026/05/27 04:14:00,NOAA-20,Brasil,MATO GROSSO,SANTO ANTÔNIO DO LEVERGER,Cerrado,8.0,0.0,0.61,0.9,-16.37823,-55.40379
2026/05/27 04:14:00,NOAA-20,Brasil,MINAS GERAIS,TURMALINA,Cerrado,5.0,0.0,0.45,23.2,-17.37596,-42.69614
2026/05/27 04:14:00,NOAA-20,Brasil,MINAS GERAIS,TURMALINA,Cerrado,5.0,0.0,0.45,3.1,-17.37932,-42.69671
2026/05/27 04:14:00,NOAA-20,Brasil,MINAS GERAIS,FORTALEZA DE MINAS,Mata Atlântica,7.0,0.0,0.46,1.1,-20.91475,-46.78955
2026/05/27 04:14:00,NOAA-20,Brasil,MINAS GERAIS,TURMALINA,Cerrado,5.0,0.0,0.45,9.2,-17.37709,-42.68868
2026/05/27 04:14:00,NOAA-20,Brasil,MINAS GERAIS,POMPÉU,Cerrado,9.0,0.0,0.99,0.9,-19.21442,-44.75469
2026/05/27 04:14:00,NOAA-20,Brasil,MATO GROSSO DO SUL,BANDEIRANTES,Cerrado,9.0,0.0,0.91,1.3,-19.76333,-54.08649
2026/05/27 04:14:00,NOAA-20,Brasil,MATO GROSSO,SANTO ANTÔNIO DO LEVERGER,Cerrado,7.0,0.0,0.42,0.8,-16.37326,-55.39762
2026/05/27 04:14:00,NOAA-20,Brasil,DISTRITO FEDERAL,BRASÍLIA,Cerrado,10.0,0.0,0.97,2.7,-15.69397,-47.99018
2026/05/27 04:14:00,NOAA-20,Brasil,MINAS GERAIS,PATROCÍNIO,Cerrado,5.0,0.0,1.0,1.0,-18.71973,-46.8921
2026/05/27 04:14:00,NOAA-20,Brasil,MINAS GERAIS,VAZANTE,Cerrado,4.0,0.0,0.98,3.1,-18.07363,-46.87421
2026/05/27 04:14:00,NOAA-20,Brasil,MATO GROSSO DO SUL,BANDEIRANTES,Cerrado,8.0,0.0,0.99,2.9,-19.75746,-54.08838
2026/05/27 04:17:00,NOAA-20,Brasil,SÃO PAULO,ANGATUBA,Cerrado,2.0,0.0,0.21,0.2,-23.50687,-48.57088
2026/05/27 04:20:00,GOES-19,Brasil,TOCANTINS,MATEIROS,Cerrado,15.0,0.0,0.97,65.6,-10.6482,-46.8997
2026/05/27 04:30:00,GOES-19,Brasil,TOCANTINS,MATEIROS,Cerrado,15.0,0.0,0.97,63.9,-10.6482,-46.8997
2026/05/27 04:40:00,GOES-19,Brasil,TOCANTINS,MATEIROS,Cerrado,15.0,0.0,0.97,93.2,-10.6482,-46.8997
2026/05/27 04:50:00,GOES-19,Brasil,TOCANTINS,MATEIROS,Cerrado,10.0,0.0,0.96,58.2,-10.6485,-46.8773
2026/05/27 04:50:00,GOES-19,Brasil,TOCANTINS,MATEIROS,Cerrado,15.0,0.0,0.97,165.4,-10.6482,-46.8997
2026/05/27 04:57:00,NOAA-21,Brasil,MARANHÃO,LORETO,Cerrado,22.0,0.0,0.89,2.2,-7.01296,-44.99499
2026/05/27 04:57:00,NOAA-21,Brasil,MARANHÃO,BALSAS,Cerrado,31.0,0.0,0.76,1.7,-8.88232,-46.92377
2026/05/27 04:57:00,NOAA-21,Brasil,MARANHÃO,RIACHÃO,Cerrado,9.0,0.0,0.88,5.3,-7.59934,-46.47103
2026/05/27 04:57:00,NOAA-21,Brasil,PIAUÍ,SANTA FILOMENA,Cerrado,35.0,0.0,0.88,5.7,-9.3502,-45.47573
2026/05/27 04:57:00,NOAA-21,Brasil,PIAUÍ,SANTA FILOMENA,Cerrado,35.0,0.0,0.86,4.4,-9.35315,-45.47174
2026/05/27 04:57:00,NOAA-21,Brasil,PIAUÍ,FLORIANO,Caatinga,24.0,0.0,0.99,1.8,-7.00148,-42.88467
2026/05/27 04:57:00,NOAA-21,Brasil,TOCANTINS,GUARAÍ,Cerrado,17.0,0.0,0.54,1.8,-8.68137,-48.30189
2026/05/27 04:57:00,NOAA-21,Brasil,PARÁ,OURILÂNDIA DO NORTE,Amazônia,12.0,0.0,0.54,2.3,-7.67119,-51.73022
2026/05/27 04:57:00,NOAA-21,Brasil,MARANHÃO,LORETO,Cerrado,21.0,0.0,0.89,2.2,-7.00758,-44.99437
2026/05/27 04:57:00,NOAA-21,Brasil,MARANHÃO,MIRADOR,Cerrado,9.0,0.0,0.65,1.5,-6.19497,-44.86932
2026/05/27 04:57:00,NOAA-21,Brasil,PIAUÍ,SANTA FILOMENA,Cerrado,35.0,0.0,0.85,3.4,-9.34732,-45.47448
2026/05/27 04:57:00,NOAA-21,Brasil,MARANHÃO,RIACHÃO,Cerrado,9.0,0.0,0.89,5.3,-7.60007,-46.46553
2026/05/27 04:57:00,NOAA-21,Brasil,PARÁ,NOVO PROGRESSO,Amazônia,9.0,0.0,1.0,1.7,-7.75667,-55.34767
2026/05/27 04:57:00,NOAA-21,Brasil,MARANHÃO,PASTOS BONS,Cerrado,8.0,0.0,0.77,4.0,-6.73168,-44.36868
2026/05/27 04:57:00,NOAA-21,Brasil,MARANHÃO,MIRADOR,Cerrado,9.0,0.0,0.59,1.4,-6.10587,-44.73942
2026/05/27 04:57:00,NOAA-21,Brasil,PIAUÍ,SANTA FILOMENA,Cerrado,34.0,0.0,0.83,7.1,-9.35644,-45.46952
2026/05/27 04:57:00,NOAA-21,Brasil,PARÁ,CUMARU DO NORTE,Amazônia,9.0,0.0,0.56,2.3,-7.67916,-51.09771
2026/05/27 04:57:00,NOAA-21,Brasil,PARÁ,CUMARU DO NORTE,Amazônia,9.0,0.0,0.56,2.3,-7.67977,-51.09369
2026/05/27 04:57:00,NOAA-21,Brasil,MARANHÃO,TASSO FRAGOSO,Cerrado,32.0,0.0,0.78,6.6,-8.60638,-46.00809
2026/05/27 04:57:00,NOAA-21,Brasil,MARANHÃO,COLINAS,Cerrado,8.0,0.0,0.61,11.4,-6.08427,-44.00616
2026/05/27 04:57:00,NOAA-21,Brasil,MARANHÃO,TASSO FRAGOSO,Cerrado,32.0,0.0,0.77,6.6,-8.60679,-46.00503
2026/05/27 04:57:00,NOAA-21,Brasil,MARANHÃO,TASSO FRAGOSO,Cerrado,32.0,0.0,0.77,0.3,-8.61738,-46.00394
2026/05/27 04:57:00,NOAA-21,Brasil,MARANHÃO,LORETO,Cerrado,22.0,0.0,0.89,3.2,-7.00664,-45.00126
2026/05/27 04:57:00,NOAA-21,Brasil,PIAUÍ,ANTÔNIO ALMEIDA,Cerrado,27.0,0.0,0.85,11.5,-7.23946,-44.28082
2026/05/27 04:57:00,NOAA-21,Brasil,PIAUÍ,SANTA FILOMENA,Cerrado,36.0,0.0,0.83,1.4,-9.34483,-45.47499
2026/05/27 04:57:00,NOAA-21,Brasil,MARANHÃO,RIACHÃO,Cerrado,9.0,0.0,0.89,5.5,-7.59677,-46.46891
2026/05/27 04:57:00,NOAA-21,Brasil,PARÁ,NOVO PROGRESSO,Amazônia,9.0,0.0,1.0,0.6,-7.75611,-55.35119
2026/05/27 04:57:00,NOAA-21,Brasil,PIAUÍ,SANTA FILOMENA,Cerrado,33.0,0.0,0.83,2.1,-9.35945,-45.46551
2026/05/27 04:57:00,NOAA-21,Brasil,MARANHÃO,LORETO,Cerrado,21.0,0.0,0.89,2.6,-7.00127,-45.00058
2026/05/27 04:57:00,NOAA-21,Brasil,MARANHÃO,RIACHÃO,Cerrado,9.0,0.0,0.9,5.3,-7.59445,-46.47033
2026/05/27 04:57:00,NOAA-21,Brasil,PARÁ,SÃO GERALDO DO ARAGUAIA,Amazônia,11.0,0.0,1.0,2.0,-6.23615,-48.57254
2026/05/27 04:57:00,NOAA-21,Brasil,MARANHÃO,PASSAGEM FRANCA,Cerrado,8.0,0.0,0.5,9.8,-6.30083,-43.64024
2026/05/27 04:57:00,NOAA-21,Brasil,MARANHÃO,CAPINZAL DO NORTE,Cerrado,9.0,0.0,0.06,2.5,-4.60217,-44.29218
2026/05/27 04:57:00,NOAA-21,Brasil,PIAUÍ,PORTO ALEGRE DO PIAUÍ,Cerrado,11.0,0.0,0.8,2.1,-7.13765,-44.07367
2026/05/27 04:57:00,NOAA-21,Brasil,PIAUÍ,SANTA FILOMENA,Cerrado,35.0,0.0,0.85,5.7,-9.35063,-45.47227
2026/05/27 04:57:00,NOAA-21,Brasil,MARANHÃO,RIACHÃO,Cerrado,9.0,0.0,0.88,5.5,-7.60166,-46.4696
2026/05/27 04:57:00,NOAA-21,Brasil,PIAUÍ,FLORIANO,Caatinga,24.0,0.0,0.99,1.8,-6.99531,-42.88394
2026/05/27 04:57:00,NOAA-21,Brasil,TOCANTINS,GUARAÍ,Cerrado,16.0,0.0,0.46,2.6,-8.68079,-48.30613
2026/05/27 04:57:00,NOAA-21,Brasil,TOCANTINS,DOIS IRMÃOS DO TOCANTINS,Cerrado,26.0,0.0,0.98,1.1,-9.23696,-49.1534
2026/05/27 04:57:00,NOAA-21,Brasil,MARANHÃO,LAGOA DO MATO,Cerrado,12.0,0.0,0.84,4.0,-5.95449,-43.48467
2026/05/27 04:57:00,NOAA-21,Brasil,MARANHÃO,TASSO FRAGOSO,Cerrado,32.0,0.0,0.79,8.2,-8.55239,-45.98214
2026/05/27 04:57:00,NOAA-21,Brasil,TOCANTINS,CAMPOS LINDOS,Cerrado,16.0,0.0,0.59,5.8,-8.38235,-46.82858
2026/05/27 04:57:00,NOAA-21,Brasil,PIAUÍ,SANTA FILOMENA,Cerrado,31.0,0.0,0.85,2.1,-9.36808,-45.46391
2026/05/27 04:57:00,NOAA-21,Brasil,PIAUÍ,SANTA FILOMENA,Cerrado,35.0,0.0,0.84,3.4,-9.34778,-45.47103
2026/05/27 04:57:00,NOAA-21,Brasil,PIAUÍ,SANTA FILOMENA,Cerrado,34.0,0.0,0.88,5.7,-9.356,-45.473
2026/05/27 04:57:00,NOAA-21,Brasil,PIAUÍ,FLORIANO,Caatinga,24.0,0.0,0.99,1.6,-7.00081,-42.88924
2026/05/27 04:57:00,NOAA-21,Brasil,PIAUÍ,SANTA FILOMENA,Cerrado,33.0,0.0,0.83,2.1,-9.35899,-45.46899
2026/05/27 04:57:00,NOAA-21,Brasil,PARÁ,CUMARU DO NORTE,Amazônia,9.0,0.0,0.56,1.7,-7.68037,-51.08966
2026/05/27 04:57:00,NOAA-21,Brasil,MARANHÃO,TASSO FRAGOSO,Cerrado,32.0,0.0,0.77,6.6,-8.61186,-46.00612
2026/05/27 04:57:00,NOAA-21,Brasil,PIAUÍ,SANTA FILOMENA,Cerrado,32.0,0.0,0.83,2.1,-9.3627,-45.46323
2026/05/27 04:57:00,NOAA-21,Brasil,PIAUÍ,SANTA FILOMENA,Cerrado,34.0,0.0,0.83,2.1,-9.35361,-45.46828
2026/05/27 04:57:00,NOAA-21,Brasil,MARANHÃO,LORETO,Cerrado,22.0,0.0,0.89,3.2,-7.01203,-45.00179
2026/05/27 04:57:00,NOAA-21,Brasil,MARANHÃO,RIACHÃO,Cerrado,8.0,0.0,0.89,4.5,-7.6008,-46.46002
2026/05/27 04:57:00,NOAA-21,Brasil,PARÁ,CUMARU DO NORTE,Amazônia,9.0,0.0,0.56,2.4,-7.69,-51.09957
2026/05/27 04:57:00,NOAA-21,Brasil,PARÁ,RIO MARIA,Amazônia,11.0,0.0,0.56,1.2,-7.35045,-49.84495
2026/05/27 04:57:00,NOAA-21,Brasil,PARÁ,SÃO GERALDO DO ARAGUAIA,Amazônia,11.0,0.0,1.0,1.8,-6.20668,-48.57135
2026/05/27 04:57:00,NOAA-21,Brasil,MARANHÃO,RIACHÃO,Cerrado,9.0,0.0,0.89,8.1,-7.59754,-46.46343
2026/05/27 04:57:00,NOAA-21,Brasil,MARANHÃO,PASTOS BONS,Cerrado,8.0,0.0,0.77,4.0,-6.73215,-44.36515
2026/05/27 04:57:00,NOAA-21,Brasil,MARANHÃO,BALSAS,Cerrado,31.0,0.0,0.76,1.9,-8.87747,-46.92319
2026/05/27 04:57:00,NOAA-21,Brasil,PIAUÍ,ANTÔNIO ALMEIDA,Cerrado,28.0,0.0,0.87,4.9,-7.24562,-44.27781
2026/05/27 04:57:00,NOAA-21,Brasil,MARANHÃO,COLINAS,Cerrado,8.0,0.0,0.61,3.5,-6.07805,-44.00953
2026/05/27 04:57:00,NOAA-21,Brasil,MARANHÃO,COLINAS,Cerrado,8.0,0.0,0.61,3.5,-6.07748,-44.01365
2026/05/27 04:57:00,NOAA-21,Brasil,MARANHÃO,BALSAS,Cerrado,31.0,0.0,0.76,2.0,-8.87676,-46.9285
2026/05/27 04:57:00,NOAA-21,Brasil,PIAUÍ,SEBASTIÃO LEAL,Cerrado,28.0,0.0,0.84,1.0,-7.25417,-44.28245
2026/05/27 04:57:00,NOAA-21,Brasil,PARÁ,CUMARU DO NORTE,Amazônia,9.0,0.0,0.56,1.6,-7.68937,-51.10375
2026/05/27 04:57:00,NOAA-21,Brasil,PARÁ,ÁGUA AZUL DO NORTE,Amazônia,11.0,0.0,0.71,1.0,-6.99853,-50.46615
2026/05/27 04:57:00,NOAA-21,Brasil,MARANHÃO,LORETO,Cerrado,22.0,0.0,0.89,2.2,-7.01249,-44.9984
2026/05/27 04:57:00,NOAA-21,Brasil,PIAUÍ,ANTÔNIO ALMEIDA,Cerrado,28.0,0.0,0.84,4.9,-7.25074,-44.28245
2026/05/27 04:57:00,NOAA-21,Brasil,MARANHÃO,TASSO FRAGOSO,Cerrado,32.0,0.0,0.79,8.2,-8.54725,-45.98149
2026/05/27 04:57:00,NOAA-21,Brasil,MARANHÃO,MIRADOR,Cerrado,9.0,0.0,0.65,1.5,-6.19542,-44.86608
2026/05/27 04:57:00,NOAA-21,Brasil,MARANHÃO,RIACHÃO,Cerrado,9.0,0.0,0.89,5.3,-7.59518,-46.46483
2026/05/27 04:57:00,NOAA-21,Brasil,PIAUÍ,SEBASTIÃO LEAL,Cerrado,4.0,0.0,0.91,2.6,-8.09088,-44.17077
2026/05/27 04:57:00,NOAA-21,Brasil,PIAUÍ,SEBASTIÃO LEAL,Cerrado,4.0,0.0,0.91,3.2,-8.09142,-44.16669
2026/05/27 04:57:00,NOAA-21,Brasil,MARANHÃO,TASSO FRAGOSO,Cerrado,32.0,0.0,0.83,1.1,-8.59838,-45.95079
2026/05/27 04:57:00,NOAA-21,Brasil,MARANHÃO,PASSAGEM FRANCA,Cerrado,8.0,0.0,0.58,3.5,-6.30139,-43.6361
2026/05/27 04:57:00,NOAA-21,Brasil,MARANHÃO,LAGOA DO MATO,Cerrado,12.0,0.0,0.83,4.0,-5.95979,-43.48942
2026/05/27 04:57:00,NOAA-21,Brasil,MARANHÃO,LORETO,Cerrado,22.0,0.0,0.89,2.6,-7.0008,-45.00399
2026/05/27 04:57:00,NOAA-21,Brasil,MARANHÃO,TASSO FRAGOSO,Cerrado,32.0,0.0,0.79,8.2,-8.54765,-45.97845
2026/05/27 04:57:00,NOAA-21,Brasil,PIAUÍ,SANTA FILOMENA,Cerrado,33.0,0.0,0.84,1.7,-9.36181,-45.47024
2026/05/27 04:57:00,NOAA-21,Brasil,PARÁ,CUMARU DO NORTE,Amazônia,9.0,0.0,0.56,1.1,-7.6816,-51.08141
2026/05/27 04:57:00,NOAA-21,Brasil,TOCANTINS,DOIS IRMÃOS DO TOCANTINS,Cerrado,25.0,0.0,0.99,1.1,-9.23642,-49.15722
2026/05/27 04:57:00,NOAA-21,Brasil,PARÁ,CUMARU DO NORTE,Amazônia,9.0,0.0,0.56,1.7,-7.68098,-51.08557
2026/05/27 04:57:00,NOAA-21,Brasil,PIAUÍ,SANTA FILOMENA,Cerrado,31.0,0.0,0.86,1.7,-9.36763,-45.46745
2026/05/27 04:57:00,NOAA-21,Brasil,MARANHÃO,MIRADOR,Cerrado,9.0,0.0,0.65,1.5,-6.1901,-44.86516
2026/05/27 04:57:00,NOAA-21,Brasil,PIAUÍ,SANTA FILOMENA,Cerrado,33.0,0.0,0.88,4.4,-9.35852,-45.47245
2026/05/27 04:57:00,NOAA-21,Brasil,PARÁ,RIO MARIA,Amazônia,12.0,0.0,1.0,1.3,-7.23085,-49.59707
2026/05/27 04:57:00,NOAA-21,Brasil,PIAUÍ,PORTO ALEGRE DO PIAUÍ,Cerrado,11.0,0.0,0.8,2.8,-7.13814,-44.07001
2026/05/27 04:57:00,NOAA-21,Brasil,PIAUÍ,FLORIANO,Caatinga,24.0,0.0,0.99,1.8,-6.99466,-42.88874
2026/05/27 04:57:00,NOAA-21,Brasil,MARANHÃO,TASSO FRAGOSO,Cerrado,32.0,0.0,0.77,12.5,-8.61226,-46.00316
2026/05/27 04:57:00,NOAA-21,Brasil,MARANHÃO,RIACHÃO,Cerrado,8.0,0.0,0.89,8.1,-7.60243,-46.46412
2026/05/27 04:57:00,NOAA-21,Brasil,MARANHÃO,COLINAS,Cerrado,8.0,0.0,0.61,9.6,-6.08372,-44.01015
2026/05/27 04:57:00,NOAA-21,Brasil,TOCANTINS,DOIS IRMÃOS DO TOCANTINS,Cerrado,25.0,0.0,0.96,1.1,-9.23226,-49.1566
2026/05/27 04:57:00,NOAA-21,Brasil,TOCANTINS,LIZARDA,Cerrado,32.0,0.0,0.67,2.1,-8.96362,-47.19032
2026/05/27 04:57:00,NOAA-21,Brasil,MARANHÃO,PASTOS BONS,Cerrado,8.0,0.0,0.77,2.2,-6.73681,-44.37279
2026/05/27 04:57:00,NOAA-21,Brasil,MARANHÃO,PASTOS BONS,Cerrado,8.0,0.0,0.77,3.7,-6.73726,-44.36938
2026/05/27 04:57:00,NOAA-21,Brasil,MARANHÃO,MIRADOR,Cerrado,9.0,0.0,0.65,1.5,-6.18964,-44.86842
2026/05/27 04:57:00,NOAA-21,Brasil,PIAUÍ,FLORIANO,Caatinga,24.0,0.0,0.99,1.4,-7.00142,-42.88442
2026/05/27 04:57:00,NOAA-21,Brasil,PIAUÍ,SANTA FILOMENA,Cerrado,32.0,0.0,0.83,1.7,-9.36226,-45.46675
2026/05/27 04:57:00,NOAA-21,Brasil,PARÁ,TRAIRÃO,Amazônia,2.0,0.0,0.01,1.1,-5.207,-56.04752
2026/05/27 04:57:00,NOAA-21,Brasil,PARÁ,CONCEIÇÃO DO ARAGUAIA,Amazônia,11.0,0.0,1.0,1.6,-8.11791,-49.56404
2026/05/27 04:57:00,NOAA-21,Brasil,MARANHÃO,LAGOA DO MATO,Cerrado,12.0,0.0,0.83,4.0,-5.95392,-43.4888
2026/05/27 04:57:00,NOAA-21,Brasil,MARANHÃO,LORETO,Cerrado,22.0,0.0,0.89,3.2,-7.01157,-45.00518
2026/05/27 04:57:00,NOAA-21,Brasil,PIAUÍ,ANTÔNIO ALMEIDA,Cerrado,29.0,0.0,0.87,1.0,-7.24903,-44.27775
2026/05/27 04:57:00,NOAA-21,Brasil,PARÁ,RIO MARIA,Amazônia,12.0,0.0,1.0,6.9,-7.22692,-49.59648
2026/05/27 04:57:00,NOAA-21,Brasil,PIAUÍ,FLORIANO,Caatinga,24.0,0.0,0.99,1.8,-7.00083,-42.88948
2026/05/27 04:57:00,NOAA-21,Brasil,PIAUÍ,SANTA FILOMENA,Cerrado,35.0,0.0,0.9,4.4,-9.35269,-45.4752
2026/05/27 04:57:00,NOAA-21,Brasil,PIAUÍ,SIMPLÍCIO MENDES,Caatinga,28.0,0.0,1.0,1.9,-7.82916,-42.03994
2026/05/27 04:57:00,NOAA-21,Brasil,PARÁ,CUMARU DO NORTE,Amazônia,9.0,0.0,0.56,1.5,-7.66651,-51.08314
2026/05/27 04:57:00,NOAA-21,Brasil,MARANHÃO,LORETO,Cerrado,22.0,0.0,0.89,2.2,-7.00711,-44.99781
2026/05/27 04:57:00,NOAA-21,Brasil,PIAUÍ,ANTÔNIO ALMEIDA,Cerrado,28.0,0.0,0.86,11.5,-7.23997,-44.27706
2026/05/27 04:57:00,NOAA-21,Brasil,MARANHÃO,LAGOA DO MATO,Cerrado,12.0,0.0,0.83,3.4,-5.94811,-43.48777
2026/05/27 04:57:00,NOAA-21,Brasil,TOCANTINS,ITACAJÁ,Cerrado,20.0,0.0,0.71,2.3,-8.71757,-47.79934
2026/05/27 04:57:00,NOAA-21,Brasil,MARANHÃO,TASSO FRAGOSO,Cerrado,32.0,0.0,0.79,8.2,-8.5528,-45.97901
2026/05/27 04:59:00,NOAA-21,Brasil,MATO GROSSO,NOVA UBIRATÃ,Amazônia,11.0,0.41,0.37,2.2,-12.45931,-54.46098
2026/05/27 04:59:00,NOAA-21,Brasil,MATO GROSSO,NOVA MARINGÁ,Amazônia,11.0,0.1,0.26,2.3,-11.79547,-57.3525
2026/05/27 04:59:00,NOAA-21,Brasil,TOCANTINS,MATEIROS,Cerrado,18.0,0.0,0.97,10.0,-10.64677,-46.9115
2026/05/27 04:59:00,NOAA-21,Brasil,TOCANTINS,MATEIROS,Cerrado,17.0,0.0,0.97,10.0,-10.64183,-46.9107
2026/05/27 04:59:00,NOAA-21,Brasil,MATO GROSSO,PLANALTO DA SERRA,Cerrado,3.0,0.63,0.53,0.8,-14.64225,-54.49185
2026/05/27 04:59:00,NOAA-21,Brasil,TOCANTINS,MATEIROS,Cerrado,4.0,0.0,0.94,1.0,-10.71331,-46.83466
2026/05/27 04:59:00,NOAA-21,Brasil,BAHIA,BARREIRAS,Cerrado,2.0,0.0,0.72,2.9,-12.00138,-45.14147
2026/05/27 04:59:00,NOAA-21,Brasil,MATO GROSSO,PORTO DOS GAÚCHOS,Amazônia,9.0,0.0,0.27,1.5,-11.55763,-56.93349
2026/05/27 04:59:00,NOAA-21,Brasil,RONDÔNIA,PORTO VELHO,Amazônia,8.0,0.0,1.0,1.4,-9.93739,-65.00826
2026/05/27 04:59:00,NOAA-21,Brasil,TOCANTINS,DIANÓPOLIS,Cerrado,4.0,0.0,0.8,13.6,-11.61576,-47.00397
2026/05/27 04:59:00,NOAA-21,Brasil,TOCANTINS,CONCEIÇÃO DO TOCANTINS,Cerrado,4.0,0.0,0.62,0.8,-11.96099,-47.37534
2026/05/27 04:59:00,NOAA-21,Brasil,TOCANTINS,DIANÓPOLIS,Cerrado,4.0,0.0,0.71,2.5,-11.82782,-47.09644
2026/05/27 04:59:00,NOAA-21,Brasil,GOIÁS,TROMBAS,Cerrado,4.0,0.0,1.0,2.3,-13.28219,-48.86405
2026/05/27 04:59:00,NOAA-21,Brasil,PARÁ,SÃO FÉLIX DO XINGU,Amazônia,14.0,0.0,0.75,1.1,-8.92492,-51.8419
2026/05/27 04:59:00,NOAA-21,Brasil,TOCANTINS,DIVINÓPOLIS DO TOCANTINS,Cerrado,12.0,0.0,0.54,2.3,-9.74759,-49.21027
2026/05/27 04:59:00,NOAA-21,Brasil,TOCANTINS,MATEIROS,Cerrado,13.0,0.0,0.96,14.3,-10.65971,-46.89005
2026/05/27 04:59:00,NOAA-21,Brasil,PARÁ,JACAREACANGA,Amazônia,10.0,0.0,0.14,0.6,-9.26417,-56.24905
2026/05/27 04:59:00,NOAA-21,Brasil,MATO GROSSO,PORTO DOS GAÚCHOS,Amazônia,9.0,0.0,0.29,2.4,-11.63349,-56.85897
2026/05/27 04:59:00,NOAA-21,Brasil,BAHIA,FORMOSA DO RIO PRETO,Cerrado,4.0,0.0,1.0,1.0,-11.1428,-45.14735
2026/05/27 04:59:00,NOAA-21,Brasil,TOCANTINS,MIRACEMA DO TOCANTINS,Cerrado,22.0,0.0,0.76,1.6,-9.3905,-48.43785
2026/05/27 04:59:00,NOAA-21,Brasil,MATO GROSSO,PEIXOTO DE AZEVEDO,Amazônia,8.0,0.0,0.75,0.8,-9.99017,-53.62594
2026/05/27 04:59:00,NOAA-21,Brasil,MATO GROSSO,SANTA RITA DO TRIVELATO,Cerrado,10.0,0.3,0.28,2.2,-13.65702,-55.29679
2026/05/27 04:59:00,NOAA-21,Brasil,MATO GROSSO,SÃO JOSÉ DO RIO CLARO,Cerrado,10.0,0.0,0.77,1.0,-13.6028,-56.59834
2026/05/27 04:59:00,NOAA-21,Brasil,TOCANTINS,MATEIROS,Cerrado,15.0,0.0,0.97,45.0,-10.64932,-46.90039
2026/05/27 04:59:00,NOAA-21,Brasil,MATO GROSSO,MARCELÂNDIA,Amazônia,11.0,0.0,0.31,1.2,-10.59779,-53.47741
2026/05/27 04:59:00,NOAA-21,Brasil,MATO GROSSO,CLÁUDIA,Amazônia,9.0,0.0,0.21,1.5,-11.26142,-54.71416
2026/05/27 04:59:00,NOAA-21,Brasil,MATO GROSSO,NOVA MARINGÁ,Amazônia,11.0,0.1,0.26,3.6,-11.80917,-57.35476
2026/05/27 04:59:00,NOAA-21,Brasil,MATO GROSSO,CLÁUDIA,Amazônia,11.0,0.0,0.3,0.8,-11.74544,-54.7951
2026/05/27 04:59:00,NOAA-21,Brasil,MATO GROSSO,VILA RICA,Amazônia,28.0,0.0,0.72,8.5,-10.05457,-51.68545
2026/05/27 04:59:00,NOAA-21,Brasil,MATO GROSSO,MARCELÂNDIA,Amazônia,11.0,0.0,0.31,1.2,-10.60117,-53.47795
2026/05/27 04:59:00,NOAA-21,Brasil,MATO GROSSO,SÃO FÉLIX DO ARAGUAIA,Amazônia,12.0,0.0,0.27,8.6,-11.46239,-52.92164
2026/05/27 04:59:00,NOAA-21,Brasil,TOCANTINS,MATEIROS,Cerrado,11.0,0.0,0.96,2.7,-10.66542,-46.88517
2026/05/27 04:59:00,NOAA-21,Brasil,TOCANTINS,MATEIROS,Cerrado,13.0,0.0,0.96,14.3,-10.65476,-46.88923
2026/05/27 04:59:00,NOAA-21,Brasil,PARÁ,SÃO FÉLIX DO XINGU,Amazônia,14.0,0.0,0.75,0.8,-8.92786,-51.8466
2026/05/27 04:59:00,NOAA-21,Brasil,TOCANTINS,DIANÓPOLIS,Cerrado,4.0,0.0,0.9,10.8,-11.61541,-47.0069
2026/05/27 04:59:00,NOAA-21,Brasil,MATO GROSSO,UNIÃO DO SUL,Amazônia,26.0,0.0,0.23,0.6,-11.27448,-53.96408
2026/05/27 04:59:00,NOAA-21,Brasil,MATO GROSSO,JUARA,Amazônia,10.0,0.0,0.31,1.6,-11.8701,-57.82375
2026/05/27 04:59:00,NOAA-21,Brasil,MATO GROSSO,SÃO FÉLIX DO ARAGUAIA,Amazônia,11.0,0.0,0.33,6.0,-11.36248,-52.95884
2026/05/27 04:59:00,NOAA-21,Brasil,MATO GROSSO,MARCELÂNDIA,Amazônia,12.0,0.0,0.22,1.2,-10.91413,-54.12062
2026/05/27 04:59:00,NOAA-21,Brasil,MATO GROSSO,SÃO FÉLIX DO ARAGUAIA,Amazônia,12.0,0.0,0.27,5.0,-11.47279,-52.92323
2026/05/27 04:59:00,NOAA-21,Brasil,MATO GROSSO,SÃO FÉLIX DO ARAGUAIA,Amazônia,12.0,0.0,0.27,1.7,-11.45183,-52.92905
2026/05/27 04:59:00,NOAA-21,Brasil,MATO GROSSO,NOVA UBIRATÃ,Amazônia,11.0,0.6,0.26,0.7,-12.54488,-54.59138
2026/05/27 04:59:00,NOAA-21,Brasil,MATO GROSSO,MARCELÂNDIA,Amazônia,26.0,0.0,0.26,1.0,-11.21984,-53.82612
2026/05/27 04:59:00,NOAA-21,Brasil,MATO GROSSO,CLÁUDIA,Amazônia,12.0,0.0,0.34,1.7,-11.46402,-55.11992
2026/05/27 04:59:00,NOAA-21,Brasil,TOCANTINS,SÃO VALÉRIO,Cerrado,25.0,0.0,0.92,2.0,-11.5511,-48.26458
2026/05/27 04:59:00,NOAA-21,Brasil,PARÁ,CUMARU DO NORTE,Amazônia,14.0,0.0,0.7,2.6,-8.8767,-51.77774
2026/05/27 04:59:00,NOAA-21,Brasil,MATO GROSSO,SÃO FÉLIX DO ARAGUAIA,Amazônia,12.0,0.0,0.27,4.2,-11.45836,-52.92498
2026/05/27 04:59:00,NOAA-21,Brasil,MATO GROSSO,NOVA UBIRATÃ,Amazônia,11.0,0.57,0.26,2.7,-12.5482,-54.59191
2026/05/27 04:59:00,NOAA-21,Brasil,MATO GROSSO,NOVA MARINGÁ,Amazônia,10.0,0.0,0.28,2.3,-12.54116,-57.2017
2026/05/27 04:59:00,NOAA-21,Brasil,TOCANTINS,MATEIROS,Cerrado,14.0,0.0,0.97,45.0,-10.655,-46.89536
2026/05/27 04:59:00,NOAA-21,Brasil,MATO GROSSO,PORTO DOS GAÚCHOS,Amazônia,9.0,0.0,0.27,1.1,-11.55027,-56.93604
2026/05/27 04:59:00,NOAA-21,Brasil,MATO GROSSO,NOVA UBIRATÃ,Amazônia,11.0,0.34,0.3,3.3,-12.4604,-54.4538
2026/05/27 04:59:00,NOAA-21,Brasil,BAHIA,FORMOSA DO RIO PRETO,Cerrado,4.0,0.0,1.0,9.7,-11.1372,-45.14642
2026/05/27 04:59:00,NOAA-21,Brasil,MATO GROSSO,UNIÃO DO SUL,Amazônia,25.0,0.0,0.22,1.8,-11.27674,-53.97178
2026/05/27 04:59:00,NOAA-21,Brasil,MATO GROSSO,SANTA TEREZINHA,Amazônia,19.0,0.0,0.35,2.1,-10.71165,-51.32319
2026/05/27 04:59:00,NOAA-21,Brasil,MATO GROSSO,JUÍNA,Cerrado,9.0,0.0,1.0,0.6,-11.50821,-58.65483
2026/05/27 04:59:00,NOAA-21,Brasil,TOCANTINS,ALMAS,Cerrado,4.0,0.0,0.91,1.1,-11.165,-46.81419
2026/05/27 04:59:00,NOAA-21,Brasil,MATO GROSSO,PARANATINGA,Cerrado,9.0,0.0,0.91,0.9,-13.9716,-53.86486
2026/05/27 04:59:00,NOAA-21,Brasil,MATO GROSSO,SÃO FÉLIX DO ARAGUAIA,Amazônia,11.0,0.0,0.32,6.0,-11.35903,-52.95831
2026/05/27 04:59:00,NOAA-21,Brasil,TOCANTINS,MATEIROS,Cerrado,4.0,0.0,0.88,1.4,-10.76642,-46.89409
2026/05/27 04:59:00,NOAA-21,Brasil,MATO GROSSO,FELIZ NATAL,Amazônia,8.0,0.0,0.32,0.7,-11.9541,-54.09468
2026/05/27 04:59:00,NOAA-21,Brasil,MATO GROSSO,MARCELÂNDIA,Amazônia,11.0,0.0,0.31,1.2,-10.59835,-53.47375
2026/05/27 04:59:00,NOAA-21,Brasil,MATO GROSSO,SÃO FÉLIX DO ARAGUAIA,Amazônia,12.0,0.0,0.27,1.7,-11.44836,-52.92851
2026/05/27 04:59:00,NOAA-21,Brasil,MATO GROSSO,UNIÃO DO SUL,Amazônia,22.0,0.0,0.23,1.2,-11.28796,-54.01041
2026/05/27 04:59:00,NOAA-21,Brasil,TOCANTINS,MATEIROS,Cerrado,14.0,0.0,0.96,35.3,-10.64904,-46.89429
2026/05/27 04:59:00,NOAA-21,Brasil,MATO GROSSO,CANARANA,Amazônia,25.0,0.0,0.96,1.6,-13.34375,-52.93721
2026/05/27 04:59:00,NOAA-21,Brasil,MATO GROSSO,SÃO FÉLIX DO ARAGUAIA,Cerrado,24.0,0.0,0.84,1.5,-11.33294,-51.40475
2026/05/27 04:59:00,NOAA-21,Brasil,MATO GROSSO,PARANATINGA,Cerrado,9.0,0.0,1.0,3.2,-13.95682,-53.87032
2026/05/27 04:59:00,NOAA-21,Brasil,MATO GROSSO,PORTO DOS GAÚCHOS,Amazônia,9.0,0.0,0.27,1.1,-11.54689,-56.93548
2026/05/27 04:59:00,NOAA-21,Brasil,MATO GROSSO,UNIÃO DO SUL,Amazônia,11.0,0.0,0.28,0.8,-11.61581,-54.17489
2026/05/27 04:59:00,NOAA-21,Brasil,PARÁ,CUMARU DO NORTE,Amazônia,12.0,0.0,0.72,0.8,-8.88478,-51.84486
2026/05/27 04:59:00,NOAA-21,Brasil,MATO GROSSO,UNIÃO DO SUL,Amazônia,26.0,0.0,0.22,0.6,-11.27728,-53.96819
2026/05/27 04:59:00,NOAA-21,Brasil,TOCANTINS,CHAPADA DE AREIA,Cerrado,13.0,0.0,0.5,2.1,-10.13915,-49.15583
2026/05/27 04:59:00,NOAA-21,Brasil,MATO GROSSO,SÃO FÉLIX DO ARAGUAIA,Cerrado,24.0,0.0,0.85,1.5,-11.33667,-51.40531
2026/05/27 04:59:00,NOAA-21,Brasil,TOCANTINS,MATEIROS,Cerrado,15.0,0.0,0.97,51.7,-10.64828,-46.90002
2026/05/27 04:59:00,NOAA-21,Brasil,MATO GROSSO,NOVA UBIRATÃ,Amazônia,11.0,0.34,0.6,1.6,-12.68534,-54.58413
2026/05/27 04:59:00,NOAA-21,Brasil,TOCANTINS,SÃO VALÉRIO,Cerrado,24.0,0.0,0.97,2.0,-11.5459,-48.26863
2026/05/27 04:59:00,NOAA-21,Brasil,TOCANTINS,MIRACEMA DO TOCANTINS,Cerrado,22.0,0.0,0.76,0.8,-9.38976,-48.44006
2026/05/27 04:59:00,NOAA-21,Brasil,MATO GROSSO,CLÁUDIA,Amazônia,11.0,0.0,0.36,0.8,-11.74105,-54.80161
2026/05/27 04:59:00,NOAA-21,Brasil,MATO GROSSO,VILA RICA,Amazônia,28.0,0.0,0.8,4.2,-10.05095,-51.68491
2026/05/27 04:59:00,NOAA-21,Brasil,PARÁ,CUMARU DO NORTE,Amazônia,24.0,0.0,1.0,1.1,-9.14137,-51.28017
2026/05/27 04:59:00,NOAA-21,Brasil,MATO GROSSO,PORTO DOS GAÚCHOS,Amazônia,11.0,0.0,0.29,1.3,-11.93717,-57.04502
2026/05/27 04:59:00,NOAA-21,Brasil,TOCANTINS,DIANÓPOLIS,Cerrado,4.0,0.0,0.91,10.6,-11.61482,-47.00695
2026/05/27 04:59:00,NOAA-21,Brasil,TOCANTINS,CONCEIÇÃO DO TOCANTINS,Cerrado,4.0,0.0,0.96,3.0,-12.40784,-47.49185
2026/05/27 04:59:00,NOAA-21,Brasil,MATO GROSSO,SANTA RITA DO TRIVELATO,Cerrado,10.0,0.3,0.28,2.9,-13.65371,-55.29626
2026/05/27 04:59:00,NOAA-21,Brasil,TOCANTINS,MATEIROS,Cerrado,4.0,0.0,0.94,1.0,-10.70832,-46.83393
2026/05/27 04:59:00,NOAA-21,Brasil,MATO GROSSO,JUARA,Amazônia,8.0,0.0,0.21,0.8,-10.50477,-57.27113
2026/05/27 04:59:00,NOAA-21,Brasil,BAHIA,BARREIRAS,Cerrado,2.0,0.0,0.74,2.9,-12.01138,-45.34472
2026/05/27 04:59:00,NOAA-21,Brasil,TOCANTINS,NATIVIDADE,Cerrado,4.0,0.0,0.61,2.8,-11.59023,-47.44992
2026/05/27 04:59:00,NOAA-21,Brasil,TOCANTINS,FIGUEIRÓPOLIS,Cerrado,4.0,0.0,0.87,1.9,-12.22157,-49.3898
2026/05/27 04:59:00,NOAA-21,Brasil,MATO GROSSO,SÃO FÉLIX DO ARAGUAIA,Amazônia,12.0,0.0,0.27,6.6,-11.46586,-52.92217
2026/05/27 04:59:00,NOAA-21,Brasil,TOCANTINS,MIRACEMA DO TOCANTINS,Cerrado,22.0,0.0,0.76,1.8,-9.39107,-48.43357
2026/05/27 04:59:00,NOAA-21,Brasil,MATO GROSSO,UNIÃO DO SUL,Amazônia,26.0,0.0,0.22,0.6,-11.27394,-53.96767
2026/05/27 04:59:00,NOAA-21,Brasil,GOIÁS,TROMBAS,Cerrado,4.0,0.0,1.0,2.3,-13.28279,-48.85942
2026/05/27 04:59:00,NOAA-21,Brasil,MATO GROSSO,SÃO FÉLIX DO ARAGUAIA,Amazônia,11.0,0.0,0.28,6.0,-11.35846,-52.96217
2026/05/27 04:59:00,NOAA-21,Brasil,MATO GROSSO,NOVA MARINGÁ,Amazônia,11.0,0.1,0.26,0.7,-11.80513,-57.35797
2026/05/27 04:59:00,NOAA-21,Brasil,GOIÁS,POSSE,Cerrado,4.0,0.3,0.97,1.7,-14.03373,-46.35209
2026/05/27 04:59:00,NOAA-21,Brasil,BAHIA,FORMOSA DO RIO PRETO,Cerrado,4.0,0.0,1.0,12.9,-11.13768,-45.14251
2026/05/27 04:59:00,NOAA-21,Brasil,MATO GROSSO,SERRA NOVA DOURADA,Cerrado,6.0,0.0,0.78,1.9,-12.08664,-51.2202
2026/05/27 04:59:00,NOAA-21,Brasil,TOCANTINS,MATEIROS,Cerrado,16.0,0.0,0.97,3.4,-10.65324,-46.90075
2026/05/27 04:59:00,NOAA-21,Brasil,GOIÁS,POSSE,Cerrado,4.0,0.3,0.96,2.9,-14.03618,-46.35432
2026/05/27 04:59:00,NOAA-21,Brasil,MATO GROSSO,MARCELÂNDIA,Amazônia,12.0,0.0,0.22,1.3,-10.91467,-54.11707
2026/05/27 04:59:00,NOAA-21,Brasil,MATO GROSSO,JUARA,Amazônia,10.0,0.0,0.31,1.1,-11.8625,-57.82648
2026/05/27 04:59:00,NOAA-21,Brasil,MATO GROSSO,TABAPORÃ,Amazônia,8.0,0.0,0.54,1.5,-11.57061,-56.34348
2026/05/27 04:59:00,NOAA-21,Brasil,TOCANTINS,DIANÓPOLIS,Cerrado,4.0,0.0,0.81,7.3,-11.6152,-47.00402
2026/05/27 04:59:00,NOAA-21,Brasil,TOCANTINS,DIANÓPOLIS,Cerrado,4.0,0.0,0.75,7.3,-11.6202,-47.00466
2026/05/27 04:59:00,NOAA-21,Brasil,MATO GROSSO,NOVA UBIRATÃ,Amazônia,11.0,0.56,0.26,2.7,-12.54875,-54.58834
2026/05/27 04:59:00,NOAA-21,Brasil,TOCANTINS,SÃO VALÉRIO,Cerrado,23.0,0.0,0.91,2.0,-11.55046,-48.26934
2026/05/27 04:59:00,NOAA-21,Brasil,MATO GROSSO,PARANATINGA,Cerrado,9.0,0.0,0.96,1.1,-13.96421,-53.86758
2026/05/27 04:59:00,NOAA-21,Brasil,TOCANTINS,MATEIROS,Cerrado,5.0,0.0,0.92,2.1,-10.70905,-46.86793
2026/05/27 04:59:00,NOAA-21,Brasil,TOCANTINS,MATEIROS,Cerrado,11.0,0.0,0.96,6.0,-10.66633,-46.88557
2026/05/27 04:59:00,NOAA-21,Brasil,MATO GROSSO,PLANALTO DA SERRA,Cerrado,3.0,0.66,0.5,0.4,-14.63888,-54.49131
2026/05/27 04:59:00,NOAA-21,Brasil,MATO GROSSO,SÃO FÉLIX DO ARAGUAIA,Amazônia,12.0,0.0,0.27,6.6,-11.46642,-52.91829
2026/05/27 04:59:00,NOAA-21,Brasil,TOCANTINS,PORTO ALEGRE DO TOCANTINS,Cerrado,4.0,0.0,0.75,2.5,-11.57129,-47.10851
2026/05/27 04:59:00,NOAA-21,Brasil,MATO GROSSO,NOVA MARINGÁ,Amazônia,11.0,0.1,0.27,2.2,-11.81258,-57.35534
2026/05/27 04:59:00,NOAA-21,Brasil,TOCANTINS,NOVA ROSALÂNDIA,Cerrado,12.0,0.0,0.78,1.0,-10.5504,-48.86025
2026/05/27 04:59:00,NOAA-21,Brasil,TOCANTINS,APARECIDA DO RIO NEGRO,Cerrado,31.0,0.0,0.58,2.2,-9.89713,-47.86295
2026/05/27 04:59:00,NOAA-21,Brasil,MATO GROSSO,NOVA MARINGÁ,Amazônia,10.0,0.0,0.28,2.1,-12.54237,-57.19429
2026/05/27 04:59:00,NOAA-21,Brasil,MATO GROSSO,PORTO DOS GAÚCHOS,Amazônia,9.0,0.0,0.29,0.8,-11.63627,-56.86319
2026/05/27 04:59:00,NOAA-21,Brasil,TOCANTINS,MATEIROS,Cerrado,17.0,0.0,0.97,7.4,-10.64861,-46.90612
2026/05/27 04:59:00,NOAA-21,Brasil,TOCANTINS,MATEIROS,Cerrado,11.0,0.0,0.96,4.8,-10.66047,-46.88434
2026/05/27 04:59:00,NOAA-21,Brasil,MATO GROSSO,PARANATINGA,Cerrado,9.0,0.0,0.95,1.1,-13.96079,-53.86704
2026/05/27 04:59:00,NOAA-21,Brasil,TOCANTINS,SÃO SALVADOR DO TOCANTINS,Cerrado,4.0,0.0,0.7,2.5,-12.51615,-48.27841
2026/05/27 04:59:00,NOAA-21,Brasil,MATO GROSSO,CANARANA,Amazônia,26.0,0.0,0.91,1.6,-13.34317,-52.94124
2026/05/27 04:59:00,NOAA-21,Brasil,MATO GROSSO,NOVA UBIRATÃ,Amazônia,11.0,0.4,0.41,2.2,-12.46264,-54.46151
2026/05/27 04:59:00,NOAA-21,Brasil,BAHIA,JABORANDI,Cerrado,4.0,0.1,0.95,1.5,-14.17568,-45.45165
2026/05/27 04:59:00,NOAA-21,Brasil,TOCANTINS,MATEIROS,Cerrado,4.0,0.0,0.94,1.9,-10.76009,-46.8265
2026/05/27 04:59:00,NOAA-21,Brasil,MATO GROSSO,UNIÃO DO SUL,Amazônia,11.0,0.0,0.96,3.5,-11.59765,-54.56194
2026/05/27 04:59:00,NOAA-21,Brasil,GOIÁS,POSSE,Cerrado,4.0,0.3,1.0,1.1,-14.03698,-46.34721
2026/05/27 04:59:00,NOAA-21,Brasil,BAHIA,JABORANDI,Cerrado,4.0,0.1,0.99,3.4,-14.15996,-45.27348
2026/05/27 04:59:00,NOAA-21,Brasil,MATO GROSSO,MARCELÂNDIA,Amazônia,12.0,0.0,0.22,1.2,-10.91691,-54.1247
2026/05/27 04:59:00,NOAA-21,Brasil,MATO GROSSO,VILA RICA,Amazônia,28.0,0.0,0.41,8.5,-10.0588,-51.68175
2026/05/27 04:59:00,NOAA-21,Brasil,BAHIA,JABORANDI,Cerrado,4.0,0.1,0.99,2.2,-14.15905,-45.27691
2026/05/27 04:59:00,NOAA-21,Brasil,TOCANTINS,MIRACEMA DO TOCANTINS,Cerrado,22.0,0.0,0.76,1.3,-9.39036,-48.4358
2026/05/27 04:59:00,NOAA-21,Brasil,TOCANTINS,CONCEIÇÃO DO TOCANTINS,Cerrado,4.0,0.0,0.62,2.6,-11.96588,-47.37605
2026/05/27 04:59:00,NOAA-21,Brasil,PARÁ,SÃO FÉLIX DO XINGU,Amazônia,13.0,0.0,0.74,1.2,-8.90839,-51.85604
2026/05/27 04:59:00,NOAA-21,Brasil,PARÁ,ALTAMIRA,Amazônia,9.0,0.0,0.89,0.4,-8.61368,-54.91905
2026/05/27 04:59:00,NOAA-21,Brasil,MATO GROSSO,CAMPOS DE JÚLIO,Cerrado,9.0,0.0,0.34,1.2,-12.7753,-59.00853
2026/05/27 04:59:00,NOAA-21,Brasil,MATO GROSSO,ARIPUANÃ,Amazônia,9.0,0.0,0.22,2.1,-10.02724,-59.34465
2026/05/27 04:59:00,NOAA-21,Brasil,MATO GROSSO,JUARA,Amazônia,8.0,0.0,0.21,0.8,-10.50821,-57.27171
2026/05/27 04:59:00,NOAA-21,Brasil,TOCANTINS,SÃO SALVADOR DO TOCANTINS,Cerrado,4.0,0.0,0.7,2.1,-12.51267,-48.27699
2026/05/27 04:59:00,NOAA-21,Brasil,MATO GROSSO,ARIPUANÃ,Amazônia,9.0,0.0,0.94,1.2,-10.44431,-59.43082
2026/05/27 04:59:00,NOAA-21,Brasil,BAHIA,FORMOSA DO RIO PRETO,Cerrado,4.0,0.0,1.0,9.7,-11.13676,-45.15009
2026/05/27 04:59:00,NOAA-21,Brasil,GOIÁS,MOZARLÂNDIA,Cerrado,4.0,0.0,1.0,1.4,-14.77355,-50.53385
2026/05/27 04:59:00,NOAA-21,Brasil,MATO GROSSO,PARANATINGA,Cerrado,9.0,0.0,1.0,1.4,-13.95626,-53.8741
2026/05/27 04:59:00,NOAA-21,Brasil,BAHIA,JABORANDI,Cerrado,4.0,0.1,0.99,3.2,-14.15953,-45.27268
2026/05/27 04:59:00,NOAA-21,Brasil,MATO GROSSO,CAMPOS DE JÚLIO,Cerrado,9.0,0.0,0.42,1.5,-12.77578,-59.00714
2026/05/27 04:59:00,NOAA-21,Brasil,MATO GROSSO,SÃO FÉLIX DO ARAGUAIA,Amazônia,12.0,0.0,0.27,8.6,-11.45893,-52.9211
2026/05/27 04:59:00,NOAA-21,Brasil,MATO GROSSO,SÃO FÉLIX DO ARAGUAIA,Amazônia,12.0,0.0,0.27,0.8,-11.4449,-52.92798
2026/05/27 04:59:00,NOAA-21,Brasil,MATO GROSSO,PORTO DOS GAÚCHOS,Amazônia,11.0,0.0,0.3,1.3,-11.93777,-57.04133
2026/05/27 04:59:00,NOAA-21,Brasil,MATO GROSSO,PORTO DOS GAÚCHOS,Amazônia,9.0,0.0,0.27,1.1,-11.55087,-56.93235
2026/05/27 04:59:00,NOAA-21,Brasil,MATO GROSSO,SÃO FÉLIX DO ARAGUAIA,Amazônia,11.0,0.0,0.28,18.0,-11.35211,-52.95724
2026/05/27 04:59:00,NOAA-21,Brasil,MATO GROSSO,FELIZ NATAL,Amazônia,8.0,0.0,0.46,0.7,-11.95075,-54.09415
2026/05/27 04:59:00,NOAA-21,Brasil,MATO GROSSO,SÃO FÉLIX DO ARAGUAIA,Amazônia,11.0,0.0,0.56,4.8,-11.36305,-52.95497
2026/05/27 04:59:00,NOAA-21,Brasil,GOIÁS,POSSE,Cerrado,4.0,0.3,0.95,1.8,-14.03869,-46.35641
2026/05/27 04:59:00,NOAA-21,Brasil,MATO GROSSO,MARCELÂNDIA,Amazônia,12.0,0.0,0.22,1.5,-10.91134,-54.11655
2026/05/27 04:59:00,NOAA-21,Brasil,MATO GROSSO,QUERÊNCIA,Amazônia,22.0,0.0,0.34,1.5,-11.81408,-52.5154
2026/05/27 04:59:00,NOAA-21,Brasil,TOCANTINS,PORTO NACIONAL,Cerrado,4.0,0.0,0.48,2.6,-10.63517,-48.32854
2026/05/27 04:59:00,NOAA-21,Brasil,MATO GROSSO,PORTO DOS GAÚCHOS,Amazônia,9.0,0.0,0.27,1.1,-11.54749,-56.93178
2026/05/27 04:59:00,NOAA-21,Brasil,MATO GROSSO,CLÁUDIA,Amazônia,11.0,0.0,0.29,0.3,-11.74598,-54.79158
2026/05/27 04:59:00,NOAA-21,Brasil,MATO GROSSO,TABAPORÃ,Amazônia,8.0,0.0,0.97,0.8,-11.56451,-56.33881
2026/05/27 04:59:00,NOAA-21,Brasil,MATO GROSSO,PEIXOTO DE AZEVEDO,Amazônia,11.0,0.0,1.0,6.7,-10.32658,-53.58158
2026/05/27 04:59:00,NOAA-21,Brasil,TOCANTINS,MATEIROS,Cerrado,4.0,0.0,0.92,0.9,-10.76491,-46.90545
2026/05/27 04:59:00,NOAA-21,Brasil,MATO GROSSO,SÃO FÉLIX DO ARAGUAIA,Amazônia,12.0,0.0,0.27,1.4,-11.4549,-52.92445
2026/05/27 04:59:00,NOAA-21,Brasil,TOCANTINS,CONCEIÇÃO DO TOCANTINS,Cerrado,4.0,0.0,0.97,3.5,-12.41005,-47.49068
2026/05/27 04:59:00,NOAA-21,Brasil,GOIÁS,POSSE,Cerrado,4.0,0.3,0.98,1.6,-14.03911,-46.35292
2026/05/27 04:59:00,NOAA-21,Brasil,MATO GROSSO,SÃO FÉLIX DO ARAGUAIA,Amazônia,11.0,0.0,0.28,18.0,-11.355,-52.96164
2026/05/27 04:59:00,NOAA-21,Brasil,MATO GROSSO,UNIÃO DO SUL,Amazônia,11.0,0.0,1.0,2.3,-11.56496,-54.53143
2026/05/27 04:59:00,NOAA-21,Brasil,TOCANTINS,SANTA RITA DO TOCANTINS,Cerrado,11.0,0.0,0.95,1.2,-10.97314,-49.43739
2026/05/27 04:59:00,NOAA-21,Brasil,TOCANTINS,MATEIROS,Cerrado,4.0,0.0,0.95,2.7,-10.5258,-46.8995
2026/05/27 04:59:00,NOAA-21,Brasil,TOCANTINS,MATEIROS,Cerrado,17.0,0.0,0.97,51.7,-10.64753,-46.90572
2026/05/27 04:59:00,NOAA-21,Brasil,TOCANTINS,MATEIROS,Cerrado,13.0,0.0,0.96,15.7,-10.65571,-46.8896
2026/05/27 04:59:00,NOAA-21,Brasil,MATO GROSSO,SÃO JOSÉ DO RIO CLARO,Cerrado,10.0,0.0,0.62,1.0,-13.60337,-56.59476
2026/05/27 04:59:00,NOAA-21,Brasil,GOIÁS,NOVA IGUAÇU DE GOIÁS,Cerrado,4.0,0.0,0.84,1.6,-14.3039,-49.24538
2026/05/27 04:59:00,NOAA-21,Brasil,GOIÁS,NIQUELÂNDIA,Cerrado,4.0,0.0,0.91,0.9,-14.63159,-47.90548
2026/05/27 04:59:00,NOAA-21,Brasil,MATO GROSSO,PORTO DOS GAÚCHOS,Amazônia,9.0,0.0,0.27,1.1,-11.56101,-56.93407
2026/05/27 04:59:00,NOAA-21,Brasil,BAHIA,FORMOSA DO RIO PRETO,Cerrado,4.0,0.0,1.0,1.0,-11.14236,-45.15101
2026/05/27 04:59:00,NOAA-21,Brasil,MATO GROSSO,JUARA,Amazônia,10.0,0.0,0.31,1.1,-11.85902,-57.8259
2026/05/27 04:59:00,NOAA-21,Brasil,TOCANTINS,MATEIROS,Cerrado,13.0,0.0,0.96,6.0,-10.66067,-46.89043
2026/05/27 04:59:00,NOAA-21,Brasil,MATO GROSSO,SANTA TEREZINHA,Amazônia,19.0,0.0,0.35,2.0,-10.70927,-51.32521
2026/05/27 04:59:00,NOAA-21,Brasil,TOCANTINS,MATEIROS,Cerrado,4.0,0.0,0.93,3.3,-10.75473,-46.8286
2026/05/27 04:59:00,NOAA-21,Brasil,TOCANTINS,DIANÓPOLIS,Cerrado,4.0,0.0,0.7,2.5,-11.83281,-47.09704
2026/05/27 04:59:00,NOAA-21,Brasil,MATO GROSSO,ITANHANGÁ,Amazônia,10.0,0.0,0.32,0.9,-12.18295,-56.45151
2026/05/27 04:59:00,NOAA-21,Brasil,TOCANTINS,SANTA RITA DO TOCANTINS,Cerrado,11.0,0.0,0.98,1.8,-10.97198,-49.43861
2026/05/27 04:59:00,NOAA-21,Brasil,MATO GROSSO,PORTO DOS GAÚCHOS,Amazônia,8.0,0.0,0.29,2.4,-11.63686,-56.85952
2026/05/27 04:59:00,NOAA-21,Brasil,BAHIA,FORMOSA DO RIO PRETO,Cerrado,34.0,0.0,1.0,2.4,-10.97095,-45.09019
2026/05/27 04:59:00,NOAA-21,Brasil,MATO GROSSO,NOVA UBIRATÃ,Amazônia,11.0,0.3,0.3,3.3,-12.46094,-54.4502
2026/05/27 04:59:00,NOAA-21,Brasil,MATO GROSSO,SÃO FÉLIX DO ARAGUAIA,Amazônia,11.0,0.0,0.46,4.8,-11.35959,-52.95444
2026/05/27 04:59:00,NOAA-21,Brasil,MATO GROSSO,SÃO FÉLIX DO ARAGUAIA,Amazônia,12.0,0.0,0.27,0.8,-11.44144,-52.92745
2026/05/27 04:59:00,NOAA-21,Brasil,MATO GROSSO,JUARA,Amazônia,10.0,0.0,0.89,0.8,-11.4045,-57.80877
2026/05/27 04:59:00,NOAA-21,Brasil,TOCANTINS,DIANÓPOLIS,Cerrado,4.0,0.0,0.7,2.4,-11.83352,-47.09856
2026/05/27 04:59:00,NOAA-21,Brasil,MATO GROSSO,TABAPORÃ,Amazônia,8.0,0.0,0.79,0.8,-11.56394,-56.34239
2026/05/27 04:59:00,NOAA-21,Brasil,PARÁ,JACAREACANGA,Amazônia,10.0,0.0,0.14,0.6,-9.26475,-56.24542
2026/05/27 04:59:00,NOAA-21,Brasil,BAHIA,FORMOSA DO RIO PRETO,Cerrado,34.0,0.0,1.0,1.8,-10.97047,-45.09407
2026/05/27 04:59:00,NOAA-21,Brasil,TOCANTINS,MATEIROS,Cerrado,14.0,0.0,0.97,14.3,-10.654,-46.89498
2026/05/27 04:59:00,NOAA-21,Brasil,MATO GROSSO,MARCELÂNDIA,Amazônia,12.0,0.0,0.22,1.2,-10.91358,-54.12418
2026/05/27 04:59:00,NOAA-21,Brasil,GOIÁS,NIQUELÂNDIA,Cerrado,4.0,0.0,0.93,2.0,-14.63651,-47.90595
2026/05/27 04:59:00,NOAA-21,Brasil,MATO GROSSO,SÃO FÉLIX DO ARAGUAIA,Amazônia,12.0,0.0,0.27,6.6,-11.46989,-52.91882
2026/05/27 04:59:00,NOAA-21,Brasil,MATO GROSSO,JUARA,Amazônia,10.0,0.0,0.31,1.1,-11.85837,-57.82985
2026/05/27 04:59:00,NOAA-21,Brasil,TOCANTINS,MATEIROS,Cerrado,4.0,0.0,0.93,3.3,-10.74974,-46.82791
2026/05/27 04:59:00,NOAA-21,Brasil,PARÁ,CUMARU DO NORTE,Amazônia,13.0,0.0,0.53,1.0,-8.89074,-51.82928
2026/05/27 04:59:00,NOAA-21,Brasil,MATO GROSSO,SÃO FÉLIX DO ARAGUAIA,Amazônia,11.0,0.0,0.29,18.0,-11.35557,-52.95777
2026/05/27 04:59:00,NOAA-21,Brasil,TOCANTINS,NATIVIDADE,Cerrado,4.0,0.0,0.61,1.2,-11.5895,-47.45566
2026/05/27 04:59:00,NOAA-21,Brasil,MATO GROSSO,TABAPORÃ,Amazônia,8.0,0.0,0.7,1.5,-11.56728,-56.34293
2026/05/27 04:59:00,NOAA-21,Brasil,MATO GROSSO,SÃO FÉLIX DO ARAGUAIA,Amazônia,12.0,0.0,0.27,1.4,-11.45433,-52.92833
2026/05/27 04:59:00,NOAA-21,Brasil,TOCANTINS,CARIRI DO TOCANTINS,Cerrado,4.0,0.0,0.77,1.0,-12.01257,-49.27491
2026/05/27 04:59:00,NOAA-21,Brasil,GOIÁS,POSSE,Cerrado,4.0,0.3,0.99,1.1,-14.03658,-46.35079
2026/05/27 04:59:00,NOAA-21,Brasil,MATO GROSSO,VILA RICA,Amazônia,28.0,0.0,0.41,8.5,-10.05518,-51.68121
2026/05/27 04:59:00,NOAA-21,Brasil,BAHIA,BARREIRAS,Cerrado,2.0,0.0,0.74,2.9,-12.01091,-45.34856
2026/05/27 04:59:00,NOAA-21,Brasil,MATO GROSSO,NOVA UBIRATÃ,Amazônia,11.0,0.42,0.67,1.2,-12.4621,-54.46509
2026/05/27 04:59:00,NOAA-21,Brasil,MATO GROSSO,VILA RICA,Amazônia,28.0,0.0,0.81,4.2,-10.04795,-51.68015
2026/05/27 04:59:00,NOAA-21,Brasil,MATO GROSSO,TABAPORÃ,Amazônia,8.0,0.0,0.82,1.5,-11.56785,-56.33935
2026/05/27 04:59:00,NOAA-21,Brasil,TOCANTINS,MIRACEMA DO TOCANTINS,Cerrado,22.0,0.0,0.76,1.3,-9.39097,-48.43154
2026/05/27 04:59:00,NOAA-21,Brasil,PARÁ,CUMARU DO NORTE,Amazônia,12.0,0.0,0.73,1.6,-8.88998,-51.85838
2026/05/27 04:59:00,NOAA-21,Brasil,TOCANTINS,MATEIROS,Cerrado,6.0,0.0,0.92,2.1,-10.70832,-46.87363
2026/05/27 04:59:00,NOAA-21,Brasil,MATO GROSSO,MARCELÂNDIA,Amazônia,20.0,0.0,0.29,1.5,-10.87769,-53.73617
2026/05/27 04:59:00,NOAA-21,Brasil,MATO GROSSO,FELIZ NATAL,Amazônia,12.0,0.0,0.3,3.1,-11.79236,-54.02143
2026/05/27 04:59:00,NOAA-21,Brasil,BAHIA,BARREIRAS,Cerrado,2.0,0.0,0.66,3.2,-12.00091,-45.14544
2026/05/27 04:59:00,NOAA-21,Brasil,TOCANTINS,MATEIROS,Cerrado,11.0,0.0,0.96,6.0,-10.66138,-46.88472
2026/05/27 04:59:00,NOAA-21,Brasil,TOCANTINS,APARECIDA DO RIO NEGRO,Cerrado,31.0,0.0,0.58,2.3,-9.8975,-47.86154
2026/05/27 04:59:00,NOAA-21,Brasil,RONDÔNIA,NOVA MAMORÉ,Amazônia,9.0,0.0,1.0,2.5,-10.1417,-64.88699
2026/05/27 04:59:00,NOAA-21,Brasil,MATO GROSSO,NOVA MARINGÁ,Amazônia,10.0,0.0,0.28,2.1,-12.54176,-57.198
2026/05/27 04:59:00,NOAA-21,Brasil,TOCANTINS,SÃO SALVADOR DO TOCANTINS,Cerrado,4.0,0.0,0.7,2.1,-12.51731,-48.27764
2026/05/27 04:59:00,NOAA-21,Brasil,MATO GROSSO,QUERÊNCIA,Amazônia,22.0,0.0,0.34,0.4,-11.81468,-52.51133
2026/05/27 04:59:00,NOAA-21,Brasil,MATO GROSSO,MARCELÂNDIA,Amazônia,26.0,0.0,0.26,1.0,-11.22039,-53.82249
2026/05/27 04:59:00,NOAA-21,Brasil,MATO GROSSO,SÃO FÉLIX DO ARAGUAIA,Amazônia,12.0,0.0,0.27,6.6,-11.46932,-52.9227
2026/05/27 04:59:00,NOAA-21,Brasil,MATO GROSSO,MARCELÂNDIA,Amazônia,12.0,0.0,0.22,2.8,-10.9108,-54.1201
2026/05/27 04:59:00,NOAA-21,Brasil,MATO GROSSO,SÃO FÉLIX DO ARAGUAIA,Amazônia,12.0,0.0,0.27,1.4,-11.45087,-52.92781
2026/05/27 04:59:00,NOAA-21,Brasil,MATO GROSSO,SÃO FÉLIX DO ARAGUAIA,Amazônia,12.0,0.0,0.27,4.2,-11.46182,-52.92552
2026/05/27 04:59:00,NOAA-21,Brasil,TOCANTINS,MATEIROS,Cerrado,4.0,0.0,0.94,3.3,-10.7551,-46.82576
2026/05/27 04:59:00,NOAA-21,Brasil,TOCANTINS,DIVINÓPOLIS DO TOCANTINS,Cerrado,12.0,0.0,0.52,0.6,-9.74341,-49.20963
2026/05/27 04:59:00,NOAA-21,Brasil,MATO GROSSO,PORTO DOS GAÚCHOS,Amazônia,11.0,0.0,0.3,1.3,-11.931,-57.0402
2026/05/27 04:59:00,NOAA-21,Brasil,MATO GROSSO,CLÁUDIA,Amazônia,11.0,0.0,0.28,0.8,-11.74213,-54.79457
2026/05/27 04:59:00,NOAA-21,Brasil,MATO GROSSO,VILA RICA,Amazônia,28.0,0.0,0.59,4.2,-10.05157,-51.68068
2026/05/27 04:59:00,NOAA-21,Brasil,TOCANTINS,MATEIROS,Cerrado,3.0,0.0,0.95,3.5,-10.52085,-46.89877
2026/05/27 04:59:00,NOAA-21,Brasil,MATO GROSSO,SÃO FÉLIX DO ARAGUAIA,Amazônia,12.0,0.0,0.27,0.6,-11.45546,-52.92057
2026/05/27 04:59:00,NOAA-21,Brasil,MATO GROSSO,VILA RICA,Amazônia,28.0,0.0,0.91,4.2,-10.04734,-51.68437
2026/05/27 04:59:00,NOAA-21,Brasil,TOCANTINS,DIVINÓPOLIS DO TOCANTINS,Cerrado,12.0,0.0,0.97,1.1,-9.85449,-49.06117
2026/05/27 04:59:00,NOAA-21,Brasil,TOCANTINS,MATEIROS,Cerrado,4.0,0.0,0.94,3.3,-10.75012,-46.82502
2026/05/27 04:59:00,NOAA-21,Brasil,TOCANTINS,SÃO VALÉRIO,Cerrado,24.0,0.0,0.91,2.1,-11.55115,-48.26603
2026/05/27 04:59:00,NOAA-21,Brasil,MATO GROSSO,NOVA MARINGÁ,Amazônia,11.0,0.1,0.27,1.3,-11.79485,-57.35628
2026/05/27 04:59:00,NOAA-21,Brasil,TOCANTINS,MATEIROS,Cerrado,4.0,0.0,0.93,2.0,-10.71292,-46.83764
2026/05/27 04:59:00,NOAA-21,Brasil,MATO GROSSO,PORTO DOS GAÚCHOS,Amazônia,9.0,0.0,0.27,1.2,-11.54967,-56.93974
2026/05/27 04:59:00,NOAA-21,Brasil,MATO GROSSO,TABAPORÃ,Amazônia,8.0,0.0,0.6,1.5,-11.57118,-56.33989
2026/05/27 04:59:00,NOAA-21,Brasil,MATO GROSSO,MARCELÂNDIA,Amazônia,11.0,0.0,0.31,0.8,-10.59891,-53.4701
2026/05/27 04:59:00,NOAA-21,Brasil,TOCANTINS,DIANÓPOLIS,Cerrado,4.0,0.0,0.71,2.3,-11.82853,-47.09795
2026/05/27 04:59:00,NOAA-21,Brasil,MATO GROSSO,NOVA MARINGÁ,Amazônia,11.0,0.1,0.26,1.0,-11.8017,-57.3574
2026/05/27 04:59:00,NOAA-21,Brasil,TOCANTINS,MATEIROS,Cerrado,14.0,0.0,0.96,45.0,-10.65003,-46.89465
2026/05/27 04:59:00,NOAA-21,Brasil,MATO GROSSO,UNIÃO DO SUL,Amazônia,26.0,0.0,0.23,0.8,-11.29122,-53.96669
2026/05/27 04:59:00,NOAA-21,Brasil,MATO GROSSO,UNIÃO DO SUL,Amazônia,22.0,0.0,0.25,1.5,-11.29061,-54.01042
2026/05/27 04:59:00,NOAA-21,Brasil,MATO GROSSO,CANARANA,Amazônia,25.0,0.0,0.89,2.1,-13.34433,-52.9332
2026/05/27 04:59:00,NOAA-21,Brasil,MATO GROSSO,ITANHANGÁ,Amazônia,11.0,0.0,0.32,0.9,-12.18352,-56.44793
2026/05/27 04:59:00,NOAA-21,Brasil,PARÁ,ALTAMIRA,Amazônia,9.0,0.0,0.15,0.8,-8.52138,-54.76949
2026/05/27 04:59:00,NOAA-21,Brasil,MATO GROSSO,NOVA MARINGÁ,Amazônia,11.0,0.1,0.27,2.2,-11.8132,-57.35157
2026/05/27 04:59:00,NOAA-21,Brasil,MATO GROSSO,MARCELÂNDIA,Amazônia,20.0,0.0,0.29,1.1,-10.87433,-53.73565
2026/05/27 04:59:00,NOAA-21,Brasil,TOCANTINS,MATEIROS,Cerrado,16.0,0.0,0.97,51.7,-10.64258,-46.90495
2026/05/27 04:59:00,NOAA-21,Brasil,TOCANTINS,MATEIROS,Cerrado,4.0,0.0,0.9,0.9,-10.76565,-46.89986
2026/05/27 04:59:00,NOAA-21,Brasil,MATO GROSSO,ÁGUA BOA,Cerrado,11.0,0.0,0.9,1.2,-13.69875,-52.60247
2026/05/27 05:00:00,GOES-19,Brasil,TOCANTINS,MATEIROS,Cerrado,15.0,0.0,0.97,111.5,-10.6482,-46.8997
2026/05/27 05:01:00,NOAA-21,Brasil,MATO GROSSO DO SUL,PEDRO GOMES,Cerrado,4.0,0.0,0.94,1.9,-17.95638,-54.46309
2026/05/27 05:01:00,NOAA-21,Brasil,MINAS GERAIS,FORTALEZA DE MINAS,Mata Atlântica,7.0,0.0,0.53,0.6,-20.91915,-46.78805
2026/05/27 05:01:00,NOAA-21,Brasil,MATO GROSSO DO SUL,BANDEIRANTES,Cerrado,9.0,0.0,0.7,2.9,-19.76327,-54.07876
2026/05/27 05:01:00,NOAA-21,Brasil,MINAS GERAIS,VEREDINHA,Cerrado,5.0,0.0,0.55,5.4,-17.37357,-42.70214
2026/05/27 05:01:00,NOAA-21,Brasil,MINAS GERAIS,PERDIZES,Cerrado,4.0,0.0,0.62,1.9,-19.18643,-47.36277
2026/05/27 05:01:00,NOAA-21,Brasil,MINAS GERAIS,FORTALEZA DE MINAS,Mata Atlântica,7.0,0.0,0.59,0.6,-20.9134,-46.78794
2026/05/27 05:01:00,NOAA-21,Brasil,MATO GROSSO DO SUL,PEDRO GOMES,Cerrado,7.0,0.0,1.0,1.7,-18.23822,-54.59386
2026/05/27 05:01:00,NOAA-21,Brasil,MATO GROSSO DO SUL,BANDEIRANTES,Cerrado,9.0,0.0,0.94,3.6,-19.7621,-54.08734
2026/05/27 05:01:00,NOAA-21,Brasil,MATO GROSSO DO SUL,BANDEIRANTES,Cerrado,9.0,0.0,1.0,1.5,-19.72294,-54.6544
2026/05/27 05:01:00,NOAA-21,Brasil,MATO GROSSO,POCONÉ,Pantanal,6.0,0.0,1.0,0.9,-16.3389,-56.77029
2026/05/27 05:01:00,NOAA-21,Brasil,MINAS GERAIS,PERDIZES,Cerrado,4.0,0.0,0.39,2.6,-19.17602,-47.35771
2026/05/27 05:01:00,NOAA-21,Brasil,MATO GROSSO,CÁCERES,Pantanal,8.0,0.0,0.28,1.2,-16.17048,-58.47744
2026/05/27 05:01:00,NOAA-21,Brasil,MATO GROSSO,CÁCERES,Pantanal,8.0,0.0,0.28,1.9,-16.16705,-58.47684
2026/05/27 05:01:00,NOAA-21,Brasil,MINAS GERAIS,TURMALINA,Cerrado,5.0,0.0,0.45,5.4,-17.38111,-42.69651
2026/05/27 05:01:00,NOAA-21,Brasil,MATO GROSSO DO SUL,PEDRO GOMES,Cerrado,4.0,0.0,1.0,2.7,-17.95493,-54.46557
2026/05/27 05:01:00,NOAA-21,Brasil,MATO GROSSO,CÁCERES,Pantanal,8.0,0.0,0.31,1.9,-16.16362,-58.47624
2026/05/27 05:01:00,NOAA-21,Brasil,MATO GROSSO DO SUL,BANDEIRANTES,Cerrado,9.0,0.0,0.82,2.2,-19.7597,-54.07822
2026/05/27 05:01:00,NOAA-21,Brasil,MINAS GERAIS,LIMEIRA DO OESTE,Mata Atlântica,9.0,0.0,0.67,60.4,-19.26653,-50.75824
2026/05/27 05:01:00,NOAA-21,Brasil,MATO GROSSO DO SUL,CORUMBÁ,Pantanal,8.0,0.0,0.67,1.3,-19.10031,-56.06099
2026/05/27 05:01:00,NOAA-21,Brasil,MATO GROSSO,SANTO ANTÔNIO DO LEVERGER,Cerrado,8.0,0.0,0.53,1.5,-16.37688,-55.40288
2026/05/27 05:01:00,NOAA-21,Brasil,GOIÁS,BOM JARDIM DE GOIÁS,Cerrado,4.0,0.0,0.88,1.6,-16.13228,-52.24985
2026/05/27 05:01:00,NOAA-21,Brasil,MATO GROSSO,SANTO ANTÔNIO DO LEVERGER,Cerrado,8.0,0.0,0.72,1.6,-16.38021,-55.40342
2026/05/27 05:01:00,NOAA-21,Brasil,MATO GROSSO DO SUL,ÁGUA CLARA,Cerrado,7.0,0.0,0.84,1.4,-20.24832,-53.0093
2026/05/27 05:01:00,NOAA-21,Brasil,MINAS GERAIS,VEREDINHA,Cerrado,5.0,0.0,0.45,3.1,-17.3823,-42.69944
2026/05/27 05:01:00,NOAA-21,Brasil,MATO GROSSO,VILA BELA DA SANTÍSSIMA TRINDADE,Amazônia,4.0,0.0,0.73,1.0,-16.26404,-60.00152
2026/05/27 05:01:00,NOAA-21,Brasil,MINAS GERAIS,PERDIZES,Cerrado,4.0,0.0,0.52,1.9,-19.18681,-47.35902
2026/05/27 05:01:00,NOAA-21,Brasil,MATO GROSSO DO SUL,BANDEIRANTES,Cerrado,9.0,0.0,1.0,0.6,-19.78359,-54.42831
2026/05/27 05:01:00,NOAA-21,Brasil,MINAS GERAIS,TURMALINA,Cerrado,5.0,0.0,0.45,6.9,-17.37592,-42.69167
2026/05/27 05:01:00,NOAA-21,Brasil,MINAS GERAIS,VAZANTE,Cerrado,4.0,0.0,0.98,2.8,-18.07258,-46.87661
2026/05/27 05:01:00,NOAA-21,Brasil,MATO GROSSO,SANTO ANTÔNIO DO LEVERGER,Cerrado,7.0,0.0,0.42,1.0,-16.37465,-55.39506
2026/05/27 05:01:00,NOAA-21,Brasil,MATO GROSSO DO SUL,BANDEIRANTES,Cerrado,9.0,0.0,0.97,1.1,-19.75852,-54.08683
2026/05/27 05:01:00,NOAA-21,Brasil,MINAS GERAIS,VAZANTE,Cerrado,4.0,0.0,1.0,0.8,-18.07804,-46.87756
2026/05/27 05:01:00,NOAA-21,Brasil,MATO GROSSO,SANTO ANTÔNIO DO LEVERGER,Cerrado,7.0,0.0,0.56,1.0,-16.37743,-55.39924
2026/05/27 05:01:00,NOAA-21,Brasil,MATO GROSSO DO SUL,BANDEIRANTES,Cerrado,9.0,0.0,0.9,1.1,-19.75911,-54.08252
2026/05/27 05:01:00,NOAA-21,Brasil,MATO GROSSO DO SUL,PEDRO GOMES,Cerrado,4.0,0.0,0.99,1.9,-17.9558,-54.46704
2026/05/27 05:01:00,NOAA-21,Brasil,MINAS GERAIS,TURMALINA,Cerrado,5.0,0.0,0.45,6.9,-17.3753,-42.6986
2026/05/27 05:01:00,NOAA-21,Brasil,MINAS GERAIS,VAZANTE,Cerrado,4.0,0.0,0.97,2.8,-18.07298,-46.87271
2026/05/27 05:01:00,NOAA-21,Brasil,MATO GROSSO DO SUL,BANDEIRANTES,Cerrado,9.0,0.0,1.0,1.5,-19.72352,-54.65027
2026/05/27 05:01:00,NOAA-21,Brasil,MATO GROSSO DO SUL,APARECIDA DO TABOADO,Cerrado,8.0,0.0,1.0,0.9,-20.09977,-51.15585
2026/05/27 05:01:00,NOAA-21,Brasil,MATO GROSSO DO SUL,CORUMBÁ,Pantanal,12.0,0.0,0.43,0.9,-19.00412,-57.62471
2026/05/27 05:01:00,NOAA-21,Brasil,MATO GROSSO,VILA BELA DA SANTÍSSIMA TRINDADE,Amazônia,4.0,0.0,0.74,0.8,-16.26693,-60.00665
2026/05/27 05:01:00,NOAA-21,Brasil,MATO GROSSO,SANTO ANTÔNIO DO LEVERGER,Cerrado,7.0,0.0,0.42,1.0,-16.37409,-55.3987
2026/05/27 05:01:00,NOAA-21,Brasil,MATO GROSSO DO SUL,PEDRO GOMES,Cerrado,4.0,0.0,0.97,2.7,-17.95549,-54.46161
2026/05/27 05:01:00,NOAA-21,Brasil,MATO GROSSO,SANTO ANTÔNIO DO LEVERGER,Cerrado,6.0,0.0,0.61,3.9,-15.73418,-55.69476
2026/05/27 05:01:00,NOAA-21,Brasil,MATO GROSSO DO SUL,PEDRO GOMES,Cerrado,4.0,0.0,1.0,1.9,-17.95292,-54.46252
2026/05/27 05:01:00,NOAA-21,Brasil,MINAS GERAIS,TURMALINA,Cerrado,5.0,0.0,0.45,5.4,-17.37412,-42.69544
2026/05/27 05:01:00,NOAA-21,Brasil,MATO GROSSO,CÁCERES,Pantanal,9.0,0.0,0.29,3.6,-16.16427,-58.47235
2026/05/27 05:01:00,NOAA-21,Brasil,MINAS GERAIS,VAZANTE,Cerrado,4.0,0.0,0.99,2.2,-18.0722,-46.88037
2026/05/27 05:01:00,NOAA-21,Brasil,MATO GROSSO,CÁCERES,Pantanal,8.0,0.0,0.37,0.5,-16.16019,-58.47564
2026/05/27 05:01:00,NOAA-21,Brasil,MATO GROSSO,CÁCERES,Pantanal,8.0,0.0,0.65,0.6,-16.16102,-58.49175
2026/05/27 05:06:00,NOAA-21,Brasil,RIO GRANDE DO SUL,SANTA MARGARIDA DO SUL,Pampa,2.0,0.0,0.68,1.0,-30.4025,-54.25747
2026/05/27 05:10:00,GOES-19,Brasil,TOCANTINS,MATEIROS,Cerrado,15.0,0.0,0.97,91.1,-10.6482,-46.8997
2026/05/27 05:10:00,GOES-19,Brasil,TOCANTINS,MATEIROS,Cerrado,14.0,0.0,0.97,52.3,-10.6292,-46.9021
2026/05/27 05:31:00,NPP-375D,Brasil,PARÁ,CUMARU DO NORTE,Amazônia,9.0,0.0,0.56,1.4,-7.68413,-51.08554
2026/05/27 05:31:00,NPP-375D,Brasil,PARÁ,TRAIRÃO,Amazônia,2.0,0.0,0.01,1.2,-5.20654,-56.04782
2026/05/27 05:31:00,NPP-375D,Brasil,PARÁ,NOVO PROGRESSO,Amazônia,9.0,0.0,1.0,1.3,-7.75652,-55.34933
2026/05/27 05:31:00,NPP-375D,Brasil,PARÁ,CUMARU DO NORTE,Amazônia,9.0,0.0,0.56,2.1,-7.67744,-51.09227
2026/05/27 05:31:00,NPP-375D,Brasil,PARÁ,CUMARU DO NORTE,Amazônia,9.0,0.0,0.56,1.4,-7.68365,-51.08906
2026/05/27 05:31:00,NPP-375D,Brasil,PARÁ,NOVO PROGRESSO,Amazônia,9.0,0.0,1.0,0.6,-7.75707,-55.34544
2026/05/27 05:31:00,NPP-375D,Brasil,PARÁ,RIO MARIA,Amazônia,12.0,0.0,1.0,3.1,-7.22606,-49.59588
2026/05/27 05:33:00,NPP-375D,Brasil,RONDÔNIA,CHUPINGUAIA,Amazônia,9.0,0.0,1.0,0.7,-12.58692,-61.06946
2026/05/27 05:33:00,NPP-375D,Brasil,MATO GROSSO,SÃO FÉLIX DO ARAGUAIA,Amazônia,11.0,0.0,0.28,7.4,-11.35186,-52.96123
2026/05/27 05:33:00,NPP-375D,Brasil,MATO GROSSO,NOVA MARINGÁ,Amazônia,10.0,0.0,0.28,2.7,-12.54084,-57.19761
2026/05/27 05:33:00,NPP-375D,Brasil,RONDÔNIA,PORTO VELHO,Amazônia,8.0,0.0,1.0,1.3,-9.93726,-65.00656
2026/05/27 05:33:00,NPP-375D,Brasil,MATO GROSSO,FELIZ NATAL,Amazônia,8.0,0.0,0.44,1.8,-11.95043,-54.09505
2026/05/27 05:33:00,NPP-375D,Brasil,MATO GROSSO,MARCELÂNDIA,Amazônia,26.0,0.0,0.26,1.9,-11.21918,-53.82749
2026/05/27 05:33:00,NPP-375D,Brasil,MATO GROSSO,VILA RICA,Amazônia,28.0,0.0,0.94,1.1,-10.0464,-51.683
2026/05/27 05:33:00,NPP-375D,Brasil,MATO GROSSO,JUARA,Amazônia,8.0,0.0,0.21,0.7,-10.5061,-57.2732
2026/05/27 05:33:00,NPP-375D,Brasil,MATO GROSSO,SÃO FÉLIX DO ARAGUAIA,Amazônia,12.0,0.0,0.27,6.3,-11.45722,-52.92381
2026/05/27 05:33:00,NPP-375D,Brasil,RONDÔNIA,CUJUBIM,Amazônia,9.0,0.0,0.95,0.4,-9.14287,-62.62622
2026/05/27 05:33:00,NPP-375D,Brasil,MATO GROSSO,VILA RICA,Amazônia,28.0,0.0,0.55,6.2,-10.05766,-51.68443
2026/05/27 05:33:00,NPP-375D,Brasil,MATO GROSSO,JUARA,Amazônia,10.0,0.0,0.31,2.3,-11.86108,-57.82757
2026/05/27 05:33:00,NPP-375D,Brasil,MATO GROSSO,PORTO DOS GAÚCHOS,Amazônia,11.0,0.0,0.3,0.6,-11.93499,-57.04313
2026/05/27 05:33:00,NPP-375D,Brasil,MATO GROSSO,SÃO FÉLIX DO ARAGUAIA,Amazônia,11.0,0.0,0.71,1.1,-11.36365,-52.95287
2026/05/27 05:33:00,NPP-375D,Brasil,MATO GROSSO,NOVA UBIRATÃ,Amazônia,11.0,0.6,0.26,2.0,-12.54507,-54.59404
2026/05/27 05:33:00,NPP-375D,Brasil,MATO GROSSO,NOVA MARINGÁ,Amazônia,11.0,0.1,0.26,2.8,-11.8087,-57.35611
2026/05/27 05:33:00,NPP-375D,Brasil,MATO GROSSO,PORTO DOS GAÚCHOS,Amazônia,11.0,0.0,0.3,2.1,-11.93902,-57.0437
2026/05/27 05:33:00,NPP-375D,Brasil,MATO GROSSO,NOVA MARINGÁ,Amazônia,11.0,0.1,0.26,1.3,-11.79688,-57.35434
2026/05/27 05:33:00,NPP-375D,Brasil,MATO GROSSO,SÃO FÉLIX DO ARAGUAIA,Amazônia,12.0,0.0,0.27,1.9,-11.4511,-52.92965
2026/05/27 05:33:00,NPP-375D,Brasil,MATO GROSSO,UNIÃO DO SUL,Amazônia,25.0,0.0,0.22,1.6,-11.2754,-53.97069
2026/05/27 05:33:00,NPP-375D,Brasil,MATO GROSSO,SANTA TEREZINHA,Amazônia,19.0,0.0,0.35,9.7,-10.71039,-51.32652
2026/05/27 05:33:00,NPP-375D,Brasil,MATO GROSSO,NOVA MARINGÁ,Amazônia,11.0,0.1,0.32,1.2,-11.79294,-57.35371
2026/05/27 05:33:00,NPP-375D,Brasil,MATO GROSSO,SANTA RITA DO TRIVELATO,Cerrado,10.0,0.3,0.28,2.7,-13.65426,-55.29515
2026/05/27 05:33:00,NPP-375D,Brasil,MATO GROSSO,JUARA,Amazônia,10.0,0.0,0.31,1.2,-11.85725,-57.827
2026/05/27 05:33:00,NPP-375D,Brasil,MATO GROSSO,NOVA UBIRATÃ,Amazônia,11.0,0.33,0.3,3.0,-12.46215,-54.45276
2026/05/27 05:33:00,NPP-375D,Brasil,MATO GROSSO,MARCELÂNDIA,Amazônia,20.0,0.0,0.29,1.6,-10.87532,-53.73788
2026/05/27 05:33:00,NPP-375D,Brasil,MATO GROSSO,VILA RICA,Amazônia,28.0,0.0,0.36,4.0,-10.05816,-51.68061
2026/05/27 05:33:00,NPP-375D,Brasil,MATO GROSSO,NOVA MARINGÁ,Amazônia,10.0,0.0,0.28,2.1,-12.54039,-57.20408
2026/05/27 05:33:00,NPP-375D,Brasil,MATO GROSSO,SANTA RITA DO TRIVELATO,Cerrado,10.0,0.3,0.28,1.6,-13.65592,-55.29874
2026/05/27 05:33:00,NPP-375D,Brasil,MATO GROSSO,SÃO FÉLIX DO ARAGUAIA,Amazônia,12.0,0.0,0.27,0.6,-11.44055,-52.92823
2026/05/27 05:33:00,NPP-375D,Brasil,MATO GROSSO,NOVA MARINGÁ,Amazônia,11.0,0.1,0.27,1.8,-11.81264,-57.35668
2026/05/27 05:33:00,NPP-375D,Brasil,MATO GROSSO,SÃO FÉLIX DO ARAGUAIA,Amazônia,12.0,0.0,0.27,4.9,-11.4682,-52.92194
2026/05/27 05:33:00,NPP-375D,Brasil,RONDÔNIA,PORTO VELHO,Amazônia,8.0,0.0,1.0,0.7,-9.93445,-65.00785
2026/05/27 05:33:00,NPP-375D,Brasil,MATO GROSSO,MARCELÂNDIA,Amazônia,12.0,0.0,0.22,2.3,-10.91431,-54.12168
2026/05/27 05:33:00,NPP-375D,Brasil,MATO GROSSO,JUARA,Amazônia,8.0,0.0,0.21,0.7,-10.50679,-57.26832
2026/05/27 05:33:00,NPP-375D,Brasil,MATO GROSSO,SÃO FÉLIX DO ARAGUAIA,Amazônia,12.0,0.0,0.27,1.0,-11.47348,-52.92264
2026/05/27 05:33:00,NPP-375D,Brasil,MATO GROSSO,VÁRZEA GRANDE,Cerrado,7.0,0.0,0.72,0.9,-15.43661,-56.31768
2026/05/27 05:33:00,NPP-375D,Brasil,MATO GROSSO,MARCELÂNDIA,Amazônia,12.0,0.0,0.22,2.3,-10.90948,-54.12099
2026/05/27 05:33:00,NPP-375D,Brasil,MATO GROSSO,UNIÃO DO SUL,Amazônia,11.0,0.0,0.92,1.7,-11.5639,-54.52878
2026/05/27 05:33:00,NPP-375D,Brasil,MATO GROSSO,NOVA UBIRATÃ,Amazônia,11.0,0.42,0.56,3.2,-12.46072,-54.46358
2026/05/27 05:33:00,NPP-375D,Brasil,MATO GROSSO,SANTO ANTÔNIO DO LEVERGER,Cerrado,6.0,0.0,0.74,1.6,-15.73098,-55.69402
2026/05/27 05:33:00,NPP-375D,Brasil,MATO GROSSO,PORTO DOS GAÚCHOS,Amazônia,9.0,0.0,0.29,2.2,-11.63796,-56.86179
2026/05/27 05:33:00,NPP-375D,Brasil,MATO GROSSO,ITANHANGÁ,Amazônia,10.0,0.0,0.32,1.3,-12.18307,-56.45012
2026/05/27 05:33:00,NPP-375D,Brasil,PARÁ,JACAREACANGA,Amazônia,10.0,0.0,0.21,0.6,-9.26587,-56.24789
2026/05/27 05:33:00,NPP-375D,Brasil,MATO GROSSO,SÃO FÉLIX DO ARAGUAIA,Amazônia,11.0,0.0,0.37,6.3,-11.35796,-52.95542
2026/05/27 05:33:00,NPP-375D,Brasil,MATO GROSSO,SÃO FÉLIX DO ARAGUAIA,Amazônia,11.0,0.0,0.28,7.4,-11.35671,-52.96516
2026/05/27 05:33:00,NPP-375D,Brasil,RONDÔNIA,NOVA MAMORÉ,Amazônia,9.0,0.0,1.0,0.6,-10.13758,-64.88476
2026/05/27 05:33:00,NPP-375D,Brasil,MATO GROSSO,NOVA MARINGÁ,Amazônia,11.0,0.1,0.27,1.8,-11.81336,-57.35155
2026/05/27 05:33:00,NPP-375D,Brasil,MATO GROSSO,VILA RICA,Amazônia,28.0,0.0,0.98,1.1,-10.04591,-51.68677
2026/05/27 05:33:00,NPP-375D,Brasil,MATO GROSSO,NOVA MARINGÁ,Amazônia,10.0,0.0,0.28,2.1,-12.54111,-57.19873
2026/05/27 05:33:00,NPP-375D,Brasil,MATO GROSSO,SÃO FÉLIX DO ARAGUAIA,Amazônia,11.0,0.0,0.3,2.0,-11.3628,-52.9594
2026/05/27 05:33:00,NPP-375D,Brasil,MATO GROSSO,PARANATINGA,Cerrado,9.0,0.0,1.0,0.6,-13.95517,-53.87041
2026/05/27 05:33:00,NPP-375D,Brasil,MATO GROSSO,PORTO DOS GAÚCHOS,Amazônia,9.0,0.0,0.27,2.4,-11.54878,-56.93692
2026/05/27 05:33:00,NPP-375D,Brasil,MATO GROSSO,SÃO FÉLIX DO ARAGUAIA,Amazônia,11.0,0.0,0.28,1.4,-11.36238,-52.96265
2026/05/27 05:33:00,NPP-375D,Brasil,MATO GROSSO,SÃO FÉLIX DO ARAGUAIA,Amazônia,12.0,0.0,0.27,1.0,-11.4739,-52.91937
2026/05/27 05:33:00,NPP-375D,Brasil,MATO GROSSO,UNIÃO DO SUL,Amazônia,25.0,0.0,0.22,1.3,-11.27651,-53.97314
2026/05/27 05:33:00,NPP-375D,Brasil,MATO GROSSO,SÃO FÉLIX DO ARAGUAIA,Amazônia,12.0,0.0,0.27,4.9,-11.46862,-52.91867
2026/05/27 05:33:00,NPP-375D,Brasil,RONDÔNIA,NOVA MAMORÉ,Amazônia,9.0,0.0,1.0,1.4,-10.14051,-64.88965
2026/05/27 05:33:00,NPP-375D,Brasil,MATO GROSSO,NOVA UBIRATÃ,Amazônia,11.0,0.59,0.26,2.0,-12.54576,-54.58884
2026/05/27 05:33:00,NPP-375D,Brasil,MATO GROSSO,PARANATINGA,Cerrado,9.0,0.0,1.0,0.4,-13.9603,-53.87112
2026/05/27 05:33:00,NPP-375D,Brasil,MATO GROSSO,MARCELÂNDIA,Amazônia,12.0,0.0,0.22,1.6,-10.9136,-54.12691
2026/05/27 05:33:00,NPP-375D,Brasil,MATO GROSSO,FELIZ NATAL,Amazônia,12.0,0.0,0.3,1.4,-11.7935,-54.0219
2026/05/27 05:33:00,NPP-375D,Brasil,MATO GROSSO,PEIXOTO DE AZEVEDO,Amazônia,11.0,0.0,1.0,5.4,-10.32691,-53.58045
2026/05/27 05:33:00,NPP-375D,Brasil,RONDÔNIA,NOVA MAMORÉ,Amazônia,9.0,0.0,1.0,0.6,-10.14122,-64.8854
2026/05/27 05:33:00,NPP-375D,Brasil,MATO GROSSO,ARIPUANÃ,Amazônia,9.0,0.0,0.83,0.8,-10.44296,-59.43122
2026/05/27 05:33:00,NPP-375D,Brasil,MATO GROSSO,PARANATINGA,Cerrado,9.0,0.0,0.97,0.4,-13.96067,-53.86801
2026/05/27 05:33:00,NPP-375D,Brasil,MATO GROSSO,SÃO FÉLIX DO ARAGUAIA,Amazônia,12.0,0.0,0.27,2.6,-11.45764,-52.92051
2026/05/27 05:33:00,NPP-375D,Brasil,MATO GROSSO,JUARA,Amazônia,10.0,0.0,0.31,1.4,-11.86943,-57.82391
2026/05/27 05:33:00,NPP-375D,Brasil,MATO GROSSO,NOVA MARINGÁ,Amazônia,11.0,0.1,0.26,0.4,-11.80404,-57.36062
2026/05/27 05:33:00,NPP-375D,Brasil,MATO GROSSO,SÃO FÉLIX DO ARAGUAIA,Amazônia,11.0,0.0,0.28,6.3,-11.35229,-52.95796
2026/05/27 05:33:00,NPP-375D,Brasil,MATO GROSSO,ARIPUANÃ,Amazônia,9.0,0.0,0.22,1.0,-10.02791,-59.34304
2026/05/27 05:33:00,NPP-375D,Brasil,MATO GROSSO,SANTA RITA DO TRIVELATO,Cerrado,10.0,0.3,0.28,1.1,-13.65128,-55.29812
2026/05/27 05:33:00,NPP-375D,Brasil,MATO GROSSO,VILA RICA,Amazônia,28.0,0.0,0.71,6.2,-10.05203,-51.68372
2026/05/27 05:33:00,NPP-375D,Brasil,MATO GROSSO,SÃO FÉLIX DO ARAGUAIA,Amazônia,12.0,0.0,0.27,5.9,-11.46778,-52.9252
2026/05/27 05:33:00,NPP-375D,Brasil,MATO GROSSO,SANTO ANTÔNIO DO LEVERGER,Cerrado,6.0,0.0,0.57,1.6,-15.73563,-55.69461
2026/05/27 05:33:00,NPP-375D,Brasil,MATO GROSSO,MARCELÂNDIA,Amazônia,20.0,0.0,0.29,1.6,-10.87505,-53.73717
2026/05/27 05:33:00,NPP-375D,Brasil,MATO GROSSO,SÃO FÉLIX DO ARAGUAIA,Amazônia,12.0,0.0,0.27,4.9,-11.46292,-52.92124
2026/05/27 05:33:00,NPP-375D,Brasil,AMAZONAS,LÁBREA,Amazônia,4.0,0.0,1.0,0.4,-9.22999,-65.73138
2026/05/27 05:33:00,NPP-375D,Brasil,MATO GROSSO,SÃO FÉLIX DO ARAGUAIA,Amazônia,11.0,0.0,0.3,6.3,-11.35754,-52.95868
2026/05/27 05:33:00,NPP-375D,Brasil,MATO GROSSO,CLÁUDIA,Amazônia,9.0,0.0,0.21,1.0,-11.26099,-54.71529
2026/05/27 05:33:00,NPP-375D,Brasil,MATO GROSSO,MARCELÂNDIA,Amazônia,11.0,0.0,0.31,2.1,-10.59991,-53.47569
2026/05/27 05:33:00,NPP-375D,Brasil,AMAZONAS,LÁBREA,Amazônia,4.0,0.0,1.0,0.4,-9.23386,-65.73203
2026/05/27 05:33:00,NPP-375D,Brasil,MATO GROSSO,VILA RICA,Amazônia,28.0,0.0,0.9,6.2,-10.05153,-51.68752
2026/05/27 05:33:00,NPP-375D,Brasil,MATO GROSSO,ARIPUANÃ,Amazônia,9.0,0.0,0.22,0.9,-10.02732,-59.34689
2026/05/27 05:33:00,NPP-375D,Brasil,MATO GROSSO,SANTA TEREZINHA,Amazônia,19.0,0.0,0.35,9.7,-10.71091,-51.32239
2026/05/27 05:33:00,NPP-375D,Brasil,MATO GROSSO,SÃO JOSÉ DO RIO CLARO,Cerrado,10.0,0.0,0.67,1.4,-13.60359,-56.59571
2026/05/27 05:33:00,NPP-375D,Brasil,MATO GROSSO,NOVA UBIRATÃ,Amazônia,11.0,0.38,0.29,3.0,-12.46143,-54.45819
2026/05/27 05:33:00,NPP-375D,Brasil,MATO GROSSO,SÃO FÉLIX DO ARAGUAIA,Amazônia,12.0,0.0,0.27,5.9,-11.4625,-52.92451
2026/05/27 05:33:00,NPP-375D,Brasil,MATO GROSSO,NOVA MARINGÁ,Amazônia,11.0,0.1,0.44,0.6,-11.79224,-57.35878
2026/05/27 05:33:00,NPP-375D,Brasil,MATO GROSSO,SANTO ANTÔNIO DO LEVERGER,Cerrado,6.0,0.0,0.65,3.0,-15.73305,-55.69676
2026/05/27 05:33:00,NPP-375D,Brasil,MATO GROSSO,SÃO FÉLIX DO ARAGUAIA,Amazônia,11.0,0.0,0.28,7.4,-11.35713,-52.96194
2026/05/27 05:33:00,NPP-375D,Brasil,MATO GROSSO,UNIÃO DO SUL,Amazônia,26.0,0.0,0.22,0.7,-11.2772,-53.96775
2026/05/27 05:33:00,NPP-375D,Brasil,MATO GROSSO,PARANATINGA,Cerrado,9.0,0.0,1.0,1.1,-13.95481,-53.87344
2026/05/27 05:33:00,NPP-375D,Brasil,MATO GROSSO,NOVA MARINGÁ,Amazônia,10.0,0.0,0.28,0.9,-12.54486,-57.19815
2026/05/27 05:33:00,NPP-375D,Brasil,MATO GROSSO,SÃO JOSÉ DO RIO CLARO,Amazônia,10.0,0.0,0.25,0.6,-13.14257,-56.80924
2026/05/27 05:33:00,NPP-375D,Brasil,MATO GROSSO,PORTO DOS GAÚCHOS,Amazônia,9.0,0.0,0.27,2.2,-11.54927,-56.93338
2026/05/27 05:33:00,NPP-375D,Brasil,MATO GROSSO,SÃO FÉLIX DO ARAGUAIA,Amazônia,11.0,0.0,0.47,1.3,-11.35839,-52.95213
2026/05/27 05:33:00,NPP-375D,Brasil,MATO GROSSO,PORTO DOS GAÚCHOS,Amazônia,11.0,0.0,0.3,0.6,-11.93096,-57.04255
2026/05/27 05:33:00,NPP-375D,Brasil,MATO GROSSO,NOVA MARINGÁ,Amazônia,10.0,0.0,0.28,2.0,-12.54008,-57.20294
2026/05/27 05:33:00,NPP-375D,Brasil,MATO GROSSO,VILA RICA,Amazônia,28.0,0.0,0.49,4.0,-10.05253,-51.67992
2026/05/27 05:33:00,NPP-375D,Brasil,MATO GROSSO,SÃO FÉLIX DO ARAGUAIA,Amazônia,12.0,0.0,0.27,0.6,-11.44582,-52.92895
2026/05/27 05:33:00,NPP-375D,Brasil,MATO GROSSO,PEIXOTO DE AZEVEDO,Amazônia,9.0,0.0,0.27,0.7,-10.56393,-54.51482
2026/05/27 05:33:00,NPP-375D,Brasil,MATO GROSSO,SÃO FÉLIX DO ARAGUAIA,Amazônia,11.0,0.0,0.5,2.0,-11.36322,-52.95614
2026/05/27 05:33:00,NPP-375D,Brasil,MATO GROSSO,TABAPORÃ,Amazônia,9.0,0.0,0.26,1.2,-11.03823,-56.92372
2026/05/27 05:36:00,NPP-375D,Brasil,MATO GROSSO DO SUL,BANDEIRANTES,Cerrado,9.0,0.0,1.0,0.8,-19.71983,-54.65267
2026/05/27 05:36:00,NPP-375D,Brasil,MATO GROSSO DO SUL,BANDEIRANTES,Cerrado,9.0,0.0,1.0,1.3,-19.72509,-54.6532
2026/05/27 05:36:00,NPP-375D,Brasil,MATO GROSSO,SANTO ANTÔNIO DO LEVERGER,Cerrado,8.0,0.0,0.6,1.1,-16.37794,-55.40663
2026/05/27 05:36:00,NPP-375D,Brasil,MATO GROSSO DO SUL,PEDRO GOMES,Cerrado,4.0,0.0,0.97,1.0,-17.95584,-54.46449
2026/05/27 05:36:00,NPP-375D,Brasil,MATO GROSSO DO SUL,PEDRO GOMES,Cerrado,4.0,0.0,0.99,1.0,-17.9555,-54.46763
2026/05/27 05:36:00,NPP-375D,Brasil,MATO GROSSO,SANTO ANTÔNIO DO LEVERGER,Cerrado,7.0,0.0,0.42,0.9,-16.37444,-55.39552
2026/05/27 05:36:00,NPP-375D,Brasil,MATO GROSSO,CÁCERES,Pantanal,8.0,0.0,0.28,1.0,-16.16936,-58.47791
2026/05/27 05:36:00,NPP-375D,Brasil,MATO GROSSO,CÁCERES,Pantanal,8.0,0.0,0.36,1.2,-16.16156,-58.47673
2026/05/27 05:36:00,NPP-375D,Brasil,MATO GROSSO,SANTO ANTÔNIO DO LEVERGER,Cerrado,8.0,0.0,0.42,0.9,-16.37381,-55.40075
2026/05/27 05:36:00,NPP-375D,Brasil,MATO GROSSO,CÁCERES,Pantanal,8.0,0.0,0.28,1.2,-16.16546,-58.47732
2026/05/27 05:36:00,NPP-375D,Brasil,MATO GROSSO,CÁCERES,Pantanal,9.0,0.0,0.3,1.6,-16.16224,-58.47171
2026/05/27 05:53:00,NOAA-20,Brasil,MATO GROSSO,NOVA UBIRATÃ,Amazônia,11.0,0.36,0.29,3.4,-12.46028,-54.4558
2026/05/27 05:53:00,NOAA-20,Brasil,AMAZONAS,LÁBREA,Amazônia,4.0,0.0,1.0,1.5,-9.23003,-65.73257
2026/05/27 05:53:00,NOAA-20,Brasil,AMAZONAS,LÁBREA,Amazônia,3.0,0.0,1.0,1.5,-9.2306,-65.72887
2026/05/27 05:53:00,NOAA-20,Brasil,AMAZONAS,LÁBREA,Amazônia,4.0,0.0,1.0,0.9,-9.23286,-65.73681
2026/05/27 05:53:00,NOAA-20,Brasil,MATO GROSSO,CÁCERES,Pantanal,8.0,0.0,0.28,0.6,-16.16648,-58.47675
2026/05/27 05:53:00,NOAA-20,Brasil,AMAZONAS,LÁBREA,Amazônia,4.0,0.0,1.0,2.6,-9.23343,-65.73311
2026/05/27 05:53:00,NOAA-20,Brasil,MATO GROSSO,JUARA,Amazônia,10.0,0.0,0.31,0.9,-11.86248,-57.82805
2026/05/27 05:53:00,NOAA-20,Brasil,MATO GROSSO,NOVA MARINGÁ,Amazônia,11.0,0.1,0.26,1.7,-11.80584,-57.35684
2026/05/27 05:53:00,NOAA-20,Brasil,MATO GROSSO,JUARA,Amazônia,10.0,0.0,0.31,1.3,-11.86077,-57.82611
2026/05/27 05:53:00,NOAA-20,Brasil,MATO GROSSO,NOVA UBIRATÃ,Amazônia,11.0,0.37,0.29,4.3,-12.45775,-54.45658
2026/05/27 05:53:00,NOAA-20,Brasil,MATO GROSSO,JUARA,Amazônia,10.0,0.0,0.31,0.9,-11.85676,-57.82729
2026/05/27 05:53:00,NOAA-20,Brasil,MATO GROSSO,MARCELÂNDIA,Amazônia,12.0,0.0,0.22,1.7,-10.90859,-54.11891
2026/05/27 05:53:00,NOAA-20,Brasil,MATO GROSSO,PORTO DOS GAÚCHOS,Amazônia,11.0,0.0,0.3,2.4,-11.94004,-57.04294
2026/05/27 05:53:00,NOAA-20,Brasil,MATO GROSSO,PORTO DOS GAÚCHOS,Amazônia,11.0,0.0,0.3,3.1,-11.93401,-57.04227
2026/05/27 05:53:00,NOAA-20,Brasil,MATO GROSSO,NOVA MARINGÁ,Amazônia,11.0,0.1,0.26,0.9,-11.79459,-57.35075
2026/05/27 05:53:00,NOAA-20,Brasil,MATO GROSSO,JUARA,Amazônia,10.0,0.0,0.31,1.3,-11.86028,-57.83
2026/05/27 05:53:00,NOAA-20,Brasil,MATO GROSSO,JUARA,Amazônia,10.0,0.0,0.31,0.9,-11.85723,-57.82335
2026/05/27 05:53:00,NOAA-20,Brasil,MATO GROSSO,NOVA MARINGÁ,Amazônia,11.0,0.1,0.27,1.3,-11.81425,-57.35084
2026/05/27 05:53:00,NOAA-20,Brasil,AMAZONAS,LÁBREA,Amazônia,4.0,0.0,1.0,1.5,-9.22663,-65.73204
2026/05/27 05:53:00,NOAA-20,Brasil,MATO GROSSO,NOVA MARINGÁ,Amazônia,11.0,0.1,0.26,1.3,-11.8078,-57.35458
2026/05/27 05:53:00,NOAA-20,Brasil,RONDÔNIA,NOVA MAMORÉ,Amazônia,9.0,0.0,1.0,1.0,-10.14058,-64.88432
2026/05/27 05:53:00,NOAA-20,Brasil,RONDÔNIA,NOVA MAMORÉ,Amazônia,9.0,0.0,1.0,0.6,-10.14352,-64.88889
2026/05/27 05:53:00,NOAA-20,Brasil,AMAZONAS,LÁBREA,Amazônia,4.0,0.0,1.0,2.6,-9.234,-65.7294
2026/05/27 05:53:00,NOAA-20,Brasil,RONDÔNIA,NOVA MAMORÉ,Amazônia,9.0,0.0,1.0,1.0,-10.13997,-64.88837
2026/05/27 05:53:00,NOAA-20,Brasil,MATO GROSSO,MARCELÂNDIA,Amazônia,12.0,0.0,0.22,1.7,-10.91567,-54.11984
2026/05/27 05:53:00,NOAA-20,Brasil,AMAZONAS,LÁBREA,Amazônia,4.0,0.0,0.98,0.9,-9.23627,-65.73734
2026/05/27 05:53:00,NOAA-20,Brasil,RONDÔNIA,NOVA MAMORÉ,Amazônia,9.0,0.0,1.0,0.6,-10.14413,-64.88483
2026/05/27 05:53:00,NOAA-20,Brasil,MATO GROSSO,CÁCERES,Pantanal,9.0,0.0,0.3,0.9,-16.16114,-58.47187
2026/05/27 05:53:00,NOAA-20,Brasil,MATO GROSSO,NOVA UBIRATÃ,Amazônia,11.0,0.42,0.52,3.1,-12.45947,-54.46299
2026/05/27 05:53:00,NOAA-20,Brasil,MATO GROSSO,NOVA MARINGÁ,Amazônia,11.0,0.1,0.27,3.2,-11.81225,-57.35313
2026/05/27 05:53:00,NOAA-20,Brasil,MATO GROSSO,ARIPUANÃ,Amazônia,9.0,0.0,0.22,1.1,-10.02933,-59.34373
2026/05/27 05:53:00,NOAA-20,Brasil,MATO GROSSO,JUARA,Amazônia,10.0,0.0,0.31,0.8,-11.867,-57.8228
2026/05/27 05:53:00,NOAA-20,Brasil,MATO GROSSO,JUARA,Amazônia,10.0,0.0,0.31,0.8,-11.86868,-57.82473
2026/05/27 05:53:00,NOAA-20,Brasil,MATO GROSSO,NOVA MARINGÁ,Amazônia,11.0,0.1,0.26,0.9,-11.79604,-57.35299
2026/05/27 05:53:00,NOAA-20,Brasil,AMAZONAS,LÁBREA,Amazônia,4.0,0.0,0.91,2.6,-9.23684,-65.73363
2026/05/27 05:53:00,NOAA-20,Brasil,MATO GROSSO,CÁCERES,Pantanal,8.0,0.0,0.37,0.9,-16.1607,-58.476
2026/05/27 05:53:00,NOAA-20,Brasil,MATO GROSSO,TABAPORÃ,Amazônia,8.0,0.0,0.83,0.8,-11.56362,-56.34122
2026/05/27 05:53:00,NOAA-20,Brasil,MATO GROSSO,NOVA MARINGÁ,Amazônia,11.0,0.1,0.26,1.4,-11.79996,-57.35602
2026/05/27 05:53:00,NOAA-20,Brasil,MATO GROSSO,NOVA MARINGÁ,Amazônia,11.0,0.1,0.26,0.9,-11.80138,-57.35815
2026/05/27 05:53:00,NOAA-20,Brasil,MATO GROSSO,TABAPORÃ,Amazônia,8.0,0.0,0.61,0.8,-11.56987,-56.34207
2026/05/27 05:53:00,NOAA-20,Brasil,MATO GROSSO,NOVA MARINGÁ,Amazônia,11.0,0.1,0.27,1.3,-11.8137,-57.35525
2026/05/27 05:53:00,NOAA-20,Brasil,RONDÔNIA,NOVA MAMORÉ,Amazônia,9.0,0.0,1.0,1.5,-10.14308,-64.88763
2026/05/27 06:10:00,GOES-19,Brasil,TOCANTINS,PONTE ALTA DO TOCANTINS,Cerrado,4.0,0.0,0.87,99.8,-10.7621,-46.908
2026/05/27 06:10:00,GOES-19,Brasil,TOCANTINS,PONTE ALTA DO TOCANTINS,Cerrado,4.0,0.0,0.74,56.6,-10.7811,-46.9057
2026/05/27 06:10:00,GOES-19,Brasil,TOCANTINS,MATEIROS,Cerrado,4.0,0.0,0.91,97.0,-10.7624,-46.8856
2026/05/27 06:10:00,GOES-19,Brasil,TOCANTINS,MATEIROS,Cerrado,4.0,0.0,0.87,55.8,-10.7814,-46.8833
2026/05/27 06:33:00,AQUA_M-M,Brasil,PIAUÍ,ANTÔNIO ALMEIDA,Cerrado,28.0,0.0,0.84,19.4,-7.23511,-44.26865
2026/05/27 06:33:00,AQUA_M-M,Brasil,PIAUÍ,ANTÔNIO ALMEIDA,Cerrado,26.0,0.0,0.87,13.2,-7.23317,-44.28209
2026/05/27 06:33:00,AQUA_M-M,Brasil,PIAUÍ,ANTÔNIO ALMEIDA,Cerrado,28.0,0.0,0.87,36.1,-7.23922,-44.27477
2026/05/27 06:33:00,AQUA_M-M,Brasil,MARANHÃO,COLINAS,Cerrado,8.0,0.0,0.61,25.8,-6.08014,-44.00614
2026/05/27 06:33:00,AQUA_M-M,Brasil,MARANHÃO,LORETO,Cerrado,21.0,0.0,0.88,7.4,-7.00768,-44.99201
2026/05/27 06:33:00,AQUA_M-M,Brasil,MARANHÃO,COLINAS,Cerrado,8.0,0.0,0.61,12.4,-6.07533,-44.01269
2026/05/27 06:33:00,AQUA_M-M,Brasil,MARANHÃO,COLINAS,Cerrado,8.0,0.0,0.6,14.6,-6.0774,-43.99848
2026/05/27 06:35:00,AQUA_M-M,Brasil,MARANHÃO,TASSO FRAGOSO,Cerrado,32.0,0.0,0.77,15.0,-8.61401,-45.99925
2026/05/27 06:35:00,AQUA_M-M,Brasil,BAHIA,FORMOSA DO RIO PRETO,Cerrado,4.0,0.0,1.0,20.5,-11.13797,-45.14832
2026/05/27 06:35:00,AQUA_M-M,Brasil,TOCANTINS,MATEIROS,Cerrado,15.0,0.0,0.97,13.3,-10.63447,-46.904
2026/05/27 06:35:00,AQUA_M-M,Brasil,TOCANTINS,MATEIROS,Cerrado,4.0,0.0,0.92,15.5,-10.79999,-46.83442
2026/05/27 06:35:00,AQUA_M-M,Brasil,MARANHÃO,TASSO FRAGOSO,Cerrado,32.0,0.0,0.77,7.5,-8.60436,-45.99768
2026/05/27 06:35:00,AQUA_M-M,Brasil,MARANHÃO,TASSO FRAGOSO,Cerrado,32.0,0.0,0.79,24.7,-8.54604,-45.97194
2026/05/27 06:35:00,AQUA_M-M,Brasil,PIAUÍ,SANTA FILOMENA,Cerrado,35.0,0.0,0.83,10.4,-9.34507,-45.47012
2026/05/27 06:35:00,AQUA_M-M,Brasil,MATO GROSSO,VILA RICA,Amazônia,28.0,0.0,0.52,14.3,-10.04982,-51.67532
2026/05/27 06:35:00,AQUA_M-M,Brasil,MARANHÃO,TASSO FRAGOSO,Cerrado,32.0,0.0,0.79,15.2,-8.54447,-45.98279
2026/05/27 06:35:00,AQUA_M-M,Brasil,MATO GROSSO,VILA RICA,Amazônia,28.0,0.0,0.33,5.9,-10.05928,-51.67685
2026/05/27 06:35:00,AQUA_M-M,Brasil,MARANHÃO,RIACHÃO,Cerrado,9.0,0.0,0.89,9.2,-7.59632,-46.45991
2026/05/27 06:35:00,AQUA_M-M,Brasil,TOCANTINS,MATEIROS,Cerrado,4.0,0.0,0.89,8.0,-10.76128,-46.90315
2026/05/27 06:35:00,AQUA_M-M,Brasil,TOCANTINS,MATEIROS,Cerrado,17.0,0.0,0.97,42.8,-10.63297,-46.91431
2026/05/27 06:35:00,AQUA_M-M,Brasil,BAHIA,FORMOSA DO RIO PRETO,Cerrado,4.0,0.0,1.0,14.1,-11.13983,-45.13477
2026/05/27 06:35:00,AQUA_M-M,Brasil,TOCANTINS,MATEIROS,Cerrado,4.0,0.0,0.91,6.0,-10.76273,-46.89286
2026/05/27 06:35:00,AQUA_M-M,Brasil,TOCANTINS,MATEIROS,Cerrado,4.0,0.0,0.9,20.0,-10.7985,-46.84483
2026/05/27 06:35:00,AQUA_M-M,Brasil,MARANHÃO,TASSO FRAGOSO,Cerrado,32.0,0.0,0.78,9.2,-8.60281,-46.00846
2026/05/27 06:35:00,AQUA_M-M,Brasil,MATO GROSSO,VILA RICA,Amazônia,28.0,0.0,0.91,10.4,-10.04816,-51.68572
2026/05/27 06:37:00,AQUA_M-M,Brasil,MATO GROSSO,SÃO FÉLIX DO ARAGUAIA,Amazônia,11.0,0.0,0.28,43.3,-11.35405,-52.95712
2026/05/27 06:37:00,AQUA_M-M,Brasil,MATO GROSSO,SÃO FÉLIX DO ARAGUAIA,Amazônia,12.0,0.0,0.27,23.5,-11.46205,-52.92089
2026/05/27 06:37:00,AQUA_M-M,Brasil,MATO GROSSO,SANTA TEREZINHA,Amazônia,19.0,0.0,0.35,9.5,-10.70877,-51.32004
2026/05/27 06:37:00,AQUA_M-M,Brasil,MATO GROSSO,SÃO FÉLIX DO ARAGUAIA,Amazônia,12.0,0.0,0.27,8.9,-11.45201,-52.91924
2026/05/27 06:37:00,AQUA_M-M,Brasil,MATO GROSSO,SÃO FÉLIX DO ARAGUAIA,Amazônia,12.0,0.0,0.35,8.7,-11.35597,-52.94525
2026/05/27 06:37:00,AQUA_M-M,Brasil,TOCANTINS,SÃO SALVADOR DO TOCANTINS,Cerrado,4.0,0.0,0.7,5.8,-12.51101,-48.2726
2026/05/27 06:40:00,AQUA_M-M,Brasil,MATO GROSSO DO SUL,BANDEIRANTES,Cerrado,9.0,0.0,0.86,6.6,-19.75896,-54.07906
2026/05/27 11:00:00,GOES-19,Brasil,BAHIA,ITAGUAÇU DA BAHIA,Caatinga,29.0,0.0,1.0,140.4,-10.628,-42.2928
2026/05/27 11:00:00,GOES-19,Brasil,BAHIA,ITAGUAÇU DA BAHIA,Caatinga,23.0,0.0,1.0,114.2,-10.6088,-42.2957
2026/05/27 11:10:00,GOES-19,Brasil,BAHIA,ITAGUAÇU DA BAHIA,Caatinga,29.0,0.0,1.0,210.9,-10.628,-42.2928
2026/05/27 11:10:00,GOES-19,Brasil,BAHIA,ITAGUAÇU DA BAHIA,Caatinga,23.0,0.0,1.0,147.9,-10.6088,-42.2957
2026/05/27 11:20:00,GOES-19,Brasil,BAHIA,ITAGUAÇU DA BAHIA,Caatinga,23.0,0.0,1.0,149.8,-10.6088,-42.2957
2026/05/27 11:20:00,GOES-19,Brasil,BAHIA,ITAGUAÇU DA BAHIA,Caatinga,29.0,0.0,1.0,220.4,-10.628,-42.2928
2026/05/27 11:30:00,GOES-19,Brasil,BAHIA,ITAGUAÇU DA BAHIA,Caatinga,23.0,0.0,1.0,137.8,-10.6088,-42.2957
2026/05/27 11:30:00,GOES-19,Brasil,BAHIA,ITAGUAÇU DA BAHIA,Caatinga,29.0,0.0,1.0,195.5,-10.628,-42.2928
2026/05/27 11:40:00,GOES-19,Brasil,BAHIA,ITAGUAÇU DA BAHIA,Caatinga,29.0,0.0,1.0,165.1,-10.628,-42.2928
2026/05/27 11:40:00,GOES-19,Brasil,BAHIA,ITAGUAÇU DA BAHIA,Caatinga,23.0,0.0,1.0,140.7,-10.6088,-42.2957
2026/05/27 11:53:00,TERRA_M-M,Brasil,PIAUÍ,FLORIANO,Caatinga,24.0,0.0,0.99,11.8,-7.00255,-42.88414
2026/05/27 11:53:00,TERRA_M-M,Brasil,MARANHÃO,COLINAS,Cerrado,7.0,0.0,0.61,36.5,-6.08208,-44.00974
2026/05/27 11:53:00,TERRA_M-M,Brasil,MARANHÃO,BARRA DO CORDA,Cerrado,8.0,0.0,0.52,9.4,-5.79792,-45.12639
2026/05/27 11:53:00,TERRA_M-M,Brasil,MARANHÃO,PASTOS BONS,Cerrado,8.0,0.0,0.77,6.2,-6.73112,-44.36225
2026/05/27 11:53:00,TERRA_M-M,Brasil,PIAUÍ,FLORIANO,Caatinga,21.0,0.0,0.96,9.5,-6.90409,-42.85202
2026/05/27 11:53:00,TERRA_M-M,Brasil,MARANHÃO,BARRA DO CORDA,Cerrado,8.0,0.0,0.52,15.7,-5.78906,-45.12835
2026/05/27 11:53:00,TERRA_M-M,Brasil,MARANHÃO,COLINAS,Cerrado,8.0,0.0,0.61,6.7,-6.08361,-43.9986
2026/05/27 11:53:00,TERRA_M-M,Brasil,MARANHÃO,MIRADOR,Cerrado,9.0,0.0,0.65,9.4,-6.19476,-44.86731
2026/05/27 11:53:00,TERRA_M-M,Brasil,MARANHÃO,BARRA DO CORDA,Cerrado,8.0,0.0,0.54,8.5,-5.79039,-45.11897
2026/05/27 11:53:00,TERRA_M-M,Brasil,MARANHÃO,LAGOA DO MATO,Cerrado,12.0,0.0,0.83,7.7,-5.96003,-43.48244
2026/05/27 11:53:00,TERRA_M-M,Brasil,MARANHÃO,BARRA DO CORDA,Cerrado,8.0,0.0,0.6,7.9,-5.79922,-45.117
2026/05/27 11:53:00,TERRA_M-M,Brasil,PIAUÍ,FLORIANO,Caatinga,24.0,0.0,0.99,7.7,-6.99192,-42.88284
2026/05/27 11:53:00,TERRA_M-M,Brasil,MARANHÃO,LAGOA DO MATO,Cerrado,12.0,0.0,0.83,8.1,-5.95847,-43.4939
2026/05/27 11:55:00,TERRA_M-M,Brasil,BAHIA,ITAGUAÇU DA BAHIA,Caatinga,27.0,0.0,1.0,111.6,-10.62264,-42.29108
2026/05/27 11:55:00,TERRA_M-M,Brasil,MARANHÃO,CAROLINA,Cerrado,11.0,0.0,0.72,35.7,-7.25653,-47.2061
2026/05/27 11:55:00,TERRA_M-M,Brasil,TOCANTINS,CAMPOS LINDOS,Cerrado,16.0,0.0,0.87,18.0,-8.37781,-46.83695
2026/05/27 11:55:00,TERRA_M-M,Brasil,BAHIA,ITAGUAÇU DA BAHIA,Caatinga,23.0,0.0,1.0,19.8,-10.6088,-42.30616
2026/05/27 11:55:00,TERRA_M-M,Brasil,MARANHÃO,BALSAS,Cerrado,31.0,0.0,0.76,54.9,-8.87347,-46.92566
2026/05/27 11:55:00,TERRA_M-M,Brasil,MARANHÃO,TASSO FRAGOSO,Cerrado,32.0,0.0,0.77,15.3,-8.61572,-46.00029
2026/05/27 11:55:00,TERRA_M-M,Brasil,PIAUÍ,ANTÔNIO ALMEIDA,Cerrado,30.0,0.0,0.97,13.5,-7.24308,-44.26783
2026/05/27 11:55:00,TERRA_M-M,Brasil,MARANHÃO,CAROLINA,Cerrado,11.0,0.0,0.73,32.1,-7.25779,-47.19728
2026/05/27 11:55:00,TERRA_M-M,Brasil,PARÁ,CUMARU DO NORTE,Amazônia,12.0,0.0,0.74,8.6,-8.89287,-51.86365
2026/05/27 11:55:00,TERRA_M-M,Brasil,BAHIA,ITAGUAÇU DA BAHIA,Caatinga,24.0,0.0,1.0,49.3,-10.61085,-42.2896
2026/05/27 11:55:00,TERRA_M-M,Brasil,MARANHÃO,RIACHÃO,Cerrado,8.0,0.0,0.91,4.5,-7.60218,-46.45471
2026/05/27 11:55:00,TERRA_M-M,Brasil,MARANHÃO,TASSO FRAGOSO,Cerrado,32.0,0.0,0.79,6.6,-8.55394,-45.98233
2026/05/27 11:55:00,TERRA_M-M,Brasil,MARANHÃO,BALSAS,Cerrado,19.0,0.0,0.85,8.8,-8.39898,-46.22939
2026/05/27 11:55:00,TERRA_M-M,Brasil,TOCANTINS,WANDERLÂNDIA,Amazônia,11.0,0.0,0.47,5.6,-7.04725,-48.07375
2026/05/27 11:55:00,TERRA_M-M,Brasil,PIAUÍ,SANTA FILOMENA,Cerrado,35.0,0.0,0.84,5.1,-9.3517,-45.47026
2026/05/27 11:55:00,TERRA_M-M,Brasil,MARANHÃO,LORETO,Cerrado,22.0,0.0,0.89,11.6,-7.01264,-45.00051
2026/05/27 11:55:00,TERRA_M-M,Brasil,TOCANTINS,CAMPOS LINDOS,Cerrado,16.0,0.0,0.79,12.4,-8.16338,-46.85783
2026/05/27 11:55:00,TERRA_M-M,Brasil,PARÁ,CONCEIÇÃO DO ARAGUAIA,Amazônia,12.0,0.0,1.0,5.8,-8.09478,-49.84784
2026/05/27 11:55:00,TERRA_M-M,Brasil,TOCANTINS,WANDERLÂNDIA,Amazônia,11.0,0.0,0.47,5.0,-7.04591,-48.08287
2026/05/27 11:55:00,TERRA_M-M,Brasil,TOCANTINS,LIZARDA,Cerrado,32.0,0.0,0.65,14.8,-8.96305,-47.19776
2026/05/27 11:55:00,TERRA_M-M,Brasil,MARANHÃO,TASSO FRAGOSO,Cerrado,32.0,0.0,0.79,10.3,-8.54492,-45.98111
2026/05/27 11:55:00,TERRA_M-M,Brasil,MARANHÃO,TASSO FRAGOSO,Cerrado,32.0,0.0,0.78,12.4,-8.60542,-46.00822
2026/05/27 11:55:00,TERRA_M-M,Brasil,MARANHÃO,SAMBAÍBA,Cerrado,23.0,0.0,0.93,20.6,-7.02094,-45.41243
2026/05/27 11:55:00,TERRA_M-M,Brasil,MARANHÃO,SÃO PEDRO DOS CRENTES,Cerrado,10.0,0.0,1.0,4.3,-6.7936,-46.82504
2026/05/27 11:55:00,TERRA_M-M,Brasil,MARANHÃO,TASSO FRAGOSO,Cerrado,32.0,0.0,0.77,9.0,-8.61442,-46.00949
2026/05/27 11:55:00,TERRA_M-M,Brasil,MARANHÃO,BALSAS,Cerrado,31.0,0.0,0.75,5.7,-8.8823,-46.92687
2026/05/27 11:55:00,TERRA_M-M,Brasil,PIAUÍ,ANTÔNIO ALMEIDA,Cerrado,28.0,0.0,0.85,33.5,-7.24163,-44.27848
2026/05/27 11:55:00,TERRA_M-M,Brasil,MARANHÃO,LORETO,Cerrado,22.0,0.0,0.89,7.5,-7.00496,-45.0035
2026/05/27 11:55:00,TERRA_M-M,Brasil,MARANHÃO,TASSO FRAGOSO,Cerrado,32.0,0.0,0.79,8.6,-8.54621,-45.97184
2026/05/27 11:55:00,TERRA_M-M,Brasil,TOCANTINS,LIZARDA,Cerrado,32.0,0.0,0.65,22.1,-8.96432,-47.18889
2026/05/27 11:55:00,TERRA_M-M,Brasil,MARANHÃO,ALTO PARNAÍBA,Cerrado,5.0,0.0,0.99,27.5,-9.50567,-46.29524
2026/05/27 11:55:00,TERRA_M-M,Brasil,MARANHÃO,ALTO PARNAÍBA,Cerrado,5.0,0.0,0.98,14.9,-9.50695,-46.28596
2026/05/27 11:55:00,TERRA_M-M,Brasil,BAHIA,ITAGUAÇU DA BAHIA,Caatinga,27.0,0.0,1.0,32.5,-10.62057,-42.30764
2026/05/27 11:55:00,TERRA_M-M,Brasil,MARANHÃO,RIACHÃO,Cerrado,9.0,0.0,0.89,21.8,-7.60092,-46.46363
2026/05/27 11:57:00,TERRA_M-M,Brasil,TOCANTINS,MATEIROS,Cerrado,4.0,0.0,0.91,15.8,-10.76564,-46.90295
2026/05/27 11:57:00,TERRA_M-M,Brasil,BAHIA,MUQUÉM DO SÃO FRANCISCO,Cerrado,4.0,0.0,0.98,44.8,-11.93776,-43.40107
2026/05/27 11:57:00,TERRA_M-M,Brasil,TOCANTINS,PORTO NACIONAL,Cerrado,4.0,0.0,0.57,4.5,-10.75905,-48.36776
2026/05/27 11:57:00,TERRA_M-M,Brasil,TOCANTINS,SÃO SALVADOR DO TOCANTINS,Cerrado,4.0,0.0,0.7,8.1,-12.515,-48.28259
2026/05/27 11:57:00,TERRA_M-M,Brasil,MATO GROSSO,PARANATINGA,Amazônia,12.0,0.0,0.51,12.5,-12.71964,-54.20457
2026/05/27 11:57:00,TERRA_M-M,Brasil,GOIÁS,MATRINCHÃ,Cerrado,4.0,0.0,0.99,9.6,-15.23589,-50.85228
2026/05/27 11:57:00,TERRA_M-M,Brasil,MATO GROSSO,PARANATINGA,Amazônia,12.0,0.0,0.36,21.4,-12.72276,-54.18627
2026/05/27 11:57:00,TERRA_M-M,Brasil,TOCANTINS,NOVO JARDIM,Cerrado,4.0,0.0,0.76,8.4,-11.78403,-46.73842
2026/05/27 11:57:00,TERRA_M-M,Brasil,MATO GROSSO,PARANATINGA,Amazônia,12.0,0.0,0.37,65.4,-12.73502,-54.18822
2026/05/27 11:57:00,TERRA_M-M,Brasil,GOIÁS,ALTO PARAÍSO DE GOIÁS,Cerrado,4.0,0.0,0.86,13.2,-14.13248,-47.73762
2026/05/27 11:57:00,TERRA_M-M,Brasil,MINAS GERAIS,LASSANCE,Cerrado,5.0,0.0,0.99,20.9,-17.99207,-44.52061
2026/05/27 11:57:00,TERRA_M-M,Brasil,BAHIA,MUQUÉM DO SÃO FRANCISCO,Cerrado,4.0,0.0,0.97,9.9,-11.95058,-43.38812
2026/05/27 11:57:00,TERRA_M-M,Brasil,BAHIA,FORMOSA DO RIO PRETO,Cerrado,4.0,0.0,1.0,12.4,-11.14218,-45.15012
2026/05/27 11:57:00,TERRA_M-M,Brasil,GOIÁS,SÃO MIGUEL DO PASSA QUATRO,Cerrado,5.0,0.0,1.0,3.9,-17.14766,-48.64186
2026/05/27 11:57:00,TERRA_M-M,Brasil,TOCANTINS,MATEIROS,Cerrado,16.0,0.0,0.97,12.5,-10.63681,-46.9061
2026/05/27 11:57:00,TERRA_M-M,Brasil,GOIÁS,SÃO MIGUEL DO PASSA QUATRO,Cerrado,5.0,0.0,0.84,6.9,-17.14895,-48.63265
2026/05/27 11:57:00,TERRA_M-M,Brasil,MATO GROSSO,PARANATINGA,Amazônia,12.0,0.0,0.5,26.8,-12.73192,-54.20651
2026/05/27 11:57:00,TERRA_M-M,Brasil,DISTRITO FEDERAL,BRASÍLIA,Cerrado,10.0,0.0,0.98,17.3,-15.69176,-47.9831
2026/05/27 11:57:00,TERRA_M-M,Brasil,TOCANTINS,NOVO JARDIM,Cerrado,4.0,0.0,0.82,6.9,-11.79302,-46.73971
2026/05/27 11:57:00,TERRA_M-M,Brasil,BAHIA,MUQUÉM DO SÃO FRANCISCO,Cerrado,4.0,0.0,0.97,10.5,-11.94877,-43.40256
2026/05/27 11:57:00,TERRA_M-M,Brasil,TOCANTINS,MATEIROS,Cerrado,4.0,0.0,0.9,7.6,-10.80134,-46.84293
2026/05/27 11:57:00,TERRA_M-M,Brasil,GOIÁS,MATRINCHÃ,Cerrado,4.0,0.0,1.0,7.4,-15.23433,-50.86244
2026/05/27 11:57:00,TERRA_M-M,Brasil,TOCANTINS,PONTE ALTA DO TOCANTINS,Cerrado,4.0,0.0,0.64,12.5,-10.94293,-47.41476
2026/05/27 11:57:00,TERRA_M-M,Brasil,BAHIA,MUQUÉM DO SÃO FRANCISCO,Cerrado,4.0,0.0,0.97,44.2,-11.93956,-43.38664
2026/05/27 11:57:00,TERRA_M-M,Brasil,MATO GROSSO,SERRA NOVA DOURADA,Cerrado,5.0,0.0,0.77,7.0,-12.08927,-51.22375
2026/05/27 11:57:00,TERRA_M-M,Brasil,GOIÁS,ALTO PARAÍSO DE GOIÁS,Cerrado,3.0,0.0,0.94,6.7,-14.1312,-47.74676
2026/05/27 11:57:00,TERRA_M-M,Brasil,MATO GROSSO,PARANATINGA,Amazônia,12.0,0.0,0.37,99.9,-12.72913,-54.19905
2026/05/27 11:57:00,TERRA_M-M,Brasil,TOCANTINS,MATEIROS,Cerrado,4.0,0.0,0.87,16.0,-10.76692,-46.89386
2026/05/27 11:57:00,TERRA_M-M,Brasil,BAHIA,MACAÚBAS,Caatinga,4.0,0.0,0.94,12.7,-13.18633,-42.82225
2026/05/27 11:57:00,TERRA_M-M,Brasil,BAHIA,FORMOSA DO RIO PRETO,Cerrado,4.0,0.0,1.0,8.5,-11.14358,-45.13942
2026/05/27 11:57:00,TERRA_M-M,Brasil,MATO GROSSO,VILA RICA,Amazônia,28.0,0.0,0.49,12.7,-10.05098,-51.67599
2026/05/27 11:57:00,TERRA_M-M,Brasil,MATO GROSSO,VILA RICA,Amazônia,28.0,0.0,0.33,9.0,-10.06154,-51.67766
2026/05/27 11:57:00,TERRA_M-M,Brasil,MINAS GERAIS,VAZANTE,Cerrado,4.0,0.0,0.92,11.2,-18.07034,-46.8713
2026/05/27 11:57:00,TERRA_M-M,Brasil,GOIÁS,CALDAS NOVAS,Cerrado,5.0,0.0,1.0,4.8,-17.85834,-48.63627
2026/05/27 11:57:00,TERRA_M-M,Brasil,MINAS GERAIS,JANAÚBA,Cerrado,44.0,0.0,1.0,7.8,-15.85229,-43.5649
2026/05/27 11:57:00,TERRA_M-M,Brasil,TOCANTINS,NOVO JARDIM,Cerrado,4.0,0.0,0.63,5.8,-11.78274,-46.74775
2026/05/27 11:57:00,TERRA_M-M,Brasil,MATO GROSSO,PARANATINGA,Amazônia,12.0,0.0,0.36,39.0,-12.73208,-54.18087
2026/05/27 11:57:00,TERRA_M-M,Brasil,TOCANTINS,NATIVIDADE,Cerrado,4.0,0.0,0.8,11.7,-11.7167,-47.74568
2026/05/27 11:57:00,TERRA_M-M,Brasil,GOIÁS,NIQUELÂNDIA,Cerrado,4.0,0.0,1.0,14.5,-14.34235,-48.79259
2026/05/27 11:57:00,TERRA_M-M,Brasil,GOIÁS,NIQUELÂNDIA,Cerrado,4.0,0.0,1.0,6.7,-14.34365,-48.78353
2026/05/27 11:57:00,TERRA_M-M,Brasil,TOCANTINS,SÃO SALVADOR DO TOCANTINS,Cerrado,4.0,0.0,0.7,8.7,-12.51629,-48.27361
2026/05/27 11:57:00,TERRA_M-M,Brasil,MINAS GERAIS,VAZANTE,Cerrado,4.0,0.0,1.0,5.6,-18.07447,-46.87838
2026/05/27 12:00:00,GOES-19,Brasil,BAHIA,ITAGUAÇU DA BAHIA,Caatinga,23.0,0.0,1.0,108.6,-10.6088,-42.2957
2026/05/27 12:00:00,TERRA_M-T,Brasil,MINAS GERAIS,PAPAGAIOS,Cerrado,6.0,0.0,0.8,11.6,-19.43097,-44.80939
2026/05/27 12:00:00,TERRA_M-T,Brasil,MATO GROSSO,ALTO TAQUARI,Cerrado,4.0,0.0,0.4,7.3,-17.7064,-53.26605
2026/05/27 12:00:00,TERRA_M-T,Brasil,SÃO PAULO,PAULO DE FARIA,Mata Atlântica,8.0,0.0,0.94,5.3,-20.19831,-49.55958
2026/05/27 12:00:00,TERRA_M-T,Brasil,SÃO PAULO,BOTUCATU,Cerrado,0.0,0.0,0.07,5.6,-22.9129,-48.67988
2026/05/27 12:00:00,TERRA_M-T,Brasil,SÃO PAULO,ÁGUAS DE SANTA BÁRBARA,Cerrado,2.0,0.0,0.18,5.8,-22.78801,-49.33889
2026/05/27 12:00:00,TERRA_M-T,Brasil,MATO GROSSO DO SUL,COXIM,Cerrado,8.0,0.0,0.63,16.6,-18.46954,-54.70773
2026/05/27 12:00:00,TERRA_M-T,Brasil,MATO GROSSO DO SUL,COXIM,Cerrado,8.0,0.0,0.65,15.4,-18.46701,-54.71323
2026/05/27 12:00:00,TERRA_M-T,Brasil,GOIÁS,ITAJÁ,Cerrado,3.0,0.0,1.0,40.7,-18.81759,-51.70889
2026/05/27 12:00:00,TERRA_M-T,Brasil,SÃO PAULO,ÁGUAS DE SANTA BÁRBARA,Cerrado,2.0,0.0,0.17,6.6,-22.79698,-49.34024
2026/05/27 12:00:00,TERRA_M-T,Brasil,MATO GROSSO DO SUL,ÁGUA CLARA,Cerrado,6.0,0.0,0.87,8.9,-19.57627,-52.51189
2026/05/27 12:00:00,TERRA_M-T,Brasil,GOIÁS,APARECIDA DO RIO DOCE,Cerrado,5.0,0.0,1.0,4.5,-18.13352,-51.16814
2026/05/27 12:00:00,TERRA_M-T,Brasil,SÃO PAULO,PAULO DE FARIA,Mata Atlântica,8.0,0.0,0.99,4.6,-20.19698,-49.56895
2026/05/27 12:10:00,GOES-19,Brasil,BAHIA,ITAGUAÇU DA BAHIA,Caatinga,23.0,0.0,1.0,122.8,-10.6088,-42.2957
2026/05/27 12:30:00,GOES-19,Brasil,BAHIA,ITAGUAÇU DA BAHIA,Caatinga,29.0,0.0,1.0,167.9,-10.628,-42.2928
2026/05/27 12:30:00,GOES-19,Brasil,MATO GROSSO,PARANATINGA,Amazônia,12.0,0.0,0.37,73.1,-12.7272,-54.1988
2026/05/27 12:40:00,GOES-19,Brasil,TOCANTINS,MATEIROS,Cerrado,4.0,0.0,0.96,587.5,-10.8015,-46.8136
2026/05/27 12:40:00,GOES-19,Brasil,BAHIA,ITAGUAÇU DA BAHIA,Caatinga,29.0,0.0,1.0,154.8,-10.628,-42.2928
2026/05/27 12:40:00,GOES-19,Brasil,TOCANTINS,MATEIROS,Cerrado,4.0,0.0,0.92,187.3,-10.8012,-46.836
2026/05/27 12:40:00,GOES-19,Brasil,MATO GROSSO,NOVA MARINGÁ,Amazônia,10.0,0.0,0.28,75.6,-12.5367,-57.2014
2026/05/27 12:40:00,GOES-19,Brasil,MATO GROSSO,PARANATINGA,Amazônia,12.0,0.0,0.37,81.5,-12.7272,-54.1988
2026/05/27 12:40:00,GOES-19,Brasil,TOCANTINS,MATEIROS,Cerrado,4.0,0.0,0.97,358.8,-10.8206,-46.8112
2026/05/27 12:50:00,GOES-19,Brasil,MATO GROSSO,NOVA MARINGÁ,Amazônia,10.0,0.0,0.28,70.7,-12.5367,-57.2014
2026/05/27 12:50:00,GOES-19,Brasil,TOCANTINS,MATEIROS,Cerrado,4.0,0.0,0.98,203.7,-10.8396,-46.8088
2026/05/27 12:50:00,GOES-19,Brasil,TOCANTINS,MATEIROS,Cerrado,4.0,0.0,0.94,153.7,-10.8393,-46.8312
2026/05/27 12:50:00,GOES-19,Brasil,MATO GROSSO,ARIPUANÃ,Amazônia,9.0,0.0,0.4,100.9,-10.2775,-58.9311
2026/05/27 12:50:00,GOES-19,Brasil,TOCANTINS,MATEIROS,Cerrado,4.0,0.0,0.96,812.8,-10.8015,-46.8136
2026/05/27 12:50:00,GOES-19,Brasil,TOCANTINS,MATEIROS,Cerrado,4.0,0.0,0.92,602.7,-10.8012,-46.836
2026/05/27 12:50:00,GOES-19,Brasil,TOCANTINS,MATEIROS,Cerrado,4.0,0.0,0.97,901.5,-10.8206,-46.8112
2026/05/27 13:00:00,GOES-19,Brasil,BAHIA,MUQUÉM DO SÃO FRANCISCO,Cerrado,4.0,0.0,0.97,95.8,-11.9493,-43.4019
2026/05/27 13:00:00,GOES-19,Brasil,MATO GROSSO,NOVA MARINGÁ,Amazônia,10.0,0.0,0.28,69.3,-12.5367,-57.2014
2026/05/27 13:00:00,GOES-19,Brasil,TOCANTINS,MATEIROS,Cerrado,4.0,0.0,0.97,644.5,-10.8206,-46.8112
2026/05/27 13:00:00,GOES-19,Brasil,MATO GROSSO,ARIPUANÃ,Amazônia,9.0,0.0,0.4,94.9,-10.2775,-58.9311
2026/05/27 13:00:00,GOES-19,Brasil,TOCANTINS,MATEIROS,Cerrado,4.0,0.0,0.94,109.0,-10.8583,-46.8288
2026/05/27 13:00:00,GOES-19,Brasil,TOCANTINS,MATEIROS,Cerrado,4.0,0.0,0.92,946.8,-10.8012,-46.836
2026/05/27 13:00:00,GOES-19,Brasil,TOCANTINS,MATEIROS,Cerrado,4.0,0.0,0.94,654.0,-10.8393,-46.8312
2026/05/27 13:00:00,GOES-19,Brasil,TOCANTINS,MATEIROS,Cerrado,4.0,0.0,0.96,501.9,-10.8015,-46.8136
2026/05/27 13:00:00,GOES-19,Brasil,TOCANTINS,MATEIROS,Cerrado,4.0,0.0,0.98,375.0,-10.8396,-46.8088
2026/05/27 13:10:00,GOES-19,Brasil,MATO GROSSO,PARANATINGA,Amazônia,12.0,0.0,0.37,70.7,-12.7272,-54.1988
2026/05/27 13:10:00,GOES-19,Brasil,MATO GROSSO,ARIPUANÃ,Amazônia,9.0,0.0,0.99,114.0,-10.2962,-58.9299
2026/05/27 13:10:00,GOES-19,Brasil,MATO GROSSO,NOVA MARINGÁ,Amazônia,10.0,0.0,0.28,69.5,-12.5367,-57.2014
2026/05/27 13:10:00,GOES-19,Brasil,MATO GROSSO,ARIPUANÃ,Amazônia,9.0,0.0,0.35,84.3,-10.2964,-58.9103
2026/05/27 13:10:00,GOES-19,Brasil,TOCANTINS,MATEIROS,Cerrado,4.0,0.0,0.94,278.9,-10.8583,-46.8288
2026/05/27 13:10:00,GOES-19,Brasil,TOCANTINS,MATEIROS,Cerrado,4.0,0.0,0.92,937.8,-10.8012,-46.836
2026/05/27 13:10:00,GOES-19,Brasil,TOCANTINS,MATEIROS,Cerrado,4.0,0.0,0.89,80.4,-10.858,-46.8513
2026/05/27 13:10:00,GOES-19,Brasil,TOCANTINS,MATEIROS,Cerrado,4.0,0.0,0.98,494.9,-10.8396,-46.8088
2026/05/27 13:10:00,GOES-19,Brasil,TOCANTINS,MATEIROS,Cerrado,4.0,0.0,0.94,849.7,-10.8393,-46.8312
2026/05/27 13:10:00,GOES-19,Brasil,MATO GROSSO,ARIPUANÃ,Amazônia,9.0,0.0,0.4,417.8,-10.2775,-58.9311
2026/05/27 13:10:00,GOES-19,Brasil,TOCANTINS,MATEIROS,Cerrado,4.0,0.0,0.96,270.6,-10.8015,-46.8136
2026/05/27 13:10:00,GOES-19,Brasil,TOCANTINS,MATEIROS,Cerrado,4.0,0.0,0.97,412.5,-10.8206,-46.8112
2026/05/27 13:20:00,GOES-19,Brasil,TOCANTINS,MATEIROS,Cerrado,4.0,0.0,0.89,281.3,-10.8008,-46.8584
2026/05/27 13:20:00,GOES-19,Brasil,MATO GROSSO,NOVA MARINGÁ,Amazônia,10.0,0.0,0.28,69.1,-12.5367,-57.2014
2026/05/27 13:20:00,GOES-19,Brasil,MATO GROSSO,BRASNORTE,Amazônia,8.0,0.07,0.98,65.6,-11.6363,-58.2481
2026/05/27 13:20:00,GOES-19,Brasil,TOCANTINS,CONCEIÇÃO DO TOCANTINS,Cerrado,4.0,0.0,0.62,73.2,-11.9741,-47.3762
2026/05/27 13:20:00,GOES-19,Brasil,TOCANTINS,MATEIROS,Cerrado,4.0,0.0,0.97,318.5,-10.8206,-46.8112
2026/05/27 13:20:00,GOES-19,Brasil,TOCANTINS,MATEIROS,Cerrado,4.0,0.0,0.95,396.2,-10.8774,-46.8264
2026/05/27 13:20:00,GOES-19,Brasil,TOCANTINS,MATEIROS,Cerrado,4.0,0.0,0.92,801.9,-10.8012,-46.836
2026/05/27 13:20:00,GOES-19,Brasil,MARANHÃO,BALSAS,Cerrado,32.0,0.0,0.8,64.8,-9.1349,-46.8495
2026/05/27 13:20:00,GOES-19,Brasil,TOCANTINS,MATEIROS,Cerrado,4.0,0.0,0.98,334.9,-10.8396,-46.8088
2026/05/27 13:20:00,GOES-19,Brasil,TOCANTINS,MATEIROS,Cerrado,4.0,0.0,0.94,1034.5,-10.8583,-46.8288
2026/05/27 13:20:00,GOES-19,Brasil,TOCANTINS,MATEIROS,Cerrado,4.0,0.0,0.96,171.0,-10.8015,-46.8136
2026/05/27 13:20:00,GOES-19,Brasil,TOCANTINS,MATEIROS,Cerrado,4.0,0.0,0.9,94.2,-10.877,-46.8489
2026/05/27 13:20:00,GOES-19,Brasil,TOCANTINS,MATEIROS,Cerrado,4.0,0.0,0.94,630.2,-10.8393,-46.8312
2026/05/27 13:30:00,GOES-19,Brasil,MATO GROSSO,BRASNORTE,Amazônia,8.0,0.07,0.98,70.7,-11.6363,-58.2481
2026/05/27 13:30:00,GOES-19,Brasil,TOCANTINS,CONCEIÇÃO DO TOCANTINS,Cerrado,4.0,0.0,0.62,72.9,-11.9741,-47.3762
2026/05/27 13:30:00,GOES-19,Brasil,MATO GROSSO,PARANATINGA,Amazônia,12.0,0.0,0.37,64.4,-12.7272,-54.1988
2026/05/27 13:30:00,GOES-19,Brasil,MATO GROSSO,NOVA MARINGÁ,Amazônia,10.0,0.0,0.28,61.7,-12.5367,-57.2014
2026/05/27 13:30:00,GOES-19,Brasil,TOCANTINS,MATEIROS,Cerrado,4.0,0.0,0.89,492.3,-10.8008,-46.8584
2026/05/27 13:30:00,GOES-19,Brasil,TOCANTINS,MATEIROS,Cerrado,4.0,0.0,0.97,316.2,-10.8206,-46.8112
2026/05/27 13:30:00,GOES-19,Brasil,TOCANTINS,MATEIROS,Cerrado,4.0,0.0,0.89,331.2,-10.8389,-46.8537
2026/05/27 13:30:00,GOES-19,Brasil,TOCANTINS,MATEIROS,Cerrado,4.0,0.0,0.9,195.1,-10.877,-46.8489
2026/05/27 13:30:00,GOES-19,Brasil,TOCANTINS,MATEIROS,Cerrado,4.0,0.0,0.92,545.1,-10.8012,-46.836
2026/05/27 13:30:00,GOES-19,Brasil,TOCANTINS,MATEIROS,Cerrado,4.0,0.0,0.98,353.0,-10.8396,-46.8088
2026/05/27 13:30:00,GOES-19,Brasil,TOCANTINS,MATEIROS,Cerrado,4.0,0.0,0.96,118.5,-10.8015,-46.8136
2026/05/27 13:30:00,GOES-19,Brasil,TOCANTINS,MATEIROS,Cerrado,4.0,0.0,0.94,621.7,-10.8393,-46.8312
2026/05/27 13:30:00,GOES-19,Brasil,TOCANTINS,MATEIROS,Cerrado,4.0,0.0,0.94,530.6,-10.8583,-46.8288
2026/05/27 13:33:00,TERRA_M-T,Brasil,ACRE,TARAUACÁ,Amazônia,9.0,0.0,-999.0,4.0,-8.15858,-70.76956
2026/05/27 13:40:00,GOES-19,Brasil,MATO GROSSO,BRASNORTE,Amazônia,8.0,0.07,0.98,76.2,-11.6363,-58.2481
2026/05/27 13:40:00,GOES-19,Brasil,TOCANTINS,CONCEIÇÃO DO TOCANTINS,Cerrado,4.0,0.0,0.62,70.0,-11.9741,-47.3762
2026/05/27 13:40:00,GOES-19,Brasil,MATO GROSSO,PARANATINGA,Amazônia,12.0,0.0,0.37,65.9,-12.7272,-54.1988
2026/05/27 13:40:00,GOES-19,Brasil,MATO GROSSO,NOVA MARINGÁ,Amazônia,10.0,0.0,0.28,63.8,-12.5367,-57.2014
2026/05/27 13:40:00,GOES-19,Brasil,TOCANTINS,MATEIROS,Cerrado,4.0,0.0,0.94,374.8,-10.8393,-46.8312
2026/05/27 13:40:00,GOES-19,Brasil,TOCANTINS,MATEIROS,Cerrado,4.0,0.0,0.97,209.1,-10.8206,-46.8112
2026/05/27 13:40:00,GOES-19,Brasil,TOCANTINS,MATEIROS,Cerrado,4.0,0.0,0.92,346.8,-10.8012,-46.836
2026/05/27 13:40:00,GOES-19,Brasil,TOCANTINS,MATEIROS,Cerrado,4.0,0.0,0.89,753.3,-10.8008,-46.8584
2026/05/27 13:40:00,GOES-19,Brasil,TOCANTINS,MATEIROS,Cerrado,4.0,0.0,0.9,423.7,-10.877,-46.8489
2026/05/27 13:40:00,GOES-19,Brasil,TOCANTINS,MATEIROS,Cerrado,4.0,0.0,0.89,532.5,-10.8389,-46.8537
2026/05/27 13:40:00,GOES-19,Brasil,TOCANTINS,PONTE ALTA DO TOCANTINS,Cerrado,4.0,0.0,0.7,124.7,-10.8195,-46.8785
2026/05/27 13:40:00,GOES-19,Brasil,TOCANTINS,MATEIROS,Cerrado,4.0,0.0,0.94,287.4,-10.8583,-46.8288
2026/05/27 13:40:00,GOES-19,Brasil,TOCANTINS,MATEIROS,Cerrado,4.0,0.0,0.98,205.8,-10.8396,-46.8088
2026/05/27 13:50:00,GOES-19,Brasil,MATO GROSSO,BRASNORTE,Amazônia,8.0,0.07,0.98,77.8,-11.6363,-58.2481
2026/05/27 13:50:00,GOES-19,Brasil,TOCANTINS,CONCEIÇÃO DO TOCANTINS,Cerrado,4.0,0.0,0.62,87.7,-11.9741,-47.3762
2026/05/27 13:50:00,GOES-19,Brasil,MATO GROSSO,NOVA MARINGÁ,Amazônia,10.0,0.0,0.28,69.5,-12.5367,-57.2014
2026/05/27 13:50:00,GOES-19,Brasil,TOCANTINS,MATEIROS,Cerrado,4.0,0.0,0.89,415.6,-10.8389,-46.8537
2026/05/27 13:50:00,GOES-19,Brasil,TOCANTINS,MATEIROS,Cerrado,4.0,0.0,0.89,103.2,-10.8767,-46.8713
2026/05/27 13:50:00,GOES-19,Brasil,TOCANTINS,MATEIROS,Cerrado,4.0,0.0,0.98,134.7,-10.8396,-46.8088
2026/05/27 13:50:00,GOES-19,Brasil,TOCANTINS,MATEIROS,Cerrado,4.0,0.0,0.89,563.4,-10.858,-46.8513
2026/05/27 13:50:00,GOES-19,Brasil,TOCANTINS,MATEIROS,Cerrado,4.0,0.0,0.94,240.9,-10.8393,-46.8312
2026/05/27 13:50:00,GOES-19,Brasil,TOCANTINS,MATEIROS,Cerrado,4.0,0.0,0.97,147.9,-10.8206,-46.8112
2026/05/27 13:50:00,GOES-19,Brasil,TOCANTINS,MATEIROS,Cerrado,4.0,0.0,0.94,158.3,-10.8583,-46.8288
2026/05/27 13:50:00,GOES-19,Brasil,TOCANTINS,MATEIROS,Cerrado,4.0,0.0,0.92,118.2,-10.8012,-46.836
2026/05/27 13:50:00,GOES-19,Brasil,TOCANTINS,MATEIROS,Cerrado,4.0,0.0,0.9,372.9,-10.877,-46.8489
2026/05/27 13:50:00,GOES-19,Brasil,TOCANTINS,MATEIROS,Cerrado,4.0,0.0,0.89,469.4,-10.8008,-46.8584
2026/05/27 13:50:00,GOES-19,Brasil,TOCANTINS,MATEIROS,Cerrado,4.0,0.0,0.77,118.3,-10.8005,-46.8809
2026/05/27 14:00:00,GOES-19,Brasil,BAHIA,BARREIRAS,Cerrado,2.0,0.0,0.75,99.8,-12.0097,-45.3315
2026/05/27 14:00:00,GOES-19,Brasil,MATO GROSSO,NOVA MARINGÁ,Amazônia,10.0,0.0,0.28,62.6,-12.5367,-57.2014
2026/05/27 14:00:00,GOES-19,Brasil,MATO GROSSO,BRASNORTE,Amazônia,8.0,0.07,0.98,80.2,-11.6363,-58.2481
2026/05/27 14:00:00,GOES-19,Brasil,TOCANTINS,CONCEIÇÃO DO TOCANTINS,Cerrado,4.0,0.0,0.62,81.0,-11.9741,-47.3762
2026/05/27 14:00:00,GOES-19,Brasil,TOCANTINS,MATEIROS,Cerrado,4.0,0.0,0.97,142.1,-10.8206,-46.8112
2026/05/27 14:00:00,GOES-19,Brasil,TOCANTINS,MATEIROS,Cerrado,4.0,0.0,0.98,240.5,-10.8396,-46.8088
2026/05/27 14:00:00,GOES-19,Brasil,TOCANTINS,MATEIROS,Cerrado,4.0,0.0,0.89,138.3,-10.8386,-46.8761
2026/05/27 14:00:00,GOES-19,Brasil,TOCANTINS,MATEIROS,Cerrado,4.0,0.0,0.77,262.5,-10.8005,-46.8809
2026/05/27 14:00:00,GOES-19,Brasil,TOCANTINS,MATEIROS,Cerrado,4.0,0.0,0.94,321.5,-10.8393,-46.8312
2026/05/27 14:00:00,GOES-19,Brasil,TOCANTINS,MATEIROS,Cerrado,4.0,0.0,0.94,154.3,-10.8583,-46.8288
2026/05/27 14:00:00,GOES-19,Brasil,TOCANTINS,MATEIROS,Cerrado,4.0,0.0,0.89,379.0,-10.8389,-46.8537
2026/05/27 14:00:00,GOES-19,Brasil,TOCANTINS,MATEIROS,Cerrado,4.0,0.0,0.89,398.7,-10.8008,-46.8584
2026/05/27 14:10:00,GOES-19,Brasil,TOCANTINS,LIZARDA,Cerrado,16.0,0.0,1.0,63.5,-9.6797,-47.0576
2026/05/27 14:10:00,GOES-19,Brasil,MATO GROSSO,CANARANA,Amazônia,24.0,0.0,0.97,71.0,-13.3376,-52.9264
2026/05/27 14:10:00,GOES-19,Brasil,MATO GROSSO,BRASNORTE,Amazônia,8.0,0.07,0.98,92.6,-11.6363,-58.2481
2026/05/27 14:10:00,GOES-19,Brasil,TOCANTINS,LAGOA DA CONFUSÃO,Cerrado,17.0,0.0,1.0,69.0,-10.737,-49.9126
2026/05/27 14:10:00,GOES-19,Brasil,MATO GROSSO,NOVA MARINGÁ,Amazônia,10.0,0.0,0.28,68.1,-12.5367,-57.2014
2026/05/27 14:10:00,GOES-19,Brasil,TOCANTINS,LAGOA DA CONFUSÃO,Cerrado,16.0,0.0,1.0,87.5,-10.756,-49.9105
2026/05/27 14:10:00,GOES-19,Brasil,TOCANTINS,CONCEIÇÃO DO TOCANTINS,Cerrado,4.0,0.0,0.62,92.8,-11.9741,-47.3762
2026/05/27 14:10:00,GOES-19,Brasil,BAHIA,BARREIRAS,Cerrado,2.0,0.0,0.75,119.1,-12.0093,-45.3546
2026/05/27 14:10:00,GOES-19,Brasil,BAHIA,BARREIRAS,Cerrado,2.0,0.0,0.75,119.2,-12.0097,-45.3315
2026/05/27 14:10:00,GOES-19,Brasil,TOCANTINS,MIRACEMA DO TOCANTINS,Cerrado,24.0,0.0,0.8,65.7,-9.3783,-48.4324
2026/05/27 14:10:00,GOES-19,Brasil,TOCANTINS,MATEIROS,Cerrado,4.0,0.0,0.97,116.1,-10.8206,-46.8112
2026/05/27 14:10:00,GOES-19,Brasil,TOCANTINS,PONTE ALTA DO TOCANTINS,Cerrado,4.0,0.0,0.7,151.7,-10.8195,-46.8785
2026/05/27 14:10:00,GOES-19,Brasil,BAHIA,SÃO DESIDÉRIO,Cerrado,4.0,0.0,0.74,148.7,-12.6923,-44.7862
2026/05/27 14:10:00,GOES-19,Brasil,PIAUÍ,ANTÔNIO ALMEIDA,Cerrado,25.0,0.0,0.82,68.7,-7.21,-44.1177
2026/05/27 14:10:00,GOES-19,Brasil,TOCANTINS,LIZARDA,Cerrado,16.0,0.0,1.0,75.4,-9.68,-47.0353
2026/05/27 14:10:00,GOES-19,Brasil,TOCANTINS,MATEIROS,Cerrado,4.0,0.0,1.0,97.8,-10.9162,-46.7767
2026/05/27 14:10:00,GOES-19,Brasil,TOCANTINS,MATEIROS,Cerrado,4.0,0.0,0.89,82.8,-10.8386,-46.8761
2026/05/27 14:10:00,GOES-19,Brasil,BAHIA,SÃO DESIDÉRIO,Cerrado,3.0,0.0,0.74,141.8,-12.6918,-44.8095
2026/05/27 14:10:00,GOES-19,Brasil,TOCANTINS,MATEIROS,Cerrado,4.0,0.0,0.77,121.8,-10.8005,-46.8809
2026/05/27 14:10:00,GOES-19,Brasil,TOCANTINS,MATEIROS,Cerrado,4.0,0.0,0.89,181.6,-10.8008,-46.8584
2026/05/27 14:10:00,GOES-19,Brasil,TOCANTINS,MATEIROS,Cerrado,4.0,0.0,0.89,210.9,-10.8389,-46.8537
2026/05/27 14:20:00,GOES-19,Brasil,TOCANTINS,CONCEIÇÃO DO TOCANTINS,Cerrado,4.0,0.0,0.62,95.5,-11.9741,-47.3762
2026/05/27 14:20:00,GOES-19,Brasil,MATO GROSSO,BRASNORTE,Amazônia,8.0,0.07,0.98,83.2,-11.6363,-58.2481
2026/05/27 14:20:00,GOES-19,Brasil,MATO GROSSO,PARANATINGA,Amazônia,12.0,0.0,0.37,83.7,-12.7272,-54.1988
2026/05/27 14:20:00,GOES-19,Brasil,BAHIA,BARREIRAS,Cerrado,2.0,0.0,0.75,155.8,-12.0097,-45.3315
2026/05/27 14:20:00,GOES-19,Brasil,MATO GROSSO,CANARANA,Amazônia,24.0,0.0,0.97,95.1,-13.3376,-52.9264
2026/05/27 14:20:00,GOES-19,Brasil,TOCANTINS,LAGOA DA CONFUSÃO,Cerrado,16.0,0.0,1.0,63.7,-10.756,-49.9105
2026/05/27 14:20:00,GOES-19,Brasil,MATO GROSSO,NOVA MARINGÁ,Amazônia,10.0,0.0,0.28,64.7,-12.5367,-57.2014
2026/05/27 14:20:00,GOES-19,Brasil,BAHIA,BARREIRAS,Cerrado,2.0,0.0,0.75,114.4,-12.0093,-45.3546
2026/05/27 14:20:00,GOES-19,Brasil,BAHIA,BARREIRAS,Cerrado,3.0,0.0,0.76,85.0,-11.9905,-45.3344
2026/05/27 14:20:00,GOES-19,Brasil,TOCANTINS,LIZARDA,Cerrado,16.0,0.0,1.0,70.8,-9.6797,-47.0576
2026/05/27 14:20:00,GOES-19,Brasil,TOCANTINS,MATEIROS,Cerrado,4.0,0.0,0.77,68.4,-10.8005,-46.8809
2026/05/27 14:20:00,GOES-19,Brasil,TOCANTINS,MATEIROS,Cerrado,4.0,0.0,0.89,77.2,-10.8386,-46.8761
2026/05/27 14:20:00,GOES-19,Brasil,TOCANTINS,MATEIROS,Cerrado,4.0,0.0,1.0,96.0,-10.9352,-46.7743
2026/05/27 14:20:00,GOES-19,Brasil,TOCANTINS,LIZARDA,Cerrado,16.0,0.0,1.0,67.9,-9.68,-47.0353
2026/05/27 14:20:00,GOES-19,Brasil,TOCANTINS,MATEIROS,Cerrado,4.0,0.0,0.97,108.9,-10.8206,-46.8112
2026/05/27 14:20:00,GOES-19,Brasil,TOCANTINS,MATEIROS,Cerrado,4.0,0.0,0.89,121.4,-10.8008,-46.8584
2026/05/27 14:20:00,GOES-19,Brasil,TOCANTINS,PONTE ALTA DO TOCANTINS,Cerrado,4.0,0.0,0.7,191.0,-10.8195,-46.8785
2026/05/27 14:20:00,GOES-19,Brasil,TOCANTINS,MATEIROS,Cerrado,4.0,0.0,0.89,141.3,-10.8389,-46.8537
2026/05/27 14:20:00,GOES-19,Brasil,TOCANTINS,MATEIROS,Cerrado,4.0,0.0,1.0,175.4,-10.9162,-46.7767
2026/05/27 14:20:00,GOES-19,Brasil,TOCANTINS,MATEIROS,Cerrado,4.0,0.0,0.96,118.7,-10.8015,-46.8136
2026/05/27 14:30:00,GOES-19,Brasil,BAHIA,BARREIRAS,Cerrado,2.0,0.0,0.75,131.4,-12.0093,-45.3546
2026/05/27 14:30:00,GOES-19,Brasil,MATO GROSSO,BRASNORTE,Amazônia,8.0,0.07,0.98,90.6,-11.6363,-58.2481
2026/05/27 14:30:00,GOES-19,Brasil,BAHIA,BARREIRAS,Cerrado,2.0,0.0,0.75,132.7,-12.0097,-45.3315
2026/05/27 14:30:00,GOES-19,Brasil,MATO GROSSO,PARANATINGA,Amazônia,12.0,0.0,0.37,94.2,-12.7272,-54.1988
2026/05/27 14:30:00,GOES-19,Brasil,MATO GROSSO,CANARANA,Amazônia,24.0,0.0,0.97,99.1,-13.3376,-52.9264
2026/05/27 14:30:00,GOES-19,Brasil,TOCANTINS,CONCEIÇÃO DO TOCANTINS,Cerrado,4.0,0.0,0.62,95.0,-11.9741,-47.3762
2026/05/27 14:30:00,GOES-19,Brasil,MATO GROSSO,NOVA MARINGÁ,Amazônia,10.0,0.0,0.28,68.0,-12.5367,-57.2014
2026/05/27 14:30:00,GOES-19,Brasil,TOCANTINS,MATEIROS,Cerrado,4.0,0.0,0.77,69.4,-10.8005,-46.8809
2026/05/27 14:30:00,GOES-19,Brasil,TOCANTINS,MATEIROS,Cerrado,4.0,0.0,0.89,122.3,-10.8386,-46.8761
2026/05/27 14:30:00,GOES-19,Brasil,TOCANTINS,MATEIROS,Cerrado,4.0,0.0,0.97,130.2,-10.8206,-46.8112
2026/05/27 14:30:00,GOES-19,Brasil,TOCANTINS,MATEIROS,Cerrado,4.0,0.0,1.0,117.4,-10.9352,-46.7743
2026/05/27 14:30:00,GOES-19,Brasil,TOCANTINS,MATEIROS,Cerrado,4.0,0.0,0.89,146.4,-10.8008,-46.8584
2026/05/27 14:30:00,GOES-19,Brasil,TOCANTINS,MATEIROS,Cerrado,4.0,0.0,0.89,281.1,-10.8389,-46.8537
2026/05/27 14:30:00,GOES-19,Brasil,TOCANTINS,PONTE ALTA DO TOCANTINS,Cerrado,4.0,0.0,0.7,285.5,-10.8195,-46.8785
2026/05/27 14:30:00,GOES-19,Brasil,TOCANTINS,LIZARDA,Cerrado,16.0,0.0,1.0,69.9,-9.68,-47.0353
2026/05/27 14:40:00,GOES-19,Brasil,BAHIA,BARREIRAS,Cerrado,2.0,0.0,0.75,112.9,-12.0093,-45.3546
2026/05/27 14:40:00,GOES-19,Brasil,MATO GROSSO,NOVA MARINGÁ,Amazônia,10.0,0.0,0.28,69.8,-12.5367,-57.2014
2026/05/27 14:40:00,GOES-19,Brasil,TOCANTINS,MIRACEMA DO TOCANTINS,Cerrado,24.0,0.0,0.8,67.0,-9.3783,-48.4324
2026/05/27 14:40:00,GOES-19,Brasil,MATO GROSSO,BRASNORTE,Amazônia,8.0,0.07,0.98,85.8,-11.6363,-58.2481
2026/05/27 14:40:00,GOES-19,Brasil,TOCANTINS,LAGOA DA CONFUSÃO,Cerrado,27.0,0.0,0.78,70.4,-10.6642,-49.7054
2026/05/27 14:40:00,GOES-19,Brasil,PARÁ,SÃO FÉLIX DO XINGU,Amazônia,12.0,0.0,0.74,77.0,-8.9061,-51.8623
2026/05/27 14:40:00,GOES-19,Brasil,MATO GROSSO,CANARANA,Amazônia,24.0,0.0,0.97,118.6,-13.3376,-52.9264
2026/05/27 14:40:00,GOES-19,Brasil,BAHIA,BARREIRAS,Cerrado,2.0,0.0,0.75,139.2,-12.0097,-45.3315
2026/05/27 14:40:00,GOES-19,Brasil,TOCANTINS,MATEIROS,Cerrado,4.0,0.0,0.89,104.8,-10.8008,-46.8584
2026/05/27 14:40:00,GOES-19,Brasil,TOCANTINS,CONCEIÇÃO DO TOCANTINS,Cerrado,4.0,0.0,0.62,94.3,-11.9741,-47.3762
2026/05/27 14:40:00,GOES-19,Brasil,MATO GROSSO,PARANATINGA,Amazônia,12.0,0.0,0.37,96.5,-12.7272,-54.1988
2026/05/27 14:40:00,GOES-19,Brasil,TOCANTINS,PONTE ALTA DO TOCANTINS,Cerrado,4.0,0.0,0.7,430.6,-10.8195,-46.8785
2026/05/27 14:40:00,GOES-19,Brasil,TOCANTINS,MATEIROS,Cerrado,4.0,0.0,0.89,246.2,-10.8389,-46.8537
2026/05/27 14:40:00,GOES-19,Brasil,PARÁ,SÃO FÉLIX DO XINGU,Amazônia,12.0,0.0,0.74,65.8,-8.9058,-51.8831
2026/05/27 14:40:00,GOES-19,Brasil,TOCANTINS,MATEIROS,Cerrado,4.0,0.0,0.89,211.8,-10.8386,-46.8761
2026/05/27 14:40:00,GOES-19,Brasil,TOCANTINS,MATEIROS,Cerrado,4.0,0.0,1.0,101.9,-10.9352,-46.7743
2026/05/27 14:50:00,GOES-19,Brasil,TOCANTINS,LAGOA DA CONFUSÃO,Cerrado,27.0,0.0,0.78,84.3,-10.6642,-49.7054
2026/05/27 14:50:00,GOES-19,Brasil,TOCANTINS,CONCEIÇÃO DO TOCANTINS,Cerrado,4.0,0.0,0.62,86.6,-11.9741,-47.3762
2026/05/27 14:50:00,GOES-19,Brasil,TOCANTINS,LAGOA DA CONFUSÃO,Cerrado,23.0,0.0,1.0,129.5,-10.8541,-49.6631
2026/05/27 14:50:00,GOES-19,Brasil,BAHIA,BARREIRAS,Cerrado,2.0,0.0,0.75,106.7,-12.0093,-45.3546
2026/05/27 14:50:00,GOES-19,Brasil,TOCANTINS,LAGOA DA CONFUSÃO,Cerrado,23.0,0.0,0.78,69.0,-10.8731,-49.661
2026/05/27 14:50:00,GOES-19,Brasil,MATO GROSSO,PARANATINGA,Amazônia,12.0,0.0,0.37,111.1,-12.7272,-54.1988
2026/05/27 14:50:00,GOES-19,Brasil,MATO GROSSO,BRASNORTE,Amazônia,8.0,0.07,0.98,95.8,-11.6363,-58.2481
2026/05/27 14:50:00,GOES-19,Brasil,TOCANTINS,LAGOA DA CONFUSÃO,Cerrado,27.0,0.0,0.77,75.1,-10.6645,-49.6839
2026/05/27 14:50:00,GOES-19,Brasil,MATO GROSSO,CANARANA,Amazônia,24.0,0.0,0.97,89.3,-13.3376,-52.9264
2026/05/27 14:50:00,GOES-19,Brasil,MATO GROSSO,NOVA MARINGÁ,Amazônia,10.0,0.0,0.28,77.2,-12.5367,-57.2014
2026/05/27 14:50:00,GOES-19,Brasil,BAHIA,BARREIRAS,Cerrado,2.0,0.0,0.75,124.2,-12.0097,-45.3315
2026/05/27 14:50:00,GOES-19,Brasil,MARANHÃO,CAROLINA,Cerrado,12.0,0.0,0.65,58.8,-7.6834,-47.1447
2026/05/27 14:50:00,GOES-19,Brasil,TOCANTINS,PONTE ALTA DO TOCANTINS,Cerrado,4.0,0.0,0.7,138.4,-10.8195,-46.8785
2026/05/27 14:50:00,GOES-19,Brasil,TOCANTINS,MATEIROS,Cerrado,4.0,0.0,0.99,145.2,-10.9349,-46.7967
2026/05/27 14:50:00,GOES-19,Brasil,BAHIA,SÃO DESIDÉRIO,Cerrado,4.0,0.0,0.74,129.8,-12.6923,-44.7862
2026/05/27 14:50:00,GOES-19,Brasil,TOCANTINS,MATEIROS,Cerrado,4.0,0.0,0.89,291.7,-10.8389,-46.8537
2026/05/27 14:50:00,GOES-19,Brasil,TOCANTINS,MATEIROS,Cerrado,4.0,0.0,0.97,134.1,-10.8206,-46.8112
2026/05/27 14:50:00,GOES-19,Brasil,TOCANTINS,MATEIROS,Cerrado,4.0,0.0,0.89,277.0,-10.8386,-46.8761
2026/05/27 14:50:00,GOES-19,Brasil,BAHIA,SÃO DESIDÉRIO,Cerrado,3.0,0.0,0.74,128.9,-12.6918,-44.8095
2026/05/27 14:50:00,GOES-19,Brasil,MARANHÃO,CAROLINA,Cerrado,12.0,0.0,0.65,52.4,-7.7021,-47.143
2026/05/27 14:50:00,GOES-19,Brasil,TOCANTINS,MATEIROS,Cerrado,4.0,0.0,1.0,309.7,-10.9352,-46.7743
2026/05/27 15:00:00,GOES-19,Brasil,TOCANTINS,LAGOA DA CONFUSÃO,Cerrado,27.0,0.0,0.77,64.3,-10.6645,-49.6839
2026/05/27 15:00:00,GOES-19,Brasil,MATO GROSSO,BRASNORTE,Amazônia,8.0,0.07,0.98,83.4,-11.6363,-58.2481
2026/05/27 15:00:00,GOES-19,Brasil,BAHIA,BARREIRAS,Cerrado,2.0,0.0,0.75,80.4,-12.0093,-45.3546
2026/05/27 15:00:00,GOES-19,Brasil,BAHIA,BARREIRAS,Cerrado,2.0,0.0,0.75,103.9,-12.0097,-45.3315
2026/05/27 15:00:00,GOES-19,Brasil,MATO GROSSO,PARANATINGA,Amazônia,12.0,0.0,0.37,97.8,-12.7272,-54.1988
2026/05/27 15:00:00,GOES-19,Brasil,TOCANTINS,LAGOA DA CONFUSÃO,Cerrado,27.0,0.0,0.78,85.0,-10.6642,-49.7054
2026/05/27 15:00:00,GOES-19,Brasil,TOCANTINS,CONCEIÇÃO DO TOCANTINS,Cerrado,4.0,0.0,0.62,80.1,-11.9741,-47.3762
2026/05/27 15:00:00,GOES-19,Brasil,MATO GROSSO,NOVA MARINGÁ,Amazônia,10.0,0.0,0.28,68.6,-12.5367,-57.2014
2026/05/27 15:00:00,GOES-19,Brasil,TOCANTINS,MATEIROS,Cerrado,4.0,0.0,0.99,158.9,-10.9349,-46.7967
2026/05/27 15:00:00,GOES-19,Brasil,TOCANTINS,LIZARDA,Cerrado,35.0,0.0,1.0,109.9,-9.4559,-46.8373
2026/05/27 15:00:00,GOES-19,Brasil,TOCANTINS,PONTE ALTA DO TOCANTINS,Cerrado,4.0,0.0,0.7,154.1,-10.8195,-46.8785
2026/05/27 15:00:00,GOES-19,Brasil,TOCANTINS,MATEIROS,Cerrado,4.0,0.0,0.89,213.7,-10.8386,-46.8761
2026/05/27 15:00:00,GOES-19,Brasil,TOCANTINS,LIZARDA,Cerrado,35.0,0.0,1.0,122.1,-9.4556,-46.8596
2026/05/27 15:00:00,GOES-19,Brasil,TOCANTINS,MATEIROS,Cerrado,4.0,0.0,1.0,204.6,-10.9352,-46.7743
2026/05/27 15:00:00,GOES-19,Brasil,MARANHÃO,CAROLINA,Cerrado,12.0,0.0,0.65,133.0,-7.6834,-47.1447
2026/05/27 15:00:00,GOES-19,Brasil,TOCANTINS,MATEIROS,Cerrado,4.0,0.0,0.89,323.2,-10.8389,-46.8537
2026/05/27 15:00:00,GOES-19,Brasil,MARANHÃO,CAROLINA,Cerrado,12.0,0.0,0.65,54.7,-7.7021,-47.143
2026/05/27 15:00:00,GOES-19,Brasil,TOCANTINS,LIZARDA,Cerrado,35.0,0.0,0.81,58.4,-9.4367,-46.8616
2026/05/27 15:10:00,GOES-19,Brasil,MATO GROSSO,BRASNORTE,Amazônia,8.0,0.07,0.98,80.0,-11.6363,-58.2481
2026/05/27 15:10:00,GOES-19,Brasil,TOCANTINS,LAGOA DA CONFUSÃO,Cerrado,27.0,0.0,0.78,98.5,-10.6642,-49.7054
2026/05/27 15:10:00,GOES-19,Brasil,BAHIA,BARREIRAS,Cerrado,2.0,0.0,0.75,78.0,-12.0097,-45.3315
2026/05/27 15:10:00,GOES-19,Brasil,MATO GROSSO,PARANATINGA,Amazônia,12.0,0.0,0.37,118.0,-12.7272,-54.1988
2026/05/27 15:10:00,GOES-19,Brasil,TOCANTINS,LAGOA DA CONFUSÃO,Cerrado,27.0,0.0,0.77,87.6,-10.6645,-49.6839
2026/05/27 15:10:00,GOES-19,Brasil,TOCANTINS,MATEIROS,Cerrado,4.0,0.0,0.89,225.3,-10.8389,-46.8537
2026/05/27 15:10:00,GOES-19,Brasil,TOCANTINS,MATEIROS,Cerrado,4.0,0.0,0.99,247.2,-10.9349,-46.7967
2026/05/27 15:10:00,GOES-19,Brasil,TOCANTINS,PONTE ALTA DO TOCANTINS,Cerrado,4.0,0.0,0.7,98.6,-10.8195,-46.8785
2026/05/27 15:10:00,GOES-19,Brasil,TOCANTINS,MATEIROS,Cerrado,4.0,0.0,0.89,247.4,-10.8386,-46.8761
2026/05/27 15:20:00,GOES-19,Brasil,TOCANTINS,DUERÉ,Cerrado,20.0,0.0,0.82,81.3,-11.1757,-49.7132
2026/05/27 15:20:00,GOES-19,Brasil,TOCANTINS,LAGOA DA CONFUSÃO,Cerrado,27.0,0.0,0.78,73.1,-10.6642,-49.7054
2026/05/27 15:20:00,GOES-19,Brasil,TOCANTINS,LAGOA DA CONFUSÃO,Cerrado,27.0,0.0,1.0,60.9,-10.6832,-49.7034
2026/05/27 15:20:00,GOES-19,Brasil,MATO GROSSO,BRASNORTE,Amazônia,8.0,0.07,0.98,60.7,-11.6363,-58.2481
2026/05/27 15:20:00,GOES-19,Brasil,TOCANTINS,MATEIROS,Cerrado,4.0,0.0,0.89,114.4,-10.8008,-46.8584
2026/05/27 15:20:00,GOES-19,Brasil,TOCANTINS,SANTA RITA DO TOCANTINS,Cerrado,17.0,0.0,0.8,70.4,-11.0446,-49.5986
2026/05/27 15:20:00,GOES-19,Brasil,BAHIA,BARREIRAS,Cerrado,2.0,0.0,0.75,90.8,-12.0097,-45.3315
2026/05/27 15:20:00,GOES-19,Brasil,TOCANTINS,LAGOA DA CONFUSÃO,Cerrado,27.0,0.0,0.77,61.5,-10.6645,-49.6839
2026/05/27 15:20:00,GOES-19,Brasil,MATO GROSSO,CANARANA,Amazônia,24.0,0.0,0.97,67.2,-13.3376,-52.9264
2026/05/27 15:20:00,GOES-19,Brasil,BAHIA,BARREIRAS,Cerrado,2.0,0.0,0.75,75.8,-12.0093,-45.3546
2026/05/27 15:20:00,GOES-19,Brasil,PARÁ,CUMARU DO NORTE,Amazônia,9.0,0.0,0.56,59.0,-7.6803,-51.1
2026/05/27 15:20:00,GOES-19,Brasil,TOCANTINS,PONTE ALTA DO TOCANTINS,Cerrado,4.0,0.0,0.67,67.1,-10.8382,-46.8985
2026/05/27 15:20:00,GOES-19,Brasil,TOCANTINS,MATEIROS,Cerrado,4.0,0.0,0.89,256.8,-10.8389,-46.8537
2026/05/27 15:20:00,GOES-19,Brasil,MARANHÃO,CAROLINA,Cerrado,12.0,0.0,0.65,67.1,-7.7021,-47.143
2026/05/27 15:20:00,GOES-19,Brasil,TOCANTINS,MATEIROS,Cerrado,4.0,0.0,1.0,147.5,-10.9356,-46.7518
2026/05/27 15:20:00,GOES-19,Brasil,TOCANTINS,RIO SONO,Cerrado,29.0,0.0,1.0,74.6,-9.7871,-47.4892
2026/05/27 15:20:00,GOES-19,Brasil,TOCANTINS,MATEIROS,Cerrado,4.0,0.0,0.99,110.5,-10.9349,-46.7967
2026/05/27 15:20:00,GOES-19,Brasil,TOCANTINS,PONTE ALTA DO TOCANTINS,Cerrado,4.0,0.0,0.7,157.5,-10.8195,-46.8785
2026/05/27 15:20:00,GOES-19,Brasil,MARANHÃO,CAROLINA,Cerrado,12.0,0.0,0.65,133.7,-7.6834,-47.1447
2026/05/27 15:30:00,GOES-19,Brasil,TOCANTINS,MATEIROS,Cerrado,4.0,0.0,0.89,116.5,-10.8008,-46.8584
2026/05/27 15:30:00,GOES-19,Brasil,TOCANTINS,LAGOA DA CONFUSÃO,Cerrado,27.0,0.0,0.77,60.4,-10.6645,-49.6839
2026/05/27 15:30:00,GOES-19,Brasil,TOCANTINS,LAGOA DA CONFUSÃO,Cerrado,27.0,0.0,0.78,92.3,-10.6642,-49.7054
2026/05/27 15:30:00,GOES-19,Brasil,BAHIA,BARREIRAS,Cerrado,2.0,0.0,0.75,99.9,-12.0097,-45.3315
2026/05/27 15:30:00,GOES-19,Brasil,MATO GROSSO,BRASNORTE,Amazônia,8.0,0.07,0.98,68.9,-11.6363,-58.2481
2026/05/27 15:30:00,GOES-19,Brasil,TOCANTINS,MIRACEMA DO TOCANTINS,Cerrado,21.0,0.0,0.76,88.0,-9.3972,-48.4305
2026/05/27 15:30:00,GOES-19,Brasil,MATO GROSSO,PARANATINGA,Amazônia,12.0,0.0,0.37,93.6,-12.7272,-54.1988
2026/05/27 15:30:00,GOES-19,Brasil,TOCANTINS,CONCEIÇÃO DO TOCANTINS,Cerrado,4.0,0.0,0.62,81.8,-11.9741,-47.3762
2026/05/27 15:30:00,GOES-19,Brasil,TOCANTINS,MATEIROS,Cerrado,4.0,0.0,0.89,185.9,-10.8389,-46.8537
2026/05/27 15:30:00,GOES-19,Brasil,TOCANTINS,PONTE ALTA DO TOCANTINS,Cerrado,4.0,0.0,0.7,171.8,-10.8195,-46.8785
2026/05/27 15:30:00,GOES-19,Brasil,TOCANTINS,PONTE ALTA DO TOCANTINS,Cerrado,4.0,0.0,0.67,135.1,-10.8382,-46.8985
2026/05/27 15:30:00,GOES-19,Brasil,TOCANTINS,MATEIROS,Cerrado,4.0,0.0,0.89,506.1,-10.8386,-46.8761
2026/05/27 15:30:00,GOES-19,Brasil,MARANHÃO,CAROLINA,Cerrado,12.0,0.0,0.65,106.5,-7.6834,-47.1447
2026/05/27 15:30:00,GOES-19,Brasil,TOCANTINS,TOCANTÍNIA,Cerrado,16.0,0.0,0.63,59.3,-9.404,-47.9047
2026/05/27 15:30:00,GOES-19,Brasil,MARANHÃO,CAROLINA,Cerrado,12.0,0.0,0.65,69.4,-7.7021,-47.143
2026/05/27 15:30:00,GOES-19,Brasil,TOCANTINS,TOCANTÍNIA,Cerrado,15.0,0.0,0.86,69.4,-9.3851,-47.9067
2026/05/27 15:30:00,GOES-19,Brasil,TOCANTINS,DUERÉ,Cerrado,16.0,0.0,0.81,84.0,-11.1947,-49.7111
2026/05/27 15:30:00,GOES-19,Brasil,MATO GROSSO,LUCIARA,Cerrado,16.0,0.0,0.85,54.2,-11.1201,-50.9604
2026/05/27 15:40:00,GOES-19,Brasil,BAHIA,BARREIRAS,Cerrado,2.0,0.0,0.75,98.7,-12.0097,-45.3315
2026/05/27 15:40:00,GOES-19,Brasil,TOCANTINS,SANTA RITA DO TOCANTINS,Cerrado,17.0,0.0,0.8,79.1,-11.0446,-49.5986
2026/05/27 15:40:00,GOES-19,Brasil,TOCANTINS,LAGOA DA CONFUSÃO,Cerrado,16.0,0.0,1.0,67.1,-10.756,-49.9105
2026/05/27 15:40:00,GOES-19,Brasil,TOCANTINS,LAGOA DA CONFUSÃO,Cerrado,27.0,0.0,0.78,70.5,-10.6642,-49.7054
2026/05/27 15:40:00,GOES-19,Brasil,TOCANTINS,PONTE ALTA DO TOCANTINS,Cerrado,4.0,0.0,0.7,104.2,-10.8195,-46.8785
2026/05/27 15:40:00,GOES-19,Brasil,TOCANTINS,MATEIROS,Cerrado,4.0,0.0,0.89,130.7,-10.8389,-46.8537
2026/05/27 15:40:00,GOES-19,Brasil,TOCANTINS,MATEIROS,Cerrado,4.0,0.0,0.77,101.4,-10.8005,-46.8809
2026/05/27 15:40:00,GOES-19,Brasil,TOCANTINS,TOCANTÍNIA,Cerrado,16.0,0.0,0.63,80.2,-9.404,-47.9047
2026/05/27 15:40:00,GOES-19,Brasil,TOCANTINS,MATEIROS,Cerrado,4.0,0.0,0.89,293.4,-10.8386,-46.8761
2026/05/27 15:40:00,GOES-19,Brasil,TOCANTINS,MATEIROS,Cerrado,4.0,0.0,0.99,169.9,-10.9349,-46.7967
2026/05/27 15:40:00,GOES-19,Brasil,TOCANTINS,TOCANTÍNIA,Cerrado,15.0,0.0,0.86,79.0,-9.3851,-47.9067
2026/05/27 15:40:00,GOES-19,Brasil,MATO GROSSO,NOVO SANTO ANTÔNIO,Cerrado,15.0,0.0,0.49,87.4,-12.3348,-51.058
2026/05/27 15:40:00,GOES-19,Brasil,TOCANTINS,PONTE ALTA DO TOCANTINS,Cerrado,4.0,0.0,0.67,87.2,-10.8382,-46.8985
2026/05/27 15:50:00,GOES-19,Brasil,TOCANTINS,MIRACEMA DO TOCANTINS,Cerrado,21.0,0.0,0.76,82.6,-9.3972,-48.4305
2026/05/27 15:50:00,GOES-19,Brasil,TOCANTINS,SANTA RITA DO TOCANTINS,Cerrado,17.0,0.0,0.8,64.9,-11.0446,-49.5986
2026/05/27 15:50:00,GOES-19,Brasil,TOCANTINS,LAGOA DA CONFUSÃO,Cerrado,16.0,0.0,1.0,83.2,-10.756,-49.9105
2026/05/27 15:50:00,GOES-19,Brasil,TOCANTINS,MATEIROS,Cerrado,4.0,0.0,0.87,190.9,-10.7814,-46.8833
2026/05/27 15:50:00,GOES-19,Brasil,TOCANTINS,LAGOA DA CONFUSÃO,Cerrado,27.0,0.0,0.78,65.2,-10.6642,-49.7054
2026/05/27 15:50:00,NOAA-21,Brasil,SÃO PAULO,MOCOCA,Cerrado,7.0,0.0,1.0,24.9,-21.54167,-47.05264
2026/05/27 15:50:00,NOAA-21,Brasil,SÃO PAULO,MOCOCA,Cerrado,7.0,0.0,1.0,24.9,-21.54927,-47.05942
2026/05/27 15:50:00,NOAA-21,Brasil,SÃO PAULO,MOCOCA,Cerrado,7.0,0.0,1.0,33.7,-21.54115,-47.04524
2026/05/27 15:50:00,GOES-19,Brasil,MARANHÃO,FERNANDO FALCÃO,Cerrado,9.0,0.0,1.0,54.0,-6.0709,-45.5132
2026/05/27 15:50:00,GOES-19,Brasil,TOCANTINS,TOCANTÍNIA,Cerrado,16.0,0.0,0.63,63.0,-9.404,-47.9047
2026/05/27 15:50:00,GOES-19,Brasil,TOCANTINS,MATEIROS,Cerrado,4.0,0.0,0.89,201.4,-10.8386,-46.8761
2026/05/27 15:50:00,GOES-19,Brasil,TOCANTINS,PONTE ALTA DO TOCANTINS,Cerrado,4.0,0.0,0.7,81.1,-10.8195,-46.8785
2026/05/27 15:50:00,GOES-19,Brasil,TOCANTINS,PONTE ALTA DO TOCANTINS,Cerrado,4.0,0.0,0.67,93.1,-10.8382,-46.8985
2026/05/27 15:50:00,GOES-19,Brasil,MARANHÃO,FERNANDO FALCÃO,Cerrado,9.0,0.0,0.93,67.6,-6.0896,-45.5119
2026/05/27 15:50:00,GOES-19,Brasil,TOCANTINS,MATEIROS,Cerrado,4.0,0.0,0.99,90.9,-10.954,-46.7943
2026/05/27 15:50:00,GOES-19,Brasil,TOCANTINS,PIUM,Cerrado,28.0,0.0,0.68,50.4,-10.3403,-49.8903
2026/05/27 15:50:00,GOES-19,Brasil,TOCANTINS,MATEIROS,Cerrado,4.0,0.0,0.77,440.7,-10.8005,-46.8809
2026/05/27 15:50:00,GOES-19,Brasil,TOCANTINS,MATEIROS,Cerrado,4.0,0.0,0.89,114.2,-10.8389,-46.8537
2026/05/27 15:52:00,NOAA-21,Brasil,BAHIA,MACAÚBAS,Caatinga,4.0,0.0,0.95,9.0,-13.18108,-42.8283
2026/05/27 15:52:00,NOAA-21,Brasil,BAHIA,MACAÚBAS,Caatinga,4.0,0.0,0.95,9.0,-13.18603,-42.82755
2026/05/27 15:52:00,NOAA-21,Brasil,MINAS GERAIS,BURITIZEIRO,Cerrado,5.0,0.0,0.62,7.4,-17.07182,-45.41158
2026/05/27 15:52:00,NOAA-21,Brasil,MINAS GERAIS,LAGOA GRANDE,Cerrado,11.0,0.0,0.86,16.4,-17.6421,-46.44786
2026/05/27 15:52:00,NOAA-21,Brasil,GOIÁS,ALTO PARAÍSO DE GOIÁS,Cerrado,4.0,0.0,0.96,19.9,-14.12693,-47.74319
2026/05/27 15:52:00,NOAA-21,Brasil,MINAS GERAIS,VARGEM BONITA,Cerrado,6.0,0.0,0.83,9.3,-20.44961,-46.40742
2026/05/27 15:52:00,NOAA-21,Brasil,MINAS GERAIS,DIAMANTINA,Cerrado,5.0,0.0,0.79,4.3,-18.17895,-43.63361
2026/05/27 15:52:00,NOAA-21,Brasil,MINAS GERAIS,BURITIZEIRO,Cerrado,5.0,0.0,0.66,5.0,-17.07246,-45.41243
2026/05/27 15:52:00,NOAA-21,Brasil,MINAS GERAIS,PARACATU,Cerrado,12.0,0.0,1.0,6.1,-17.29183,-46.55478
2026/05/27 15:52:00,NOAA-21,Brasil,MINAS GERAIS,LAGOA GRANDE,Cerrado,11.0,0.0,0.78,15.9,-17.64156,-46.44196
2026/05/27 15:52:00,NOAA-21,Brasil,GOIÁS,ALTO PARAÍSO DE GOIÁS,Cerrado,4.0,0.0,0.98,26.5,-14.12638,-47.74657
2026/05/27 15:52:00,NOAA-21,Brasil,MINAS GERAIS,SÃO JOÃO DO PARAÍSO,Mata Atlântica,3.0,0.0,0.96,8.3,-15.18152,-41.81787
2026/05/27 15:52:00,NOAA-21,Brasil,DISTRITO FEDERAL,BRASÍLIA,Cerrado,10.0,0.0,0.97,60.3,-15.69531,-47.98881
2026/05/27 15:52:00,NOAA-21,Brasil,MINAS GERAIS,SÃO JOÃO DO PARAÍSO,Mata Atlântica,3.0,0.0,0.92,4.7,-15.18183,-41.81477
2026/05/27 15:52:00,NOAA-21,Brasil,MINAS GERAIS,UNAÍ,Cerrado,12.0,0.0,0.91,1.5,-16.24624,-46.56041
2026/05/27 15:52:00,NOAA-21,Brasil,BAHIA,BRUMADO,Caatinga,3.0,0.3,0.52,5.0,-14.04893,-41.79891
2026/05/27 15:52:00,NOAA-21,Brasil,GOIÁS,ALTO PARAÍSO DE GOIÁS,Cerrado,4.0,0.0,0.99,16.0,-14.1276,-47.75
2026/05/27 15:54:00,NOAA-21,Brasil,TOCANTINS,MATEIROS,Cerrado,4.0,0.0,0.89,57.6,-10.84228,-46.87381
2026/05/27 15:54:00,NOAA-21,Brasil,TOCANTINS,LIZARDA,Cerrado,34.0,0.0,1.0,28.3,-9.48992,-46.83662
2026/05/27 15:54:00,NOAA-21,Brasil,MARANHÃO,ALTO PARNAÍBA,Cerrado,5.0,0.0,0.92,17.5,-9.51449,-46.29382
2026/05/27 15:54:00,NOAA-21,Brasil,BAHIA,COTEGIPE,Cerrado,4.0,0.0,0.88,10.8,-11.74129,-44.51597
2026/05/27 15:54:00,NOAA-21,Brasil,BAHIA,REMANSO,Caatinga,33.0,0.0,1.0,2.8,-9.36631,-42.19694
2026/05/27 15:54:00,NOAA-21,Brasil,TOCANTINS,CONCEIÇÃO DO TOCANTINS,Cerrado,4.0,0.0,0.62,17.2,-11.97291,-47.38075
2026/05/27 15:54:00,NOAA-21,Brasil,BAHIA,COTEGIPE,Cerrado,4.0,0.0,0.89,13.3,-11.74085,-44.51241
2026/05/27 15:54:00,NOAA-21,Brasil,TOCANTINS,MATEIROS,Cerrado,4.0,0.0,0.96,34.3,-10.84198,-46.81869
2026/05/27 15:54:00,NOAA-21,Brasil,BAHIA,COTEGIPE,Cerrado,4.0,0.0,0.88,10.8,-11.74675,-44.51535
2026/05/27 15:54:00,NOAA-21,Brasil,TOCANTINS,MATEIROS,Cerrado,4.0,0.0,1.0,29.5,-10.9192,-46.79084
2026/05/27 15:54:00,NOAA-21,Brasil,TOCANTINS,PONTE ALTA DO TOCANTINS,Cerrado,4.0,0.0,0.63,5.4,-10.94103,-47.42242
2026/05/27 15:54:00,NOAA-21,Brasil,BAHIA,COTEGIPE,Cerrado,4.0,0.0,0.89,13.3,-11.74631,-44.51179
2026/05/27 15:54:00,NOAA-21,Brasil,TOCANTINS,MATEIROS,Cerrado,4.0,0.0,1.0,18.8,-10.94551,-46.75834
2026/05/27 15:54:00,NOAA-21,Brasil,TOCANTINS,LIZARDA,Cerrado,35.0,0.0,0.84,8.8,-9.44759,-46.84844
2026/05/27 15:54:00,NOAA-21,Brasil,TOCANTINS,MATEIROS,Cerrado,4.0,0.0,0.99,24.4,-10.92668,-46.8005
2026/05/27 15:54:00,NOAA-21,Brasil,PIAUÍ,BAIXA GRANDE DO RIBEIRO,Cerrado,29.0,0.0,1.0,4.5,-8.37961,-44.97137
2026/05/27 15:54:00,NOAA-21,Brasil,TOCANTINS,ITACAJÁ,Cerrado,13.0,0.0,0.66,10.8,-8.52632,-47.68129
2026/05/27 15:54:00,NOAA-21,Brasil,TOCANTINS,MIRACEMA DO TOCANTINS,Cerrado,22.0,0.0,0.76,13.1,-9.38848,-48.43837
2026/05/27 15:54:00,NOAA-21,Brasil,TOCANTINS,MATEIROS,Cerrado,35.0,0.0,1.0,4.4,-10.51022,-46.35886
2026/05/27 15:54:00,NOAA-21,Brasil,TOCANTINS,MATEIROS,Cerrado,4.0,0.0,0.82,11.0,-10.77169,-46.90363
2026/05/27 15:54:00,NOAA-21,Brasil,TOCANTINS,MATEIROS,Cerrado,4.0,0.0,1.0,112.7,-10.94805,-46.7675
2026/05/27 15:54:00,NOAA-21,Brasil,TOCANTINS,PORTO ALEGRE DO TOCANTINS,Cerrado,4.0,0.0,0.68,3.6,-11.59447,-47.07759
2026/05/27 15:54:00,NOAA-21,Brasil,TOCANTINS,TOCANTÍNIA,Cerrado,16.0,0.0,0.56,27.8,-9.39984,-47.90299
2026/05/27 15:54:00,NOAA-21,Brasil,MARANHÃO,ALTO PARNAÍBA,Cerrado,5.0,0.0,0.93,6.1,-9.51205,-46.29435
2026/05/27 15:54:00,NOAA-21,Brasil,TOCANTINS,MATEIROS,Cerrado,4.0,0.0,0.9,13.6,-10.79722,-46.86922
2026/05/27 15:54:00,NOAA-21,Brasil,TOCANTINS,MATEIROS,Cerrado,4.0,0.0,0.92,6.9,-10.77241,-46.90953
2026/05/27 15:54:00,NOAA-21,Brasil,TOCANTINS,MATEIROS,Cerrado,4.0,0.0,0.9,12.0,-10.76998,-46.9084
2026/05/27 15:54:00,NOAA-21,Brasil,TOCANTINS,GOIATINS,Cerrado,12.0,0.0,0.64,10.5,-7.93938,-47.3253
2026/05/27 15:54:00,NOAA-21,Brasil,TOCANTINS,MATEIROS,Cerrado,4.0,0.0,0.9,20.3,-10.87121,-46.85025
2026/05/27 15:54:00,NOAA-21,Brasil,TOCANTINS,MATEIROS,Cerrado,4.0,0.0,0.93,6.0,-10.7069,-46.84081
2026/05/27 15:54:00,NOAA-21,Brasil,TOCANTINS,SÃO SALVADOR DO TOCANTINS,Cerrado,4.0,0.0,0.7,12.7,-12.509,-48.28192
2026/05/27 15:54:00,NOAA-21,Brasil,TOCANTINS,MATEIROS,Cerrado,4.0,0.0,1.0,25.4,-10.9469,-46.75794
2026/05/27 15:54:00,NOAA-21,Brasil,TOCANTINS,MIRACEMA DO TOCANTINS,Cerrado,23.0,0.0,0.83,10.4,-9.38171,-48.43921
2026/05/27 15:54:00,NOAA-21,Brasil,TOCANTINS,MATEIROS,Cerrado,15.0,0.0,0.97,7.7,-10.63404,-46.90427
2026/05/27 15:54:00,NOAA-21,Brasil,PIAUÍ,FLORIANO,Caatinga,24.0,0.0,0.99,26.1,-6.99724,-42.88521
2026/05/27 15:54:00,NOAA-21,Brasil,MARANHÃO,BALSAS,Cerrado,34.0,0.0,0.77,9.4,-9.05254,-46.88645
2026/05/27 15:54:00,NOAA-21,Brasil,TOCANTINS,GOIATINS,Cerrado,13.0,0.0,0.65,10.8,-7.9413,-47.32904
2026/05/27 15:54:00,NOAA-21,Brasil,TOCANTINS,MATEIROS,Cerrado,4.0,0.0,0.91,25.3,-10.87059,-46.84513
2026/05/27 15:54:00,NOAA-21,Brasil,TOCANTINS,MATEIROS,Cerrado,4.0,0.0,0.94,11.2,-10.86681,-46.83078
2026/05/27 15:54:00,NOAA-21,Brasil,MARANHÃO,RIACHÃO,Cerrado,9.0,0.0,0.88,6.8,-7.60191,-46.46836
2026/05/27 15:54:00,NOAA-21,Brasil,MARANHÃO,BALSAS,Cerrado,34.0,0.0,0.77,12.4,-9.05233,-46.88211
2026/05/27 15:54:00,NOAA-21,Brasil,TOCANTINS,MATEIROS,Cerrado,4.0,0.0,0.95,6.8,-10.75174,-46.69668
2026/05/27 15:54:00,NOAA-21,Brasil,PIAUÍ,FLORIANO,Caatinga,24.0,0.0,0.99,16.9,-7.0005,-42.8754
2026/05/27 15:54:00,NOAA-21,Brasil,TOCANTINS,MATEIROS,Cerrado,4.0,0.0,1.0,255.9,-10.94242,-46.77324
2026/05/27 15:54:00,NOAA-21,Brasil,TOCANTINS,MATEIROS,Cerrado,4.0,0.0,1.0,23.7,-10.92425,-46.78009
2026/05/27 15:54:00,NOAA-21,Brasil,TOCANTINS,TOCANTÍNIA,Cerrado,8.0,0.0,0.81,7.0,-9.40479,-48.27062
2026/05/27 15:54:00,NOAA-21,Brasil,TOCANTINS,CONCEIÇÃO DO TOCANTINS,Cerrado,4.0,0.0,0.62,17.2,-11.96636,-47.38154
2026/05/27 15:54:00,NOAA-21,Brasil,MARANHÃO,BALSAS,Cerrado,32.0,0.0,0.87,18.3,-9.14381,-46.866
2026/05/27 15:54:00,NOAA-21,Brasil,TOCANTINS,MATEIROS,Cerrado,4.0,0.0,0.89,17.2,-10.84048,-46.8589
2026/05/27 15:54:00,NOAA-21,Brasil,TOCANTINS,MATEIROS,Cerrado,4.0,0.0,0.95,4.3,-10.84701,-46.82399
2026/05/27 15:54:00,NOAA-21,Brasil,TOCANTINS,MATEIROS,Cerrado,4.0,0.0,1.0,40.2,-10.94605,-46.76308
2026/05/27 15:54:00,NOAA-21,Brasil,TOCANTINS,MATEIROS,Cerrado,4.0,0.0,1.0,18.8,-10.95119,-46.75275
2026/05/27 15:54:00,NOAA-21,Brasil,TOCANTINS,MATEIROS,Cerrado,4.0,0.0,1.0,29.5,-10.92485,-46.78513
2026/05/27 15:54:00,NOAA-21,Brasil,MARANHÃO,BALSAS,Cerrado,32.0,0.0,0.94,18.3,-9.1432,-46.86117
2026/05/27 15:54:00,NOAA-21,Brasil,BAHIA,MUQUÉM DO SÃO FRANCISCO,Cerrado,4.0,0.0,0.97,23.3,-11.94162,-43.39634
2026/05/27 15:54:00,NOAA-21,Brasil,MARANHÃO,BALSAS,Cerrado,34.0,0.0,0.77,8.8,-9.05349,-46.89172
2026/05/27 15:54:00,NOAA-21,Brasil,TOCANTINS,PONTE ALTA DO TOCANTINS,Cerrado,4.0,0.0,0.67,114.3,-10.83801,-46.8912
2026/05/27 15:54:00,NOAA-21,Brasil,TOCANTINS,MATEIROS,Cerrado,4.0,0.0,1.0,27.9,-10.93559,-46.7691
2026/05/27 15:54:00,NOAA-21,Brasil,TOCANTINS,MATEIROS,Cerrado,4.0,0.0,1.0,112.7,-10.94124,-46.76345
2026/05/27 15:54:00,NOAA-21,Brasil,TOCANTINS,MATEIROS,Cerrado,15.0,0.0,0.97,7.7,-10.62836,-46.90995
2026/05/27 15:54:00,NOAA-21,Brasil,TOCANTINS,MATEIROS,Cerrado,12.0,0.0,0.96,6.3,-10.65522,-46.88702
2026/05/27 15:54:00,NOAA-21,Brasil,TOCANTINS,MIRACEMA DO TOCANTINS,Cerrado,21.0,0.0,0.76,13.1,-9.39525,-48.43751
2026/05/27 15:54:00,NOAA-21,Brasil,TOCANTINS,MATEIROS,Cerrado,4.0,0.0,0.89,57.6,-10.84289,-46.87887
2026/05/27 15:54:00,NOAA-21,Brasil,TOCANTINS,SÃO SALVADOR DO TOCANTINS,Cerrado,4.0,0.0,0.7,21.8,-12.51527,-48.27459
2026/05/27 15:54:00,NOAA-21,Brasil,TOCANTINS,PALMEIRANTE,Cerrado,6.0,0.0,0.53,28.1,-7.91823,-48.27139
2026/05/27 15:54:00,NOAA-21,Brasil,TOCANTINS,MATEIROS,Cerrado,4.0,0.0,0.89,27.7,-10.84107,-46.8638
2026/05/27 15:54:00,NOAA-21,Brasil,TOCANTINS,MATEIROS,Cerrado,4.0,0.0,0.85,12.0,-10.76931,-46.90263
2026/05/27 15:54:00,NOAA-21,Brasil,TOCANTINS,MATEIROS,Cerrado,4.0,0.0,1.0,112.7,-10.94182,-46.76828
2026/05/27 15:54:00,NOAA-21,Brasil,TOCANTINS,TOCANTÍNIA,Cerrado,15.0,0.0,0.83,23.6,-9.39395,-47.90913
2026/05/27 15:54:00,NOAA-21,Brasil,TOCANTINS,PONTE ALTA DO TOCANTINS,Cerrado,4.0,0.0,0.67,19.4,-10.8318,-46.89252
2026/05/27 15:54:00,NOAA-21,Brasil,TOCANTINS,MATEIROS,Cerrado,4.0,0.0,0.94,6.0,-10.70633,-46.83598
2026/05/27 15:54:00,NOAA-21,Brasil,BAHIA,MUQUÉM DO SÃO FRANCISCO,Cerrado,4.0,0.0,0.97,7.1,-11.94565,-43.39774
2026/05/27 15:54:00,NOAA-21,Brasil,TOCANTINS,MATEIROS,Cerrado,4.0,0.0,0.94,4.3,-10.84756,-46.82883
2026/05/27 15:54:00,NOAA-21,Brasil,TOCANTINS,ITACAJÁ,Cerrado,13.0,0.0,0.66,14.6,-8.53129,-47.68521
2026/05/27 15:54:00,NOAA-21,Brasil,MARANHÃO,BALSAS,Cerrado,34.0,0.0,0.77,9.5,-9.05811,-46.88123
2026/05/27 15:54:00,NOAA-21,Brasil,TOCANTINS,PONTE ALTA DO TOCANTINS,Cerrado,4.0,0.0,0.79,6.5,-10.77048,-46.89377
2026/05/27 15:54:00,NOAA-21,Brasil,TOCANTINS,MATEIROS,Cerrado,4.0,0.0,0.92,6.8,-10.87431,-46.84076
2026/05/27 15:54:00,NOAA-21,Brasil,TOCANTINS,LIZARDA,Cerrado,34.0,0.0,1.0,28.3,-9.48934,-46.83181
2026/05/27 15:54:00,NOAA-21,Brasil,MARANHÃO,ALTO PARNAÍBA,Cerrado,5.0,0.0,0.91,6.1,-9.51801,-46.29371
2026/05/27 15:54:00,NOAA-21,Brasil,TOCANTINS,MATEIROS,Cerrado,4.0,0.0,1.0,18.8,-10.94497,-46.7536
2026/05/27 15:54:00,NOAA-21,Brasil,SERGIPE,ESTÂNCIA,Mata Atlântica,-999.0,0.0,1.0,3.1,-11.11415,-37.39985
2026/05/27 15:54:00,NOAA-21,Brasil,BAHIA,CASA NOVA,Caatinga,20.0,0.0,1.0,11.6,-9.15276,-40.97594
2026/05/27 15:54:00,NOAA-21,Brasil,TOCANTINS,RIO SONO,Cerrado,29.0,0.0,1.0,17.7,-9.79365,-47.49722
2026/05/27 15:54:00,NOAA-21,Brasil,TOCANTINS,MATEIROS,Cerrado,4.0,0.0,1.0,86.2,-10.93618,-46.77404
2026/05/27 15:54:00,NOAA-21,Brasil,BAHIA,BARREIRAS,Cerrado,3.0,0.0,0.76,13.6,-11.99785,-45.34574
2026/05/27 15:54:00,NOAA-21,Brasil,TOCANTINS,NOVO ACORDO,Cerrado,29.0,0.0,0.82,27.8,-10.0496,-47.32425
2026/05/27 15:54:00,NOAA-21,Brasil,TOCANTINS,MATEIROS,Cerrado,4.0,0.0,0.71,19.4,-10.83111,-46.88681
2026/05/27 15:54:00,NOAA-21,Brasil,TOCANTINS,NOVO ACORDO,Cerrado,29.0,0.0,0.84,27.8,-10.05023,-47.32937
2026/05/27 15:54:00,NOAA-21,Brasil,TOCANTINS,CONCEIÇÃO DO TOCANTINS,Cerrado,4.0,0.0,0.62,45.9,-11.97164,-47.37842
2026/05/27 15:54:00,NOAA-21,Brasil,TOCANTINS,MATEIROS,Cerrado,4.0,0.0,1.0,86.2,-10.92993,-46.77467
2026/05/27 15:54:00,NOAA-21,Brasil,TOCANTINS,TOCANTÍNIA,Cerrado,15.0,0.0,0.86,34.4,-9.39331,-47.91037
2026/05/27 15:54:00,NOAA-21,Brasil,BAHIA,PONTO NOVO,Caatinga,13.0,0.0,1.0,2.4,-10.88834,-40.17869
2026/05/27 15:54:00,NOAA-21,Brasil,TOCANTINS,LIZARDA,Cerrado,16.0,0.0,1.0,15.2,-9.67834,-47.0483
2026/05/27 15:54:00,NOAA-21,Brasil,BAHIA,BARREIRAS,Cerrado,3.0,0.0,0.76,25.4,-11.99833,-45.34984
2026/05/27 15:54:00,NOAA-21,Brasil,MARANHÃO,TASSO FRAGOSO,Cerrado,32.0,0.0,0.78,11.9,-8.60709,-46.00627
2026/05/27 15:54:00,NOAA-21,Brasil,TOCANTINS,MATEIROS,Cerrado,4.0,0.0,1.0,25.4,-10.94066,-46.75867
2026/05/27 15:54:00,NOAA-21,Brasil,BAHIA,MUQUÉM DO SÃO FRANCISCO,Cerrado,4.0,0.0,0.97,9.0,-12.14347,-43.58622
2026/05/27 15:54:00,NOAA-21,Brasil,TOCANTINS,MATEIROS,Cerrado,4.0,0.0,1.0,86.2,-10.93051,-46.77953
2026/05/27 15:54:00,NOAA-21,Brasil,TOCANTINS,MATEIROS,Cerrado,4.0,0.0,0.97,7.1,-10.7527,-46.69807
2026/05/27 15:54:00,NOAA-21,Brasil,TOCANTINS,MATEIROS,Cerrado,4.0,0.0,1.0,54.1,-10.94717,-46.77288
2026/05/27 15:54:00,NOAA-21,Brasil,TOCANTINS,MATEIROS,Cerrado,4.0,0.0,0.9,66.0,-10.79092,-46.86971
2026/05/27 15:54:00,NOAA-21,Brasil,TOCANTINS,LIZARDA,Cerrado,34.0,0.0,1.0,54.6,-9.48953,-46.83423
2026/05/27 15:54:00,NOAA-21,Brasil,TOCANTINS,MATEIROS,Cerrado,4.0,0.0,1.0,27.9,-10.93501,-46.76429
2026/05/27 15:54:00,NOAA-21,Brasil,BAHIA,BONINAL,Caatinga,4.0,0.0,0.83,5.4,-12.70975,-41.91207
2026/05/27 15:54:00,NOAA-21,Brasil,TOCANTINS,CONCEIÇÃO DO TOCANTINS,Cerrado,4.0,0.0,0.62,17.2,-11.97225,-47.37503
2026/05/27 15:54:00,NOAA-21,Brasil,TOCANTINS,TOCANTÍNIA,Cerrado,15.0,0.0,0.83,26.6,-9.3867,-47.90443
2026/05/27 15:54:00,NOAA-21,Brasil,TOCANTINS,MATEIROS,Cerrado,4.0,0.0,1.0,29.5,-10.92546,-46.79023
2026/05/27 15:54:00,NOAA-21,Brasil,MARANHÃO,BALSAS,Cerrado,32.0,0.0,0.95,14.8,-9.1426,-46.85648
2026/05/27 15:54:00,NOAA-21,Brasil,TOCANTINS,TOCANTÍNIA,Cerrado,16.0,0.0,0.62,34.4,-9.39925,-47.90426
2026/05/27 15:54:00,NOAA-21,Brasil,TOCANTINS,TOCANTÍNIA,Cerrado,16.0,0.0,0.8,24.5,-9.40053,-47.90848
2026/05/27 15:54:00,NOAA-21,Brasil,TOCANTINS,MATEIROS,Cerrado,4.0,0.0,0.9,66.0,-10.7915,-46.87463
2026/05/27 15:54:00,NOAA-21,Brasil,SERGIPE,TOMAR DO GERU,Mata Atlântica,1.0,1.4,1.0,3.6,-11.41362,-37.81747
2026/05/27 15:54:00,NOAA-21,Brasil,MARANHÃO,BALSAS,Cerrado,34.0,0.0,0.77,4.1,-9.05317,-46.89135
2026/05/27 15:54:00,NOAA-21,Brasil,TOCANTINS,MATEIROS,Cerrado,4.0,0.0,0.9,20.3,-10.8692,-46.85147
2026/05/27 15:54:00,NOAA-21,Brasil,PIAUÍ,ANTÔNIO ALMEIDA,Cerrado,23.0,0.0,0.82,10.3,-7.20381,-44.11021
2026/05/27 15:54:00,NOAA-21,Brasil,PIAUÍ,RIBEIRO GONÇALVES,Cerrado,35.0,0.0,0.91,3.5,-8.36571,-45.6207
2026/05/27 15:54:00,NOAA-21,Brasil,TOCANTINS,MATEIROS,Cerrado,4.0,0.0,0.89,27.7,-10.84167,-46.86878
2026/05/27 15:54:00,NOAA-21,Brasil,PIAUÍ,ANTÔNIO ALMEIDA,Cerrado,24.0,0.0,0.82,17.7,-7.20519,-44.11268
2026/05/27 15:54:00,NOAA-21,Brasil,TOCANTINS,MATEIROS,Cerrado,4.0,0.0,0.93,6.2,-10.84812,-46.83375
2026/05/27 15:54:00,NOAA-21,Brasil,BAHIA,MUQUÉM DO SÃO FRANCISCO,Cerrado,4.0,0.0,0.97,9.5,-11.94529,-43.39475
2026/05/27 15:54:00,NOAA-21,Brasil,BAHIA,BARREIRAS,Cerrado,2.0,0.0,0.75,16.7,-12.00941,-45.34444
2026/05/27 15:54:00,NOAA-21,Brasil,TOCANTINS,MATEIROS,Cerrado,4.0,0.0,1.0,292.1,-10.93112,-46.78458
2026/05/27 15:54:00,NOAA-21,Brasil,BAHIA,SANTA RITA DE CÁSSIA,Cerrado,4.0,0.0,0.89,15.0,-10.972,-44.60504
2026/05/27 15:54:00,NOAA-21,Brasil,MARANHÃO,BALSAS,Cerrado,34.0,0.0,0.77,12.4,-9.0529,-46.8868
2026/05/27 15:54:00,NOAA-21,Brasil,TOCANTINS,MATEIROS,Cerrado,4.0,0.0,1.0,25.4,-10.94633,-46.75322
2026/05/27 15:54:00,NOAA-21,Brasil,PIAUÍ,FLORIANO,Caatinga,24.0,0.0,0.99,16.9,-6.99594,-42.87596
2026/05/27 15:54:00,NOAA-21,Brasil,TOCANTINS,MATEIROS,Cerrado,4.0,0.0,1.0,24.4,-10.91979,-46.79587
2026/05/27 15:54:00,NOAA-21,Brasil,TOCANTINS,MATEIROS,Cerrado,4.0,0.0,0.83,11.7,-10.76874,-46.89768
2026/05/27 15:54:00,NOAA-21,Brasil,TOCANTINS,MATEIROS,Cerrado,4.0,0.0,0.77,11.0,-10.77108,-46.89868
2026/05/27 15:54:00,NOAA-21,Brasil,BAHIA,MUQUÉM DO SÃO FRANCISCO,Cerrado,4.0,0.0,0.97,9.0,-11.94058,-43.39843
2026/05/27 15:54:00,NOAA-21,Brasil,TOCANTINS,MATEIROS,Cerrado,4.0,0.0,1.0,29.5,-10.9186,-46.78584
2026/05/27 15:54:00,NOAA-21,Brasil,TOCANTINS,RIO SONO,Cerrado,29.0,0.0,1.0,25.4,-9.79301,-47.49179
2026/05/27 15:54:00,NOAA-21,Brasil,TOCANTINS,MATEIROS,Cerrado,4.0,0.0,0.89,24.4,-10.79665,-46.86431
2026/05/27 15:54:00,NOAA-21,Brasil,TOCANTINS,MATEIROS,Cerrado,4.0,0.0,0.97,6.7,-10.8096,-46.81289
2026/05/27 15:54:00,NOAA-21,Brasil,BAHIA,BARREIRAS,Cerrado,2.0,0.0,0.75,13.6,-12.00363,-45.34509
2026/05/27 15:54:00,NOAA-21,Brasil,TOCANTINS,ITACAJÁ,Cerrado,13.0,0.0,0.66,14.1,-8.52697,-47.68667
2026/05/27 15:54:00,NOAA-21,Brasil,TOCANTINS,SÃO SALVADOR DO TOCANTINS,Cerrado,4.0,0.0,0.7,12.7,-12.51595,-48.28114
2026/05/27 15:54:00,NOAA-21,Brasil,TOCANTINS,MATEIROS,Cerrado,4.0,0.0,0.89,20.3,-10.86978,-46.8565
2026/05/27 15:54:00,NOAA-21,Brasil,TOCANTINS,PORTO NACIONAL,Cerrado,13.0,0.0,0.58,4.7,-10.20688,-48.44493
2026/05/27 15:54:00,NOAA-21,Brasil,TOCANTINS,TOCANTÍNIA,Cerrado,15.0,0.0,0.84,31.1,-9.3861,-47.9057
2026/05/27 15:54:00,NOAA-21,Brasil,TOCANTINS,MIRACEMA DO TOCANTINS,Cerrado,22.0,0.0,0.76,14.5,-9.39078,-48.43833
2026/05/27 15:54:00,NOAA-21,Brasil,BAHIA,RODELAS,Caatinga,18.0,0.0,1.0,4.1,-8.86196,-38.77452
2026/05/27 15:54:00,NOAA-21,Brasil,TOCANTINS,TOCANTÍNIA,Cerrado,16.0,0.0,0.64,26.6,-9.39327,-47.9037
2026/05/27 15:54:00,NOAA-21,Brasil,TOCANTINS,SÃO SALVADOR DO TOCANTINS,Cerrado,4.0,0.0,0.7,16.0,-12.5166,-48.2811
2026/05/27 15:54:00,NOAA-21,Brasil,TOCANTINS,TOCANTÍNIA,Cerrado,15.0,0.0,0.86,23.6,-9.38737,-47.9098
2026/05/27 15:54:00,NOAA-21,Brasil,TOCANTINS,TAGUATINGA,Cerrado,4.0,0.0,0.7,12.0,-12.46392,-46.52346
2026/05/27 15:54:00,NOAA-21,Brasil,TOCANTINS,TOCANTÍNIA,Cerrado,16.0,0.0,0.7,31.1,-9.39268,-47.90497
2026/05/27 15:54:00,NOAA-21,Brasil,MARANHÃO,RIACHÃO,Cerrado,9.0,0.0,0.89,13.7,-7.60135,-46.46416
2026/05/27 15:54:00,NOAA-21,Brasil,BAHIA,BONINAL,Caatinga,4.0,0.0,0.88,8.8,-12.70872,-41.91027
2026/05/27 15:54:00,NOAA-21,Brasil,TOCANTINS,MATEIROS,Cerrado,4.0,0.0,0.89,57.6,-10.83664,-46.87982
2026/05/27 15:54:00,NOAA-21,Brasil,BAHIA,FORMOSA DO RIO PRETO,Cerrado,4.0,0.0,0.91,4.9,-11.2331,-46.2787
2026/05/27 15:54:00,NOAA-21,Brasil,TOCANTINS,MATEIROS,Cerrado,4.0,0.0,0.84,11.7,-10.76817,-46.89278
2026/05/27 15:54:00,NOAA-21,Brasil,TOCANTINS,TAGUATINGA,Cerrado,4.0,0.0,0.55,12.0,-12.46334,-46.51833
2026/05/27 15:54:00,NOAA-21,Brasil,PIAUÍ,BOM JESUS,Cerrado,4.0,0.0,1.0,4.2,-9.27999,-44.74463
2026/05/27 15:54:00,NOAA-21,Brasil,TOCANTINS,MATEIROS,Cerrado,15.0,0.0,0.97,8.6,-10.64383,-46.89843
2026/05/27 15:54:00,NOAA-21,Brasil,TOCANTINS,MATEIROS,Cerrado,4.0,0.0,0.98,50.0,-10.93299,-46.80022
2026/05/27 15:54:00,NOAA-21,Brasil,TOCANTINS,MIRACEMA DO TOCANTINS,Cerrado,23.0,0.0,0.78,14.5,-9.38401,-48.4392
2026/05/27 15:54:00,NOAA-21,Brasil,TOCANTINS,MATEIROS,Cerrado,4.0,0.0,1.0,50.0,-10.93235,-46.79491
2026/05/27 15:54:00,NOAA-21,Brasil,TOCANTINS,MATEIROS,Cerrado,4.0,0.0,0.91,6.8,-10.87492,-46.84602
2026/05/27 15:54:00,NOAA-21,Brasil,TOCANTINS,SÃO SALVADOR DO TOCANTINS,Cerrado,4.0,0.0,0.7,14.1,-12.50965,-48.28183
2026/05/27 15:54:00,NOAA-21,Brasil,TOCANTINS,MATEIROS,Cerrado,4.0,0.0,1.0,112.7,-10.94747,-46.76267
2026/05/27 15:54:00,NOAA-21,Brasil,TOCANTINS,NATIVIDADE,Cerrado,4.0,0.0,0.79,7.0,-11.71802,-47.74179
2026/05/27 15:54:00,NOAA-21,Brasil,MARANHÃO,ALTO PARNAÍBA,Cerrado,5.0,0.0,0.99,6.1,-9.51157,-46.29031
2026/05/27 15:54:00,NOAA-21,Brasil,TOCANTINS,MATEIROS,Cerrado,4.0,0.0,0.96,8.7,-10.82266,-46.81614
2026/05/27 15:54:00,NOAA-21,Brasil,TOCANTINS,MATEIROS,Cerrado,4.0,0.0,0.9,33.3,-10.84554,-46.84813
2026/05/27 15:54:00,NOAA-21,Brasil,MARANHÃO,TASSO FRAGOSO,Cerrado,32.0,0.0,0.77,8.0,-8.61279,-46.00505
2026/05/27 15:54:00,NOAA-21,Brasil,TOCANTINS,MATEIROS,Cerrado,4.0,0.0,1.0,40.2,-10.9466,-46.76792
2026/05/27 15:54:00,NOAA-21,Brasil,TOCANTINS,RIO SONO,Cerrado,29.0,0.0,1.0,14.7,-9.79202,-47.49609
2026/05/27 15:54:00,NOAA-21,Brasil,TOCANTINS,MATEIROS,Cerrado,4.0,0.0,0.89,20.3,-10.87183,-46.85532
2026/05/27 15:54:00,NOAA-21,Brasil,TOCANTINS,MATEIROS,Cerrado,4.0,0.0,0.93,3.4,-10.84374,-46.83325
2026/05/27 15:54:00,NOAA-21,Brasil,TOCANTINS,MATEIROS,Cerrado,4.0,0.0,1.0,292.1,-10.93173,-46.7897
2026/05/27 15:54:00,NOAA-21,Brasil,TOCANTINS,MATEIROS,Cerrado,4.0,0.0,0.96,8.7,-10.82325,-46.82113
2026/05/27 15:54:00,NOAA-21,Brasil,TOCANTINS,MATEIROS,Cerrado,4.0,0.0,0.91,26.1,-10.86861,-46.84639
2026/05/27 15:54:00,NOAA-21,Brasil,TOCANTINS,NOVO JARDIM,Cerrado,4.0,0.0,0.59,7.3,-11.78694,-46.74799
2026/05/27 15:54:00,NOAA-21,Brasil,TOCANTINS,TOCANTÍNIA,Cerrado,5.0,0.0,0.93,6.9,-9.36171,-48.25179
2026/05/27 15:54:00,NOAA-21,Brasil,BAHIA,MUQUÉM DO SÃO FRANCISCO,Cerrado,4.0,0.0,0.97,9.5,-11.94022,-43.39544
2026/05/27 15:54:00,NOAA-21,Brasil,TOCANTINS,MATEIROS,Cerrado,4.0,0.0,0.79,114.3,-10.84354,-46.88429
2026/05/27 15:54:00,NOAA-21,Brasil,TOCANTINS,MATEIROS,Cerrado,4.0,0.0,1.0,23.7,-10.91801,-46.78085
2026/05/27 15:54:00,NOAA-21,Brasil,TOCANTINS,DIANÓPOLIS,Cerrado,4.0,0.0,0.93,5.5,-11.97168,-46.79214
2026/05/27 15:54:00,NOAA-21,Brasil,TOCANTINS,MATEIROS,Cerrado,3.0,0.0,1.0,255.9,-10.94303,-46.77833
2026/05/27 15:54:00,NOAA-21,Brasil,TOCANTINS,MATEIROS,Cerrado,14.0,0.0,0.97,7.6,-10.63968,-46.89837
2026/05/27 15:54:00,NOAA-21,Brasil,TOCANTINS,MATEIROS,Cerrado,4.0,0.0,0.97,6.9,-10.81583,-46.81201
2026/05/27 15:56:00,NOAA-21,Brasil,MARANHÃO,MIRADOR,Cerrado,9.0,0.0,0.65,7.7,-6.1894,-44.86643
2026/05/27 15:56:00,NOAA-21,Brasil,MARANHÃO,FERNANDO FALCÃO,Cerrado,9.0,0.0,1.0,22.7,-6.0756,-45.51014
2026/05/27 15:56:00,NOAA-21,Brasil,MARANHÃO,GRAJAÚ,Cerrado,8.0,0.0,0.98,8.3,-5.87076,-46.26036
2026/05/27 15:56:00,NOAA-21,Brasil,MARANHÃO,LORETO,Cerrado,22.0,0.0,0.89,10.1,-7.01232,-45.00246
2026/05/27 15:56:00,NOAA-21,Brasil,MARANHÃO,SÃO FÉLIX DE BALSAS,Cerrado,11.0,0.0,0.71,3.4,-6.84873,-44.86496
2026/05/27 15:56:00,NOAA-21,Brasil,CEARÁ,BEBERIBE,Caatinga,-999.0,0.1,0.03,9.6,-4.36779,-37.90332
2026/05/27 15:56:00,NOAA-21,Brasil,MARANHÃO,LORETO,Cerrado,22.0,0.0,0.89,10.1,-7.01188,-44.99916
2026/05/27 15:56:00,NOAA-21,Brasil,MARANHÃO,MIRADOR,Cerrado,11.0,0.0,0.96,6.9,-6.62109,-45.62201
2026/05/27 15:56:00,NOAA-21,Brasil,TOCANTINS,ARAGUAÍNA,Amazônia,12.0,0.0,1.0,13.3,-7.42837,-49.01922
2026/05/27 15:56:00,NOAA-21,Brasil,TOCANTINS,ARAGUAÍNA,Amazônia,12.0,0.0,1.0,9.4,-7.42974,-49.01871
2026/05/27 15:56:00,NOAA-21,Brasil,PIAUÍ,PIRACURUCA,Caatinga,9.0,0.0,0.26,9.8,-3.80552,-41.60202
2026/05/27 15:56:00,NOAA-21,Brasil,MARANHÃO,MIRADOR,Cerrado,11.0,0.0,1.0,6.9,-6.62063,-45.61865
2026/05/27 15:56:00,NOAA-21,Brasil,MARANHÃO,CHAPADINHA,Cerrado,3.0,0.0,0.02,15.3,-3.33361,-43.44221
2026/05/27 15:56:00,NOAA-21,Brasil,MARANHÃO,ALDEIAS ALTAS,Cerrado,8.0,0.0,0.15,7.7,-4.68128,-43.50599
2026/05/27 15:56:00,NOAA-21,Brasil,MARANHÃO,TUTÓIA,Cerrado,-999.0,0.7,0.03,11.3,-2.84802,-42.18931
2026/05/27 15:56:00,NOAA-21,Brasil,MARANHÃO,ANAPURUS,Cerrado,8.0,0.0,0.13,3.3,-3.64932,-43.08492
2026/05/27 15:56:00,NOAA-21,Brasil,MARANHÃO,LORETO,Cerrado,22.0,0.0,0.89,9.3,-7.00658,-44.99964
2026/05/27 15:56:00,NOAA-21,Brasil,MARANHÃO,FERNANDO FALCÃO,Cerrado,9.0,0.0,0.99,5.1,-6.23556,-45.57162
2026/05/27 15:56:00,NOAA-21,Brasil,CEARÁ,LIMOEIRO DO NORTE,Caatinga,6.0,3.87,0.1,3.5,-5.03586,-38.13689
2026/05/27 15:56:00,NOAA-21,Brasil,MARANHÃO,FERNANDO FALCÃO,Cerrado,9.0,0.0,0.63,10.3,-6.09039,-45.49823
2026/05/27 15:56:00,NOAA-21,Brasil,MARANHÃO,COLINAS,Cerrado,8.0,0.0,0.61,10.6,-6.08361,-44.00576
2026/05/27 15:56:00,NOAA-21,Brasil,RIO GRANDE DO NORTE,TIBAU,Caatinga,-999.0,2.71,0.13,4.7,-4.91967,-37.34678
2026/05/27 15:56:00,NOAA-21,Brasil,MARANHÃO,ALDEIAS ALTAS,Cerrado,9.0,0.0,0.06,5.7,-4.38617,-43.2874
2026/05/27 15:56:00,NOAA-21,Brasil,MARANHÃO,FERNANDO FALCÃO,Cerrado,9.0,0.0,1.0,22.7,-6.07512,-45.50668
2026/05/27 15:56:00,NOAA-21,Brasil,MARANHÃO,GRAJAÚ,Cerrado,8.0,0.0,0.48,16.7,-5.85329,-46.25883
2026/05/27 15:56:00,NOAA-21,Brasil,RIO GRANDE DO NORTE,TIBAU,Caatinga,-999.0,2.75,0.12,4.3,-4.9202,-37.35027
2026/05/27 15:56:00,NOAA-21,Brasil,MARANHÃO,LORETO,Cerrado,22.0,0.0,0.89,8.5,-7.01256,-45.00127
2026/05/27 15:56:00,NOAA-21,Brasil,MARANHÃO,LORETO,Cerrado,22.0,0.0,0.89,9.8,-7.00725,-45.00172
2026/05/27 15:56:00,NOAA-21,Brasil,MARANHÃO,CAXIAS,Cerrado,10.0,0.0,0.1,12.6,-4.62986,-43.05278
2026/05/27 15:56:00,NOAA-21,Brasil,MARANHÃO,FERNANDO FALCÃO,Cerrado,9.0,0.0,0.97,6.1,-6.23778,-45.57305
2026/05/27 15:56:00,NOAA-21,Brasil,MARANHÃO,ARAIOSES,Cerrado,7.0,0.57,0.04,7.8,-3.08361,-42.03697
2026/05/27 15:56:00,NOAA-21,Brasil,MARANHÃO,CHAPADINHA,Cerrado,3.0,0.0,0.02,15.3,-3.33631,-43.44265
2026/05/27 15:56:00,NOAA-21,Brasil,PIAUÍ,PIRACURUCA,Caatinga,9.0,0.0,0.27,7.8,-3.8135,-41.60092
2026/05/27 15:56:00,NOAA-21,Brasil,MARANHÃO,LORETO,Cerrado,22.0,0.0,0.89,8.5,-7.01302,-45.00456
2026/05/27 15:56:00,NOAA-21,Brasil,MARANHÃO,CAPINZAL DO NORTE,Cerrado,9.0,0.0,0.06,26.2,-4.60332,-44.29473
2026/05/27 15:56:00,NOAA-21,Brasil,PARÁ,ULIANÓPOLIS,Amazônia,9.0,0.0,0.46,13.1,-3.92266,-47.22034
2026/05/27 15:56:00,NOAA-21,Brasil,MARANHÃO,FERNANDO FALCÃO,Cerrado,9.0,0.0,0.56,12.4,-6.08993,-45.49495
2026/05/27 15:56:00,NOAA-21,Brasil,MARANHÃO,BARRA DO CORDA,Cerrado,8.0,0.0,0.51,8.8,-5.77968,-45.11961
2026/05/27 15:56:00,NOAA-21,Brasil,MARANHÃO,URBANO SANTOS,Cerrado,9.0,0.0,0.06,5.7,-3.49842,-43.31273
2026/05/27 15:56:00,NOAA-21,Brasil,MARANHÃO,BARRA DO CORDA,Cerrado,8.0,0.0,0.52,5.1,-5.78623,-45.12834
2026/05/27 15:56:00,NOAA-21,Brasil,CEARÁ,BEBERIBE,Caatinga,-999.0,0.1,0.02,19.8,-4.36726,-37.89977
2026/05/27 15:56:00,NOAA-21,Brasil,PIAUÍ,PIRACURUCA,Caatinga,9.0,0.0,0.26,7.8,-3.80951,-41.60147
2026/05/27 15:56:00,NOAA-21,Brasil,MARANHÃO,CAPINZAL DO NORTE,Cerrado,9.0,0.0,0.06,26.2,-4.60256,-44.28944
2026/05/27 15:56:00,NOAA-21,Brasil,MARANHÃO,BARRA DO CORDA,Cerrado,8.0,0.0,0.52,10.2,-5.78101,-45.12917
2026/05/27 15:56:00,NOAA-21,Brasil,MARANHÃO,GRAJAÚ,Cerrado,8.0,0.0,0.72,12.8,-5.85276,-46.25502
2026/05/27 15:56:00,NOAA-21,Brasil,MARANHÃO,CAXIAS,Cerrado,10.0,0.0,0.1,5.9,-4.62541,-43.05337
2026/05/27 15:56:00,NOAA-21,Brasil,MARANHÃO,AMAPÁ DO MARANHÃO,Amazônia,0.0,3.64,0.0,3.6,-1.70527,-46.0168
2026/05/27 15:56:00,NOAA-21,Brasil,MARANHÃO,FERNANDO FALCÃO,Cerrado,9.0,0.0,1.0,22.7,-6.08052,-45.50603
2026/05/27 15:56:00,NOAA-21,Brasil,MARANHÃO,LORETO,Cerrado,22.0,0.0,0.89,6.7,-7.01276,-45.00576
2026/05/27 15:56:00,NOAA-21,Brasil,MARANHÃO,GRAJAÚ,Cerrado,8.0,0.0,1.0,8.3,-5.87024,-46.25668
2026/05/27 15:56:00,NOAA-21,Brasil,MARANHÃO,SANTA QUITÉRIA DO MARANHÃO,Cerrado,5.0,0.0,0.05,62.6,-3.30516,-42.74081
2026/05/27 16:00:00,GOES-19,Brasil,MATO GROSSO,BRASNORTE,Amazônia,8.0,0.07,0.98,55.1,-11.6363,-58.2481
2026/05/27 16:00:00,GOES-19,Brasil,TOCANTINS,SANTA RITA DO TOCANTINS,Cerrado,17.0,0.0,0.8,62.0,-11.0446,-49.5986
2026/05/27 16:00:00,GOES-19,Brasil,TOCANTINS,MATEIROS,Cerrado,4.0,0.0,0.87,96.5,-10.7814,-46.8833
2026/05/27 16:00:00,GOES-19,Brasil,TOCANTINS,LAGOA DA CONFUSÃO,Cerrado,27.0,0.0,0.78,68.0,-10.6642,-49.7054
2026/05/27 16:00:00,GOES-19,Brasil,MARANHÃO,FERNANDO FALCÃO,Cerrado,9.0,0.0,0.93,71.1,-6.0896,-45.5119
2026/05/27 16:00:00,GOES-19,Brasil,TOCANTINS,MATEIROS,Cerrado,4.0,0.0,0.77,121.2,-10.8005,-46.8809
2026/05/27 16:00:00,GOES-19,Brasil,TOCANTINS,MATEIROS,Cerrado,4.0,0.0,0.89,155.1,-10.8386,-46.8761
2026/05/27 16:00:00,GOES-19,Brasil,TOCANTINS,MATEIROS,Cerrado,4.0,0.0,0.89,191.4,-10.8389,-46.8537
2026/05/27 16:00:00,GOES-19,Brasil,MARANHÃO,FERNANDO FALCÃO,Cerrado,9.0,0.0,1.0,95.3,-6.0709,-45.5132
2026/05/27 16:00:00,GOES-19,Brasil,TOCANTINS,TOCANTÍNIA,Cerrado,16.0,0.0,0.63,73.3,-9.404,-47.9047
2026/05/27 16:10:00,GOES-19,Brasil,TOCANTINS,PONTE ALTA DO TOCANTINS,Cerrado,4.0,0.0,0.87,112.3,-10.7621,-46.908
2026/05/27 16:10:00,GOES-19,Brasil,TOCANTINS,MATEIROS,Cerrado,4.0,0.0,0.87,224.3,-10.7814,-46.8833
2026/05/27 16:10:00,GOES-19,Brasil,TOCANTINS,MIRACEMA DO TOCANTINS,Cerrado,24.0,0.0,0.8,64.0,-9.3783,-48.4324
2026/05/27 16:10:00,GOES-19,Brasil,MARANHÃO,FERNANDO FALCÃO,Cerrado,9.0,0.0,0.93,60.1,-6.0896,-45.5119
2026/05/27 16:10:00,GOES-19,Brasil,TOCANTINS,LIZARDA,Cerrado,35.0,0.0,1.0,73.0,-9.4559,-46.8373
2026/05/27 16:10:00,GOES-19,Brasil,TOCANTINS,LIZARDA,Cerrado,35.0,0.0,1.0,51.1,-9.4556,-46.8596
2026/05/27 16:10:00,GOES-19,Brasil,TOCANTINS,MATEIROS,Cerrado,4.0,0.0,0.89,104.0,-10.8386,-46.8761
2026/05/27 16:10:00,GOES-19,Brasil,TOCANTINS,MATEIROS,Cerrado,4.0,0.0,0.99,264.4,-10.9349,-46.7967
2026/05/27 16:10:00,GOES-19,Brasil,TOCANTINS,MATEIROS,Cerrado,4.0,0.0,0.89,186.3,-10.8389,-46.8537
2026/05/27 16:10:00,GOES-19,Brasil,TOCANTINS,PONTE ALTA DO TOCANTINS,Cerrado,4.0,0.0,0.74,229.1,-10.7811,-46.9057
2026/05/27 16:10:00,GOES-19,Brasil,TOCANTINS,NOVO ACORDO,Cerrado,29.0,0.0,0.93,63.5,-10.0542,-47.3264
2026/05/27 16:10:00,GOES-19,Brasil,BAHIA,SÃO DESIDÉRIO,Cerrado,4.0,0.0,0.74,121.2,-12.6923,-44.7862
2026/05/27 16:10:00,GOES-19,Brasil,MARANHÃO,FERNANDO FALCÃO,Cerrado,9.0,0.0,1.0,75.9,-6.0709,-45.5132
2026/05/27 16:10:00,GOES-19,Brasil,TOCANTINS,MATEIROS,Cerrado,4.0,0.0,0.77,254.7,-10.8005,-46.8809
2026/05/27 16:20:00,GOES-19,Brasil,TOCANTINS,MATEIROS,Cerrado,4.0,0.0,0.87,95.3,-10.7814,-46.8833
2026/05/27 16:20:00,GOES-19,Brasil,TOCANTINS,TOCANTÍNIA,Cerrado,13.0,0.0,0.66,56.9,-9.6089,-48.1027
2026/05/27 16:20:00,GOES-19,Brasil,MATO GROSSO,LUCIARA,Cerrado,16.0,0.0,0.85,74.1,-11.1201,-50.9604
2026/05/27 16:20:00,GOES-19,Brasil,TOCANTINS,MATEIROS,Cerrado,4.0,0.0,0.89,159.9,-10.8386,-46.8761
2026/05/27 16:20:00,GOES-19,Brasil,TOCANTINS,MATEIROS,Cerrado,4.0,0.0,0.89,296.4,-10.8389,-46.8537
2026/05/27 16:20:00,GOES-19,Brasil,MARANHÃO,FERNANDO FALCÃO,Cerrado,9.0,0.0,0.98,97.1,-6.1859,-45.2109
2026/05/27 16:20:00,GOES-19,Brasil,TOCANTINS,NOVO ACORDO,Cerrado,29.0,0.0,0.93,116.3,-10.0542,-47.3264
2026/05/27 16:20:00,GOES-19,Brasil,TOCANTINS,LIZARDA,Cerrado,34.0,0.0,1.0,102.0,-9.4938,-46.8331
2026/05/27 16:20:00,GOES-19,Brasil,TOCANTINS,RIO SONO,Cerrado,29.0,0.0,0.73,61.5,-10.0352,-47.3286
2026/05/27 16:24:00,NPP-375,Brasil,SÃO PAULO,MOCOCA,Cerrado,7.0,0.0,1.0,31.6,-21.53968,-47.04911
2026/05/27 16:24:00,NPP-375,Brasil,SÃO PAULO,BROTAS,Cerrado,2.0,0.5,0.49,6.4,-22.2197,-47.90251
2026/05/27 16:24:00,NPP-375,Brasil,SÃO PAULO,MOCOCA,Cerrado,7.0,0.0,1.0,4.6,-21.54444,-47.04852
2026/05/27 16:24:00,NPP-375,Brasil,SÃO PAULO,BROTAS,Cerrado,2.0,0.5,0.47,11.9,-22.22304,-47.90086
2026/05/27 16:24:00,NPP-375,Brasil,SÃO PAULO,BROTAS,Cerrado,2.0,0.5,0.62,11.9,-22.22334,-47.90395
2026/05/27 16:24:00,NPP-375,Brasil,SÃO PAULO,BROTAS,Cerrado,2.0,0.5,0.64,7.1,-22.22018,-47.90713
2026/05/27 16:24:00,NPP-375,Brasil,SÃO PAULO,MOCOCA,Cerrado,7.0,0.0,1.0,8.0,-21.55037,-47.0588
2026/05/27 16:24:00,NPP-375,Brasil,SÃO PAULO,BROTAS,Cerrado,2.0,0.5,0.73,7.1,-22.22049,-47.91018
2026/05/27 16:24:00,NPP-375,Brasil,SÃO PAULO,BROTAS,Cerrado,2.0,0.5,0.57,7.2,-22.21855,-47.90755
2026/05/27 16:24:00,NPP-375,Brasil,SÃO PAULO,BOTUCATU,Cerrado,0.0,0.0,0.07,4.5,-22.91646,-48.68277
2026/05/27 16:26:00,NPP-375,Brasil,BAHIA,IUIU,Cerrado,4.0,0.0,1.0,3.6,-14.55269,-43.57159
2026/05/27 16:26:00,NPP-375,Brasil,MINAS GERAIS,PATROCÍNIO,Cerrado,5.0,0.0,1.0,6.0,-18.72179,-46.89154
2026/05/27 16:26:00,NPP-375,Brasil,MINAS GERAIS,FORTALEZA DE MINAS,Mata Atlântica,7.0,0.0,0.5,3.9,-20.91568,-46.78856
2026/05/27 16:26:00,NPP-375,Brasil,GOIÁS,ALTO PARAÍSO DE GOIÁS,Cerrado,6.0,0.0,0.93,10.1,-14.07142,-47.55411
2026/05/27 16:26:00,NPP-375,Brasil,MINAS GERAIS,LAGOA GRANDE,Cerrado,11.0,0.0,0.83,3.0,-17.64726,-46.44524
2026/05/27 16:26:00,NPP-375,Brasil,BAHIA,JABORANDI,Cerrado,4.0,0.1,0.99,6.6,-14.15294,-45.27428
2026/05/27 16:26:00,NPP-375,Brasil,GOIÁS,ALTO PARAÍSO DE GOIÁS,Cerrado,4.0,0.0,0.96,7.9,-14.12827,-47.7461
2026/05/27 16:26:00,NPP-375,Brasil,MINAS GERAIS,CENTRALINA,Cerrado,11.0,0.0,0.67,9.6,-18.7283,-49.09672
2026/05/27 16:26:00,NPP-375,Brasil,MINAS GERAIS,JAGUARAÇU,Mata Atlântica,4.0,0.0,0.46,1.8,-19.64211,-42.65929
2026/05/27 16:26:00,NPP-375,Brasil,MINAS GERAIS,PATROCÍNIO,Cerrado,5.0,0.0,1.0,5.4,-18.72322,-46.89276
2026/05/27 16:26:00,NPP-375,Brasil,MINAS GERAIS,LAGOA GRANDE,Cerrado,11.0,0.0,0.84,23.1,-17.64292,-46.4458
2026/05/27 16:26:00,NPP-375,Brasil,MINAS GERAIS,ITAMARANDIBA,Cerrado,4.0,0.0,0.36,5.6,-17.91609,-42.74009
2026/05/27 16:26:00,NPP-375,Brasil,MINAS GERAIS,FORMIGA,Cerrado,2.0,0.0,1.0,3.3,-20.67878,-45.53105
2026/05/27 16:26:00,NPP-375,Brasil,SÃO PAULO,PEDREGULHO,Cerrado,7.0,0.0,1.0,3.5,-20.15638,-47.53343
2026/05/27 16:26:00,NPP-375,Brasil,GOIÁS,MINEIROS,Cerrado,4.0,0.0,1.0,3.4,-17.66033,-52.34589
2026/05/27 16:26:00,NPP-375,Brasil,MINAS GERAIS,PARACATU,Cerrado,12.0,0.0,1.0,2.6,-17.29548,-46.55508
2026/05/27 16:26:00,NPP-375,Brasil,GOIÁS,SÃO JOÃO D'ALIANÇA,Cerrado,4.0,0.1,0.98,8.3,-14.79189,-47.6225
2026/05/27 16:26:00,NPP-375,Brasil,GOIÁS,ALTO PARAÍSO DE GOIÁS,Cerrado,4.0,0.0,0.92,12.0,-14.12993,-47.74392
2026/05/27 16:26:00,NPP-375,Brasil,MINAS GERAIS,SACRAMENTO,Cerrado,4.0,0.0,1.0,9.1,-19.73099,-47.3078
2026/05/27 16:26:00,NPP-375,Brasil,MATO GROSSO DO SUL,SELVÍRIA,Mata Atlântica,8.0,0.0,0.76,9.9,-20.46724,-51.49488
2026/05/27 16:26:00,NPP-375,Brasil,MATO GROSSO DO SUL,SELVÍRIA,Mata Atlântica,7.0,0.0,0.94,8.7,-20.47198,-51.49679
2026/05/27 16:26:00,NPP-375,Brasil,MINAS GERAIS,BURITIZEIRO,Cerrado,5.0,0.0,0.65,2.6,-17.07262,-45.41224
2026/05/27 16:26:00,NPP-375,Brasil,MINAS GERAIS,IRAÍ DE MINAS,Cerrado,8.0,0.0,1.0,3.5,-19.00491,-47.55773
2026/05/27 16:26:00,NPP-375,Brasil,GOIÁS,ITAPURANGA,Cerrado,4.0,0.0,1.0,3.4,-15.49089,-50.0606
2026/05/27 16:26:00,NPP-375,Brasil,SÃO PAULO,PAULO DE FARIA,Mata Atlântica,8.0,0.0,0.97,8.9,-20.191,-49.56334
2026/05/27 16:26:00,NPP-375,Brasil,MINAS GERAIS,DIAMANTINA,Cerrado,5.0,0.0,0.75,9.0,-18.17696,-43.63352
2026/05/27 16:26:00,NPP-375,Brasil,MINAS GERAIS,SÃO FRANCISCO,Cerrado,29.0,0.0,1.0,3.5,-15.72542,-45.1301
2026/05/27 16:26:00,NPP-375,Brasil,BAHIA,CARINHANHA,Cerrado,4.0,0.0,1.0,1.8,-13.89178,-43.7691
2026/05/27 16:26:00,NPP-375,Brasil,MINAS GERAIS,GUARDA-MOR,Cerrado,4.0,0.0,1.0,6.4,-17.60973,-47.0579
2026/05/27 16:26:00,NPP-375,Brasil,BAHIA,GUANAMBI,Caatinga,4.0,0.1,1.0,3.4,-14.03254,-42.92344
2026/05/27 16:26:00,NPP-375,Brasil,MINAS GERAIS,DIAMANTINA,Cerrado,5.0,0.0,0.82,7.0,-18.18066,-43.63308
2026/05/27 16:26:00,NPP-375,Brasil,BAHIA,BRUMADO,Caatinga,3.0,0.3,0.55,2.1,-14.047,-41.79824
2026/05/27 16:26:00,NPP-375,Brasil,BAHIA,JABORANDI,Cerrado,4.0,0.1,0.99,10.3,-14.15359,-45.27915
2026/05/27 16:26:00,NPP-375,Brasil,MINAS GERAIS,SACRAMENTO,Cerrado,4.0,0.0,1.0,6.9,-19.73145,-47.30643
2026/05/27 16:26:00,NPP-375,Brasil,GOIÁS,ALTO PARAÍSO DE GOIÁS,Cerrado,4.0,0.0,0.93,15.1,-14.12766,-47.74142
2026/05/27 16:26:00,NPP-375,Brasil,MINAS GERAIS,BURITIZEIRO,Cerrado,5.0,0.0,0.54,5.8,-17.07216,-45.4086
2026/05/27 16:26:00,NPP-375,Brasil,BAHIA,PLANALTINO,Caatinga,3.0,0.0,0.96,3.7,-13.22713,-40.44205
2026/05/27 16:26:00,NPP-375,Brasil,MINAS GERAIS,ROMARIA,Cerrado,5.0,0.0,1.0,5.8,-18.86592,-47.64668
2026/05/27 16:26:00,NPP-375,Brasil,BAHIA,JABORANDI,Cerrado,4.0,0.5,0.95,5.2,-14.2421,-45.82017
2026/05/27 16:26:00,NPP-375,Brasil,BAHIA,CARAÍBAS,Caatinga,3.0,0.82,0.57,3.2,-14.61217,-41.18441
2026/05/27 16:26:00,NPP-375,Brasil,MINAS GERAIS,TRÊS MARIAS,Cerrado,5.0,0.0,0.5,3.6,-18.58153,-45.21611
2026/05/27 16:26:00,NPP-375,Brasil,GOIÁS,ITAPURANGA,Cerrado,4.0,0.0,1.0,4.5,-15.49052,-50.05724
2026/05/27 16:26:00,NPP-375,Brasil,GOIÁS,ALTO PARAÍSO DE GOIÁS,Cerrado,4.0,0.0,0.89,12.0,-14.12935,-47.73923
2026/05/27 16:26:00,NPP-375,Brasil,GOIÁS,HIDROLÂNDIA,Cerrado,4.0,0.0,1.0,3.3,-17.06106,-49.11596
2026/05/27 16:26:00,NPP-375,Brasil,BAHIA,MACAÚBAS,Caatinga,4.0,0.0,0.95,6.0,-13.18359,-42.82918
2026/05/27 16:26:00,NPP-375,Brasil,BAHIA,MACAÚBAS,Caatinga,4.0,0.0,0.95,3.3,-13.18305,-42.82548
2026/05/27 16:26:00,NPP-375,Brasil,SÃO PAULO,PEDREGULHO,Cerrado,7.0,0.0,0.87,6.7,-20.15296,-47.53097
2026/05/27 16:26:00,NPP-375,Brasil,BAHIA,JABORANDI,Cerrado,4.0,0.1,1.0,6.6,-14.1491,-45.27486
2026/05/27 16:28:00,NPP-375,Brasil,MATO GROSSO,LUCIARA,Cerrado,20.0,0.0,1.0,5.1,-10.97196,-51.21892
2026/05/27 16:28:00,NPP-375,Brasil,MATO GROSSO,MARCELÂNDIA,Amazônia,12.0,0.0,0.22,8.9,-10.91668,-54.12075
2026/05/27 16:28:00,NPP-375,Brasil,PARÁ,OURILÂNDIA DO NORTE,Amazônia,11.0,0.0,0.44,2.8,-8.17277,-52.05822
2026/05/27 16:28:00,NPP-375,Brasil,BAHIA,BIRITINGA,Caatinga,4.0,0.1,0.99,2.6,-11.45478,-38.75814
2026/05/27 16:28:00,NPP-375,Brasil,PARÁ,CUMARU DO NORTE,Amazônia,9.0,0.0,0.56,5.1,-7.6843,-51.10176
2026/05/27 16:28:00,NPP-375,Brasil,MATO GROSSO,CONFRESA,Amazônia,11.0,0.0,1.0,2.9,-10.49826,-51.86851
2026/05/27 16:28:00,NPP-375,Brasil,TOCANTINS,MATEIROS,Cerrado,4.0,0.0,1.0,8.8,-10.94592,-46.76399
2026/05/27 16:28:00,NPP-375,Brasil,TOCANTINS,LAGOA DA CONFUSÃO,Cerrado,16.0,0.0,0.93,11.4,-10.74992,-49.90382
2026/05/27 16:28:00,NPP-375,Brasil,MARANHÃO,FERNANDO FALCÃO,Cerrado,9.0,0.0,0.98,18.7,-6.1936,-45.21862
2026/05/27 16:28:00,NPP-375,Brasil,MARANHÃO,LORETO,Cerrado,22.0,0.0,0.89,22.6,-7.01052,-44.99695
2026/05/27 16:28:00,NPP-375,Brasil,TOCANTINS,LIZARDA,Cerrado,35.0,0.0,1.0,9.8,-9.48784,-46.84042
2026/05/27 16:28:00,NPP-375,Brasil,BAHIA,SANTA RITA DE CÁSSIA,Cerrado,4.0,0.0,0.89,26.3,-10.97502,-44.60611
2026/05/27 16:28:00,NPP-375,Brasil,MARANHÃO,CAROLINA,Cerrado,12.0,0.0,0.65,6.1,-7.69004,-47.14344
2026/05/27 16:28:00,NPP-375,Brasil,BAHIA,SENTO SÉ,Caatinga,33.0,0.0,1.0,2.4,-9.80891,-41.79375
2026/05/27 16:28:00,NPP-375,Brasil,TOCANTINS,PIUM,Cerrado,28.0,0.0,0.59,10.6,-10.35439,-49.90286
2026/05/27 16:28:00,NPP-375,Brasil,PIAUÍ,FLORIANO,Caatinga,24.0,0.0,0.99,11.3,-6.99957,-42.87498
2026/05/27 16:28:00,NPP-375,Brasil,TOCANTINS,RIO SONO,Cerrado,29.0,0.0,1.0,6.3,-9.79514,-47.48852
2026/05/27 16:28:00,NPP-375,Brasil,TOCANTINS,LIZARDA,Cerrado,35.0,0.0,0.88,7.3,-9.44813,-46.84595
2026/05/27 16:28:00,NPP-375,Brasil,MARANHÃO,LORETO,Cerrado,22.0,0.0,0.89,22.6,-7.01109,-45.00082
2026/05/27 16:28:00,NPP-375,Brasil,MARANHÃO,FERNANDO FALCÃO,Cerrado,9.0,0.0,0.95,5.4,-6.06928,-45.1311
2026/05/27 16:28:00,NPP-375,Brasil,MATO GROSSO,SÃO FÉLIX DO ARAGUAIA,Amazônia,11.0,0.0,0.28,4.2,-11.3565,-52.96369
2026/05/27 16:28:00,NPP-375,Brasil,TOCANTINS,PORTO NACIONAL,Cerrado,19.0,0.0,0.33,2.5,-10.59655,-48.68739
2026/05/27 16:28:00,NPP-375,Brasil,PARÁ,RIO MARIA,Amazônia,12.0,0.0,1.0,8.1,-7.22895,-49.59613
2026/05/27 16:28:00,NPP-375,Brasil,BAHIA,COTEGIPE,Cerrado,4.0,0.0,0.89,16.9,-11.74574,-44.51387
2026/05/27 16:28:00,NPP-375,Brasil,PARÁ,CUMARU DO NORTE,Amazônia,9.0,0.0,0.56,9.1,-7.68342,-51.0953
2026/05/27 16:28:00,NPP-375,Brasil,TOCANTINS,CARIRI DO TOCANTINS,Cerrado,4.0,0.0,0.8,9.9,-12.01563,-49.2744
2026/05/27 16:28:00,NPP-375,Brasil,TOCANTINS,MATEIROS,Cerrado,4.0,0.0,0.96,6.4,-10.82112,-46.81509
2026/05/27 16:28:00,NPP-375,Brasil,MARANHÃO,SAMBAÍBA,Cerrado,29.0,0.0,0.92,3.9,-7.41311,-45.50669
2026/05/27 16:28:00,NPP-375,Brasil,MARANHÃO,SUCUPIRA DO NORTE,Cerrado,14.0,0.0,0.76,4.9,-6.39208,-44.16999
2026/05/27 16:28:00,NPP-375,Brasil,BAHIA,SÃO DESIDÉRIO,Cerrado,4.0,0.0,0.75,11.2,-12.69929,-44.81826
2026/05/27 16:28:00,NPP-375,Brasil,TOCANTINS,TAGUATINGA,Cerrado,4.0,0.0,0.73,2.0,-12.46604,-46.5232
2026/05/27 16:28:00,NPP-375,Brasil,MATO GROSSO,LUCIARA,Cerrado,15.0,0.0,0.93,8.9,-11.12574,-50.96527
2026/05/27 16:28:00,NPP-375,Brasil,PARÁ,CUMARU DO NORTE,Amazônia,13.0,0.0,0.7,3.5,-8.86899,-51.78507
2026/05/27 16:28:00,NPP-375,Brasil,BAHIA,SÃO DESIDÉRIO,Cerrado,4.0,0.0,0.75,30.0,-12.69255,-44.79689
2026/05/27 16:28:00,NPP-375,Brasil,TOCANTINS,PIUM,Cerrado,28.0,0.0,0.6,8.3,-10.35016,-49.90913
2026/05/27 16:28:00,NPP-375,Brasil,MATO GROSSO,MARCELÂNDIA,Amazônia,11.0,0.0,0.31,13.9,-10.59788,-53.4766
2026/05/27 16:28:00,NPP-375,Brasil,TOCANTINS,ARAGUAÍNA,Amazônia,12.0,0.0,1.0,7.9,-7.42997,-49.01771
2026/05/27 16:28:00,NPP-375,Brasil,TOCANTINS,MATEIROS,Cerrado,14.0,0.0,0.85,4.5,-10.30955,-46.57248
2026/05/27 16:28:00,NPP-375,Brasil,MATO GROSSO,NOVO SANTO ANTÔNIO,Cerrado,13.0,0.0,0.96,10.4,-12.32643,-51.06551
2026/05/27 16:28:00,NPP-375,Brasil,TOCANTINS,TOCANTÍNIA,Cerrado,15.0,0.0,0.78,6.2,-9.39425,-47.90768
2026/05/27 16:28:00,NPP-375,Brasil,TOCANTINS,SANTA RITA DO TOCANTINS,Cerrado,17.0,0.0,0.79,11.3,-11.0452,-49.5979
2026/05/27 16:28:00,NPP-375,Brasil,CEARÁ,RUSSAS,Caatinga,6.0,4.12,0.05,4.1,-5.02936,-38.11873
2026/05/27 16:28:00,NPP-375,Brasil,PARÁ,SÃO FÉLIX DO XINGU,Amazônia,12.0,0.0,0.74,9.7,-8.89307,-51.88569
2026/05/27 16:28:00,NPP-375,Brasil,GOIÁS,SÃO DOMINGOS,Cerrado,4.0,0.0,1.0,9.0,-13.60097,-46.55024
2026/05/27 16:28:00,NPP-375,Brasil,BAHIA,BARREIRAS,Cerrado,2.0,0.0,0.75,12.4,-12.00089,-45.34537
2026/05/27 16:28:00,NPP-375,Brasil,MARANHÃO,MIRADOR,Cerrado,11.0,0.0,0.88,41.2,-6.61831,-45.626
2026/05/27 16:28:00,NPP-375,Brasil,MATO GROSSO,LUCIARA,Cerrado,19.0,0.0,1.0,8.3,-10.98288,-51.21756
2026/05/27 16:28:00,NPP-375,Brasil,PARÁ,ALTAMIRA,Amazônia,10.0,0.0,0.57,3.9,-8.0283,-55.12756
2026/05/27 16:28:00,NPP-375,Brasil,CEARÁ,LIMOEIRO DO NORTE,Caatinga,6.0,3.85,0.1,2.7,-5.03619,-38.13572
2026/05/27 16:28:00,NPP-375,Brasil,BAHIA,REMANSO,Caatinga,39.0,0.0,1.0,2.0,-9.92234,-42.31663
2026/05/27 16:28:00,NPP-375,Brasil,TOCANTINS,MATEIROS,Cerrado,4.0,0.0,1.0,8.8,-10.94947,-46.75991
2026/05/27 16:28:00,NPP-375,Brasil,MARANHÃO,CAROLINA,Cerrado,11.0,0.0,0.79,3.7,-7.24216,-47.13585
2026/05/27 16:28:00,NPP-375,Brasil,BAHIA,IRAQUARA,Caatinga,3.0,0.0,0.87,2.3,-12.24767,-41.63316
2026/05/27 16:28:00,NPP-375,Brasil,PARÁ,SANTA MARIA DAS BARREIRAS,Amazônia,13.0,0.0,0.72,8.7,-8.43708,-49.7134
2026/05/27 16:28:00,NPP-375,Brasil,TOCANTINS,PONTE ALTA DO TOCANTINS,Cerrado,4.0,0.0,0.63,5.5,-10.94215,-47.42238
2026/05/27 16:28:00,NPP-375,Brasil,TOCANTINS,TAGUATINGA,Cerrado,4.0,0.0,0.55,17.8,-12.46146,-46.52005
2026/05/27 16:28:00,NPP-375,Brasil,TOCANTINS,PIUM,Cerrado,28.0,0.0,0.59,15.6,-10.34873,-49.8979
2026/05/27 16:28:00,NPP-375,Brasil,TOCANTINS,MATEIROS,Cerrado,4.0,0.0,1.0,6.9,-10.93078,-46.7734
2026/05/27 16:28:00,NPP-375,Brasil,TOCANTINS,LIZARDA,Cerrado,20.0,0.0,1.0,9.1,-9.52811,-47.06426
2026/05/27 16:28:00,NPP-375,Brasil,TOCANTINS,PIUM,Cerrado,28.0,0.0,0.6,28.6,-10.34834,-49.9058
2026/05/27 16:28:00,NPP-375,Brasil,PARÁ,CUMARU DO NORTE,Amazônia,12.0,0.0,0.74,14.1,-8.89259,-51.8819
2026/05/27 16:28:00,NPP-375,Brasil,BAHIA,CASA NOVA,Caatinga,24.0,0.0,1.0,6.2,-9.36338,-40.82717
2026/05/27 16:28:00,NPP-375,Brasil,TOCANTINS,PIUM,Cerrado,28.0,0.0,0.58,14.1,-10.34683,-49.89461
2026/05/27 16:28:00,NPP-375,Brasil,MARANHÃO,BARRA DO CORDA,Cerrado,8.0,0.0,0.52,4.9,-5.78575,-45.11862
2026/05/27 16:28:00,NPP-375,Brasil,MATO GROSSO,NOVO SANTO ANTÔNIO,Cerrado,15.0,0.0,0.69,10.6,-12.33107,-51.05761
2026/05/27 16:28:00,NPP-375,Brasil,BAHIA,MUQUÉM DO SÃO FRANCISCO,Cerrado,4.0,0.0,0.96,2.7,-12.14265,-43.58923
2026/05/27 16:28:00,NPP-375,Brasil,TOCANTINS,LIZARDA,Cerrado,16.0,0.0,1.0,6.2,-9.67469,-47.04592
2026/05/27 16:28:00,NPP-375,Brasil,TOCANTINS,MATEIROS,Cerrado,15.0,0.0,0.96,5.2,-10.30608,-46.57027
2026/05/27 16:28:00,NPP-375,Brasil,TOCANTINS,NOVO ACORDO,Cerrado,29.0,0.0,0.89,8.0,-10.05241,-47.32301
2026/05/27 16:28:00,NPP-375,Brasil,BAHIA,ITAGUAÇU DA BAHIA,Caatinga,24.0,0.0,1.0,5.5,-10.61224,-42.29695
2026/05/27 16:28:00,NPP-375,Brasil,MATO GROSSO,SÃO FÉLIX DO ARAGUAIA,Amazônia,11.0,0.0,0.28,6.6,-11.35621,-52.9622
2026/05/27 16:28:00,NPP-375,Brasil,TOCANTINS,MATEIROS,Cerrado,4.0,0.0,0.94,4.8,-10.7519,-46.82558
2026/05/27 16:28:00,NPP-375,Brasil,MARANHÃO,RIACHÃO,Cerrado,9.0,0.0,0.89,6.2,-7.59863,-46.46433
2026/05/27 16:28:00,NPP-375,Brasil,MARANHÃO,FERNANDO FALCÃO,Cerrado,9.0,0.0,0.99,5.4,-6.07715,-45.49969
2026/05/27 16:28:00,NPP-375,Brasil,PARÁ,SÃO FÉLIX DO XINGU,Amazônia,12.0,0.0,0.74,9.1,-8.89368,-51.88583
2026/05/27 16:28:00,NPP-375,Brasil,PARÁ,CUMARU DO NORTE,Amazônia,12.0,0.0,0.74,5.9,-8.89172,-51.87501
2026/05/27 16:28:00,NPP-375,Brasil,MARANHÃO,BALSAS,Cerrado,32.0,0.0,0.96,3.4,-9.14289,-46.85381
2026/05/27 16:28:00,NPP-375,Brasil,BAHIA,COTEGIPE,Cerrado,4.0,0.0,0.89,7.1,-11.74514,-44.50974
2026/05/27 16:28:00,NPP-375,Brasil,TOCANTINS,DUERÉ,Cerrado,19.0,0.0,0.81,3.8,-11.18255,-49.70655
2026/05/27 16:28:00,NPP-375,Brasil,PARÁ,CUMARU DO NORTE,Amazônia,12.0,0.0,0.74,2.7,-8.89728,-51.87069
2026/05/27 16:28:00,NPP-375,Brasil,TOCANTINS,SÃO SALVADOR DO TOCANTINS,Cerrado,4.0,0.0,0.7,8.7,-12.5106,-48.27884
2026/05/27 16:28:00,NPP-375,Brasil,TOCANTINS,PIUM,Cerrado,28.0,0.0,0.6,41.1,-10.35511,-49.90848
2026/05/27 16:28:00,NPP-375,Brasil,TOCANTINS,MIRACEMA DO TOCANTINS,Cerrado,22.0,0.0,0.76,15.7,-9.39091,-48.43477
2026/05/27 16:28:00,NPP-375,Brasil,MATO GROSSO,CANARANA,Amazônia,25.0,0.0,0.94,9.4,-13.33922,-52.93162
2026/05/27 16:28:00,NPP-375,Brasil,TOCANTINS,RIO SONO,Cerrado,29.0,0.0,1.0,6.3,-9.7946,-47.4847
2026/05/27 16:28:00,NPP-375,Brasil,MARANHÃO,MIRADOR,Cerrado,11.0,0.0,0.91,2.2,-6.62967,-45.62863
2026/05/27 16:28:00,NPP-375,Brasil,MATO GROSSO,VILA RICA,Amazônia,28.0,0.0,0.42,8.1,-10.05676,-51.68159
2026/05/27 16:28:00,NPP-375,Brasil,TOCANTINS,MATEIROS,Cerrado,4.0,0.0,0.91,5.6,-10.77197,-46.91032
2026/05/27 16:28:00,NPP-375,Brasil,MARANHÃO,BARRA DO CORDA,Cerrado,8.0,0.0,0.5,3.6,-5.78229,-45.11916
2026/05/27 16:28:00,NPP-375,Brasil,MARANHÃO,RIACHÃO,Cerrado,9.0,0.0,0.88,5.4,-7.60309,-46.46838
2026/05/27 16:28:00,NPP-375,Brasil,MATO GROSSO,CANARANA,Amazônia,25.0,0.0,0.89,5.6,-13.34263,-52.932
2026/05/27 16:28:00,NPP-375,Brasil,PARÁ,CUMARU DO NORTE,Amazônia,12.0,0.0,0.74,3.8,-8.89633,-51.86359
2026/05/27 16:28:00,NPP-375,Brasil,MARANHÃO,FERNANDO FALCÃO,Cerrado,9.0,0.0,1.0,5.4,-6.07772,-45.50361
2026/05/27 16:28:00,NPP-375,Brasil,MATO GROSSO,SÃO FÉLIX DO ARAGUAIA,Amazônia,28.0,0.0,0.55,2.9,-11.67108,-51.68739
2026/05/27 16:28:00,NPP-375,Brasil,BAHIA,CASA NOVA,Caatinga,20.0,0.0,1.0,4.1,-9.15587,-40.97921
2026/05/27 16:28:00,NPP-375,Brasil,TOCANTINS,FORMOSO DO ARAGUAIA,Cerrado,4.0,0.0,0.66,16.1,-11.94661,-49.30116
2026/05/27 16:28:00,NPP-375,Brasil,TOCANTINS,PIUM,Cerrado,28.0,0.0,0.59,14.1,-10.35253,-49.89956
2026/05/27 16:28:00,NPP-375,Brasil,BAHIA,FORMOSA DO RIO PRETO,Cerrado,4.0,0.0,0.95,5.5,-11.23362,-46.28141
2026/05/27 16:28:00,NPP-375,Brasil,BAHIA,CAPIM GROSSO,Caatinga,3.0,0.0,1.0,1.9,-11.42306,-40.00975
2026/05/27 16:28:00,NPP-375,Brasil,BAHIA,FORMOSA DO RIO PRETO,Cerrado,4.0,0.0,0.86,5.5,-11.23291,-46.27639
2026/05/27 16:28:00,NPP-375,Brasil,MARANHÃO,BALSAS,Cerrado,9.0,0.0,0.94,3.4,-8.03888,-45.84385
2026/05/27 16:28:00,NPP-375,Brasil,TOCANTINS,RIO SONO,Cerrado,29.0,0.0,0.99,5.6,-9.79631,-47.4844
2026/05/27 16:28:00,NPP-375,Brasil,MARANHÃO,FERNANDO FALCÃO,Cerrado,9.0,0.0,1.0,22.0,-6.0783,-45.50756
2026/05/27 16:28:00,NPP-375,Brasil,TOCANTINS,MATEIROS,Cerrado,4.0,0.0,0.95,4.0,-10.74737,-46.82262
2026/05/27 16:28:00,NPP-375,Brasil,PARÁ,SÃO GERALDO DO ARAGUAIA,Amazônia,9.0,0.0,0.63,5.4,-6.2509,-48.46431
2026/05/27 16:28:00,NPP-375,Brasil,MATO GROSSO,LUCIARA,Cerrado,16.0,0.0,0.55,11.8,-11.11498,-50.9666
2026/05/27 16:28:00,NPP-375,Brasil,BAHIA,REMANSO,Caatinga,33.0,0.0,1.0,2.2,-9.36651,-42.19761
2026/05/27 16:28:00,NPP-375,Brasil,MATO GROSSO,UNIÃO DO SUL,Amazônia,26.0,0.0,0.22,6.1,-11.27291,-53.96669
2026/05/27 16:28:00,NPP-375,Brasil,TOCANTINS,MIRACEMA DO TOCANTINS,Cerrado,23.0,0.0,0.76,15.7,-9.38651,-48.43541
2026/05/27 16:28:00,NPP-375,Brasil,TOCANTINS,MATEIROS,Cerrado,4.0,0.0,1.0,8.8,-10.94995,-46.76341
2026/05/27 16:28:00,NPP-375,Brasil,PIAUÍ,MONSENHOR GIL,Caatinga,8.0,0.0,0.35,6.3,-5.58069,-42.72743
2026/05/27 16:28:00,NPP-375,Brasil,MARANHÃO,FERNANDO FALCÃO,Cerrado,9.0,0.0,1.0,22.0,-6.07534,-45.51205
2026/05/27 16:28:00,NPP-375,Brasil,TOCANTINS,LIZARDA,Cerrado,25.0,0.0,1.0,2.5,-9.50446,-47.07139
2026/05/27 16:28:00,NPP-375,Brasil,BAHIA,ANGUERA,Mata Atlântica,3.0,0.25,1.0,6.1,-12.19656,-39.14412
2026/05/27 16:28:00,NPP-375,Brasil,BAHIA,MUQUÉM DO SÃO FRANCISCO,Cerrado,4.0,0.0,0.97,12.1,-11.94324,-43.39738
2026/05/27 16:28:00,NPP-375,Brasil,TOCANTINS,SÃO SALVADOR DO TOCANTINS,Cerrado,4.0,0.0,0.7,8.7,-12.5112,-48.28354
2026/05/27 16:28:00,NPP-375,Brasil,TOCANTINS,LIZARDA,Cerrado,32.0,0.0,0.66,2.7,-8.96384,-47.19312
2026/05/27 16:28:00,NPP-375,Brasil,TOCANTINS,LAGOA DA CONFUSÃO,Cerrado,27.0,0.0,0.94,17.2,-10.67212,-49.69247
2026/05/27 16:28:00,NPP-375,Brasil,TOCANTINS,MATEIROS,Cerrado,4.0,0.0,1.0,8.0,-10.94839,-46.78181
2026/05/27 16:28:00,NPP-375,Brasil,PARÁ,OURILÂNDIA DO NORTE,Amazônia,11.0,0.0,0.46,3.8,-8.20272,-52.03871
2026/05/27 16:28:00,NPP-375,Brasil,MATO GROSSO,SÃO JOSÉ DO XINGU,Amazônia,11.0,0.0,1.0,4.7,-10.35924,-52.51883
2026/05/27 16:28:00,NPP-375,Brasil,TOCANTINS,MATEIROS,Cerrado,15.0,0.0,0.97,4.2,-10.62381,-46.91242
2026/05/27 16:28:00,NPP-375,Brasil,MARANHÃO,GRAJAÚ,Cerrado,8.0,0.0,0.48,10.3,-5.85337,-46.25869
2026/05/27 16:28:00,NPP-375,Brasil,TOCANTINS,MATEIROS,Cerrado,4.0,0.0,0.89,7.3,-10.84105,-46.87029
2026/05/27 16:28:00,NPP-375,Brasil,TOCANTINS,SANTA RITA DO TOCANTINS,Cerrado,17.0,0.0,0.85,8.7,-11.04194,-49.59729
2026/05/27 16:28:00,NPP-375,Brasil,TOCANTINS,RIO SONO,Cerrado,29.0,0.0,1.0,8.5,-9.79569,-47.49236
2026/05/27 16:28:00,NPP-375,Brasil,TOCANTINS,TOCANTÍNIA,Cerrado,15.0,0.0,0.86,8.1,-9.38574,-47.90884
2026/05/27 16:28:00,NPP-375,Brasil,PARÁ,SÃO FÉLIX DO XINGU,Amazônia,14.0,0.0,0.71,3.8,-8.88695,-51.79305
2026/05/27 16:28:00,NPP-375,Brasil,TOCANTINS,MATEIROS,Cerrado,4.0,0.0,0.86,7.1,-10.84254,-46.88113
2026/05/27 16:28:00,NPP-375,Brasil,MARANHÃO,CAROLINA,Cerrado,11.0,0.0,0.67,10.8,-7.24378,-46.86779
2026/05/27 16:28:00,NPP-375,Brasil,TOCANTINS,LIZARDA,Cerrado,21.0,0.0,1.0,4.4,-9.52437,-47.06081
2026/05/27 16:28:00,NPP-375,Brasil,TOCANTINS,TOCANTÍNIA,Cerrado,13.0,0.0,0.66,6.1,-9.6138,-48.10041
2026/05/27 16:28:00,NPP-375,Brasil,TOCANTINS,MATEIROS,Cerrado,4.0,0.0,1.0,38.9,-10.93323,-46.79127
2026/05/27 16:28:00,NPP-375,Brasil,MARANHÃO,FERNANDO FALCÃO,Cerrado,9.0,0.0,1.0,22.0,-6.07888,-45.51152
2026/05/27 16:28:00,NPP-375,Brasil,GOIÁS,TROMBAS,Cerrado,4.0,0.0,1.0,3.3,-13.28251,-48.86442
2026/05/27 16:28:00,NPP-375,Brasil,PARÁ,CUMARU DO NORTE,Amazônia,14.0,0.0,1.0,11.4,-8.52771,-51.5788
2026/05/27 16:28:00,NPP-375,Brasil,BAHIA,MUQUÉM DO SÃO FRANCISCO,Cerrado,4.0,0.0,0.97,12.1,-11.93981,-43.39791
2026/05/27 16:28:00,NPP-375,Brasil,TOCANTINS,MATEIROS,Cerrado,4.0,0.0,0.9,17.0,-10.78837,-46.87774
2026/05/27 16:28:00,NPP-375,Brasil,TOCANTINS,PORTO ALEGRE DO TOCANTINS,Cerrado,4.0,0.0,0.67,7.3,-11.59143,-47.08272
2026/05/27 16:28:00,NPP-375,Brasil,TOCANTINS,MATEIROS,Cerrado,4.0,0.0,1.0,45.3,-10.93175,-46.78048
2026/05/27 16:28:00,NPP-375,Brasil,TOCANTINS,GOIATINS,Cerrado,13.0,0.0,0.78,4.4,-8.27626,-47.47714
2026/05/27 16:28:00,NPP-375,Brasil,TOCANTINS,DARCINÓPOLIS,Cerrado,11.0,0.0,0.49,5.1,-6.64639,-48.02318
2026/05/27 16:28:00,NPP-375,Brasil,TOCANTINS,PIUM,Cerrado,28.0,0.0,0.59,15.6,-10.34944,-49.90352
2026/05/27 16:28:00,NPP-375,Brasil,PARÁ,SÃO FÉLIX DO XINGU,Amazônia,14.0,0.0,0.71,4.2,-8.8869,-51.79337
2026/05/27 16:28:00,NPP-375,Brasil,TOCANTINS,RIO SONO,Cerrado,29.0,0.0,0.83,6.8,-9.39661,-47.36244
2026/05/27 16:28:00,NPP-375,Brasil,MATO GROSSO,NOVA UBIRATÃ,Amazônia,12.0,0.0,0.31,6.8,-12.27738,-54.08958
2026/05/27 16:28:00,NPP-375,Brasil,CEARÁ,RUSSAS,Caatinga,6.0,4.1,0.04,4.1,-5.02992,-38.12226
2026/05/27 16:28:00,NPP-375,Brasil,TOCANTINS,MATEIROS,Cerrado,4.0,0.0,0.9,15.3,-10.87147,-46.85137
2026/05/27 16:28:00,NPP-375,Brasil,TOCANTINS,NOVO JARDIM,Cerrado,4.0,0.0,0.63,7.2,-11.78615,-46.74718
2026/05/27 16:28:00,NPP-375,Brasil,TOCANTINS,DOIS IRMÃOS DO TOCANTINS,Cerrado,13.0,0.0,0.6,4.4,-9.12555,-49.16535
2026/05/27 16:28:00,NPP-375,Brasil,TOCANTINS,MATEIROS,Cerrado,14.0,0.0,0.97,4.5,-10.63853,-46.89939
2026/05/27 16:28:00,NPP-375,Brasil,MATO GROSSO,CLÁUDIA,Amazônia,11.0,0.0,0.28,8.1,-11.74186,-54.79856
2026/05/27 16:28:00,NPP-375,Brasil,TOCANTINS,RIO SONO,Cerrado,29.0,0.0,0.85,8.5,-9.39712,-47.36612
2026/05/27 16:28:00,NPP-375,Brasil,TOCANTINS,DIANÓPOLIS,Cerrado,4.0,0.0,0.71,2.7,-11.82914,-47.09773
2026/05/27 16:28:00,NPP-375,Brasil,TOCANTINS,MATEIROS,Cerrado,4.0,0.0,0.91,9.5,-10.78971,-46.88932
2026/05/27 16:28:00,NPP-375,Brasil,MATO GROSSO,CLÁUDIA,Amazônia,11.0,0.0,0.31,15.4,-11.73569,-54.80578
2026/05/27 16:28:00,NPP-375,Brasil,MARANHÃO,BALSAS,Cerrado,15.0,0.0,0.9,3.4,-8.23844,-46.37002
2026/05/27 16:28:00,NPP-375,Brasil,PARÁ,CUMARU DO NORTE,Amazônia,12.0,0.0,0.74,13.9,-8.89317,-51.88203
2026/05/27 16:28:00,NPP-375,Brasil,PARÁ,CUMARU DO NORTE,Amazônia,12.0,0.0,0.74,4.1,-8.89588,-51.86343
2026/05/27 16:28:00,NPP-375,Brasil,MARANHÃO,FERNANDO FALCÃO,Cerrado,9.0,0.0,0.99,6.9,-6.18604,-45.21581
2026/05/27 16:28:00,NPP-375,Brasil,TOCANTINS,MATEIROS,Cerrado,4.0,0.0,0.89,15.3,-10.84669,-46.85123
2026/05/27 16:28:00,NPP-375,Brasil,MATO GROSSO,NOVA UBIRATÃ,Amazônia,12.0,0.0,0.31,6.8,-12.27676,-54.08397
2026/05/27 16:28:00,NPP-375,Brasil,TOCANTINS,NATIVIDADE,Cerrado,4.0,0.0,0.79,4.3,-11.71811,-47.74151
2026/05/27 16:28:00,NPP-375,Brasil,MATO GROSSO,PARANATINGA,Amazônia,10.0,0.3,0.36,18.5,-13.37855,-54.26938
2026/05/27 16:28:00,NPP-375,Brasil,BAHIA,BARREIRAS,Cerrado,3.0,0.0,0.76,19.7,-11.99714,-45.34591
2026/05/27 16:28:00,NPP-375,Brasil,TOCANTINS,MATEIROS,Cerrado,4.0,0.0,0.91,7.4,-10.87452,-46.84366
2026/05/27 16:28:00,NPP-375,Brasil,TOCANTINS,MATEIROS,Cerrado,4.0,0.0,0.9,17.0,-10.79243,-46.87721
2026/05/27 16:28:00,NPP-375,Brasil,MARANHÃO,BALSAS,Cerrado,31.0,0.0,0.76,4.6,-8.87384,-46.92832
2026/05/27 16:28:00,NPP-375,Brasil,MARANHÃO,LORETO,Cerrado,22.0,0.0,0.89,33.1,-7.01166,-45.00469
2026/05/27 16:28:00,NPP-375,Brasil,TOCANTINS,MATEIROS,Cerrado,16.0,0.0,0.97,5.6,-10.62787,-46.91189
2026/05/27 16:28:00,NPP-375,Brasil,TOCANTINS,PORTO ALEGRE DO TOCANTINS,Cerrado,4.0,0.0,0.68,16.5,-11.59093,-47.07895
2026/05/27 16:28:00,NPP-375,Brasil,MARANHÃO,BALSAS,Cerrado,32.0,0.0,0.82,17.5,-9.14507,-46.86911
2026/05/27 16:28:00,NPP-375,Brasil,BAHIA,QUEIMADAS,Caatinga,12.0,0.0,1.0,6.8,-11.19091,-39.95207
2026/05/27 16:28:00,NPP-375,Brasil,BAHIA,COTEGIPE,Cerrado,4.0,0.0,0.89,3.3,-11.74728,-44.51004
2026/05/27 16:28:00,NPP-375,Brasil,TOCANTINS,MATEIROS,Cerrado,4.0,0.0,1.0,45.3,-10.93126,-46.77692
2026/05/27 16:28:00,NPP-375,Brasil,PARÁ,CUMARU DO NORTE,Amazônia,9.0,0.0,0.56,8.4,-7.67922,-51.10308
2026/05/27 16:28:00,NPP-375,Brasil,MATO GROSSO,UNIÃO DO SUL,Amazônia,25.0,0.0,0.22,5.3,-11.2734,-53.96903
2026/05/27 16:28:00,NPP-375,Brasil,TOCANTINS,TOCANTÍNIA,Cerrado,16.0,0.0,0.71,5.2,-9.40276,-47.90655
2026/05/27 16:28:00,NPP-375,Brasil,TOCANTINS,LIZARDA,Cerrado,35.0,0.0,0.81,7.3,-9.44487,-46.85157
2026/05/27 16:28:00,NPP-375,Brasil,TOCANTINS,PIUM,Cerrado,28.0,0.0,0.59,10.6,-10.35368,-49.89726
2026/05/27 16:28:00,NPP-375,Brasil,MARANHÃO,LORETO,Cerrado,22.0,0.0,0.89,8.2,-7.01401,-44.99646
2026/05/27 16:28:00,NPP-375,Brasil,TOCANTINS,MATEIROS,Cerrado,4.0,0.0,0.89,8.9,-10.84007,-46.86312
2026/05/27 16:28:00,NPP-375,Brasil,PARÁ,SANTA MARIA DAS BARREIRAS,Amazônia,15.0,0.0,1.0,9.2,-8.80173,-50.49426
2026/05/27 16:28:00,NPP-375,Brasil,MARANHÃO,FERNANDO FALCÃO,Cerrado,9.0,0.0,0.99,18.7,-6.19011,-45.21916
2026/05/27 16:28:00,NPP-375,Brasil,BAHIA,SANTA BÁRBARA,Caatinga,3.0,0.0,1.0,4.3,-12.00627,-39.01466
2026/05/27 16:28:00,NPP-375,Brasil,TOCANTINS,MATEIROS,Cerrado,4.0,0.0,0.89,15.3,-10.87198,-46.85498
2026/05/27 16:28:00,NPP-375,Brasil,CEARÁ,RUSSAS,Caatinga,6.0,4.11,0.04,6.2,-5.02986,-38.12111
2026/05/27 16:28:00,NPP-375,Brasil,TOCANTINS,MATEIROS,Cerrado,4.0,0.0,0.94,3.4,-10.75996,-46.82438
2026/05/27 16:28:00,NPP-375,Brasil,MATO GROSSO,SÃO FÉLIX DO ARAGUAIA,Amazônia,11.0,0.0,0.29,4.2,-11.35596,-52.959
2026/05/27 16:28:00,NPP-375,Brasil,TOCANTINS,MATEIROS,Cerrado,4.0,0.0,0.9,8.6,-10.78985,-46.8888
2026/05/27 16:28:00,NPP-375,Brasil,TOCANTINS,PIUM,Cerrado,28.0,0.0,0.59,14.1,-10.34759,-49.9002
2026/05/27 16:28:00,NPP-375,Brasil,BAHIA,COTEGIPE,Cerrado,4.0,0.0,0.89,16.9,-11.74216,-44.51439
2026/05/27 16:28:00,NPP-375,Brasil,MATO GROSSO,LUCIARA,Cerrado,14.0,0.0,0.73,5.6,-11.12699,-50.97551
2026/05/27 16:28:00,NPP-375,Brasil,PIAUÍ,RIBEIRO GONÇALVES,Cerrado,35.0,0.0,0.91,4.1,-8.35772,-45.6356
2026/05/27 16:28:00,NPP-375,Brasil,TOCANTINS,MATEIROS,Cerrado,4.0,0.0,0.9,23.8,-10.79271,-46.88132
2026/05/27 16:28:00,NPP-375,Brasil,TOCANTINS,MATEIROS,Cerrado,4.0,0.0,0.79,10.0,-10.77041,-46.89913
2026/05/27 16:28:00,NPP-375,Brasil,PARÁ,CUMARU DO NORTE,Amazônia,14.0,0.0,1.0,10.6,-8.52397,-51.57972
2026/05/27 16:28:00,NPP-375,Brasil,TOCANTINS,PALMAS,Cerrado,8.0,0.0,0.4,10.4,-10.25774,-48.20385
2026/05/27 16:28:00,NPP-375,Brasil,TOCANTINS,DARCINÓPOLIS,Cerrado,11.0,0.0,0.49,5.1,-6.64584,-48.01943
2026/05/27 16:28:00,NPP-375,Brasil,PIAUÍ,RIBEIRO GONÇALVES,Cerrado,35.0,0.0,0.91,3.6,-8.35802,-45.63481
2026/05/27 16:28:00,NPP-375,Brasil,TOCANTINS,NOVO ACORDO,Cerrado,29.0,0.0,0.73,11.4,-10.0452,-47.33174
2026/05/27 16:28:00,NPP-375,Brasil,MARANHÃO,ALTO PARNAÍBA,Cerrado,5.0,0.0,0.92,4.7,-9.51696,-46.29359
2026/05/27 16:28:00,NPP-375,Brasil,MARANHÃO,RIACHÃO,Cerrado,8.0,0.0,0.89,6.2,-7.60242,-46.46379
2026/05/27 16:28:00,NPP-375,Brasil,MARANHÃO,FERNANDO FALCÃO,Cerrado,9.0,0.0,1.0,18.7,-6.19068,-45.22303
2026/05/27 16:28:00,NPP-375,Brasil,BAHIA,COTEGIPE,Cerrado,4.0,0.0,0.89,7.1,-11.74156,-44.51026
2026/05/27 16:28:00,NPP-375,Brasil,TOCANTINS,MIRACEMA DO TOCANTINS,Cerrado,21.0,0.0,0.76,6.4,-9.39589,-48.43845
2026/05/27 16:28:00,NPP-375,Brasil,TOCANTINS,LAGOA DA CONFUSÃO,Cerrado,27.0,0.0,0.78,7.7,-10.66303,-49.69925
2026/05/27 16:28:00,NPP-375,Brasil,PARÁ,CUMARU DO NORTE,Amazônia,12.0,0.0,0.74,4.0,-8.89224,-51.87509
2026/05/27 16:28:00,NPP-375,Brasil,BAHIA,IBITITÁ,Caatinga,4.0,0.0,1.0,3.3,-11.67829,-41.83663
2026/05/27 16:28:00,NPP-375,Brasil,MARANHÃO,FERNANDO FALCÃO,Cerrado,9.0,0.0,1.0,1.8,-6.1101,-45.52722
2026/05/27 16:28:00,NPP-375,Brasil,TOCANTINS,GOIATINS,Cerrado,12.0,0.0,0.69,94.1,-8.01765,-47.77559
2026/05/27 16:28:00,NPP-375,Brasil,TOCANTINS,TAGUATINGA,Cerrado,4.0,0.0,0.56,17.7,-12.46151,-46.52016
2026/05/27 16:28:00,NPP-375,Brasil,PARÁ,CUMARU DO NORTE,Amazônia,9.0,0.0,0.56,9.1,-7.68386,-51.09857
2026/05/27 16:28:00,NPP-375,Brasil,MARANHÃO,GRAJAÚ,Cerrado,8.0,0.0,0.53,3.9,-5.85703,-46.25814
2026/05/27 16:28:00,NPP-375,Brasil,TOCANTINS,FORMOSO DO ARAGUAIA,Cerrado,4.0,0.0,0.66,9.9,-11.94732,-49.30666
2026/05/27 16:28:00,NPP-375,Brasil,TOCANTINS,MATEIROS,Cerrado,4.0,0.0,1.0,8.1,-10.94386,-46.77882
2026/05/27 16:28:00,NPP-375,Brasil,MATO GROSSO,PARANATINGA,Amazônia,12.0,0.0,0.37,8.9,-12.72848,-54.19466
2026/05/27 16:28:00,NPP-375,Brasil,PERNAMBUCO,ÁGUAS BELAS,Caatinga,10.0,0.0,1.0,1.0,-8.96062,-36.91302
2026/05/27 16:28:00,NPP-375,Brasil,MATO GROSSO,SÃO FÉLIX DO ARAGUAIA,Amazônia,11.0,0.0,0.57,4.6,-11.36157,-52.95361
2026/05/27 16:28:00,NPP-375,Brasil,PIAUÍ,BOM JESUS,Cerrado,4.0,0.0,1.0,2.2,-9.27952,-44.74315
2026/05/27 16:28:00,NPP-375,Brasil,TOCANTINS,PIUM,Cerrado,28.0,0.0,0.59,15.6,-10.34378,-49.89855
2026/05/27 16:28:00,NPP-375,Brasil,TOCANTINS,LAGOA DA CONFUSÃO,Cerrado,27.0,0.0,0.83,17.2,-10.66722,-49.69312
2026/05/27 16:28:00,NPP-375,Brasil,TOCANTINS,PIUM,Cerrado,28.0,0.0,0.61,41.1,-10.36078,-49.91345
2026/05/27 16:28:00,NPP-375,Brasil,TOCANTINS,LIZARDA,Cerrado,20.0,0.0,1.0,4.7,-9.52862,-47.06783
2026/05/27 16:28:00,NPP-375,Brasil,TOCANTINS,MATEIROS,Cerrado,4.0,0.0,1.0,69.6,-10.93224,-46.78406
2026/05/27 16:28:00,NPP-375,Brasil,BAHIA,SÃO DESIDÉRIO,Cerrado,4.0,0.0,0.75,10.7,-12.69684,-44.80074
2026/05/27 16:28:00,NPP-375,Brasil,TOCANTINS,MATEIROS,Cerrado,4.0,0.0,0.9,9.5,-10.78917,-46.88554
2026/05/27 16:28:00,NPP-375,Brasil,TOCANTINS,MATEIROS,Cerrado,4.0,0.0,1.0,69.7,-10.94081,-46.78657
2026/05/27 16:28:00,NPP-375,Brasil,TOCANTINS,MATEIROS,Cerrado,4.0,0.0,1.0,69.6,-10.93678,-46.78714
2026/05/27 16:28:00,NPP-375,Brasil,TOCANTINS,TAGUATINGA,Cerrado,4.0,0.0,0.67,18.8,-12.46199,-46.52383
2026/05/27 16:28:00,NPP-375,Brasil,TOCANTINS,MATEIROS,Cerrado,4.0,0.0,0.87,10.9,-10.77143,-46.90645
2026/05/27 16:28:00,NPP-375,Brasil,PARÁ,CUMARU DO NORTE,Amazônia,12.0,0.0,0.74,4.0,-8.8918,-51.87183
2026/05/27 16:28:00,NPP-375,Brasil,BAHIA,IBITITÁ,Caatinga,4.0,0.0,1.0,6.2,-11.68034,-41.836
2026/05/27 16:28:00,NPP-375,Brasil,TOCANTINS,PIUM,Cerrado,28.0,0.0,0.6,28.6,-10.35405,-49.91076
2026/05/27 16:28:00,NPP-375,Brasil,TOCANTINS,MATEIROS,Cerrado,4.0,0.0,0.89,50.9,-10.84314,-46.85541
2026/05/27 16:28:00,NPP-375,Brasil,TOCANTINS,SANTA RITA DO TOCANTINS,Cerrado,17.0,0.0,0.79,11.3,-11.05009,-49.59729
2026/05/27 16:28:00,NPP-375,Brasil,TOCANTINS,MATEIROS,Cerrado,4.0,0.0,0.9,23.8,-10.78814,-46.87823
2026/05/27 16:28:00,NPP-375,Brasil,BAHIA,SENTO SÉ,Caatinga,36.0,0.0,1.0,2.1,-9.78548,-41.95147
2026/05/27 16:28:00,NPP-375,Brasil,MARANHÃO,CAROLINA,Cerrado,11.0,0.0,0.61,13.1,-7.24686,-46.87028
2026/05/27 16:28:00,NPP-375,Brasil,TOCANTINS,MATEIROS,Cerrado,15.0,0.0,0.97,5.9,-10.64258,-46.89879
2026/05/27 16:28:00,NPP-375,Brasil,MARANHÃO,GRAJAÚ,Cerrado,8.0,0.0,1.0,10.4,-5.87115,-46.25758
2026/05/27 16:28:00,NPP-375,Brasil,TOCANTINS,MATEIROS,Cerrado,4.0,0.0,0.9,8.6,-10.78934,-46.88503
2026/05/27 16:28:00,NPP-375,Brasil,TOCANTINS,MATEIROS,Cerrado,4.0,0.0,1.0,69.6,-10.93273,-46.78765
2026/05/27 16:28:00,NPP-375,Brasil,MATO GROSSO,LUCIARA,Cerrado,16.0,0.0,0.64,16.3,-11.11761,-50.96728
2026/05/27 16:28:00,NPP-375,Brasil,TOCANTINS,PIUM,Cerrado,28.0,0.0,0.6,8.3,-10.34521,-49.90978
2026/05/27 16:28:00,NPP-375,Brasil,TOCANTINS,TAGUATINGA,Cerrado,4.0,0.0,0.67,17.6,-12.46196,-46.52371
2026/05/27 16:28:00,NPP-375,Brasil,TOCANTINS,GOIATINS,Cerrado,13.0,0.0,0.79,4.4,-8.28032,-47.47652
2026/05/27 16:28:00,NPP-375,Brasil,TOCANTINS,NOVO ACORDO,Cerrado,29.0,0.0,0.72,14.0,-10.04316,-47.31691
2026/05/27 16:28:00,NPP-375,Brasil,PARÁ,CUMARU DO NORTE,Amazônia,10.0,0.0,0.77,5.3,-8.414,-51.33789
2026/05/27 16:28:00,NPP-375,Brasil,MARANHÃO,ALTO PARNAÍBA,Cerrado,5.0,0.0,0.92,4.7,-9.51312,-46.29411
2026/05/27 16:28:00,NPP-375,Brasil,PIAUÍ,SEBASTIÃO LEAL,Caatinga,34.0,0.0,0.9,8.1,-7.45822,-43.71996
2026/05/27 16:28:00,NPP-375,Brasil,TOCANTINS,MATEIROS,Cerrado,4.0,0.0,0.81,7.7,-10.82084,-46.87349
2026/05/27 16:28:00,NPP-375,Brasil,MARANHÃO,MIRADOR,Cerrado,9.0,0.0,0.65,9.6,-6.19273,-44.86527
2026/05/27 16:28:00,NPP-375,Brasil,TOCANTINS,MATEIROS,Cerrado,4.0,0.0,0.89,7.3,-10.84155,-46.87387
2026/05/27 16:28:00,NPP-375,Brasil,BAHIA,BARREIRAS,Cerrado,3.0,0.0,0.76,19.7,-11.99777,-45.35048
2026/05/27 16:28:00,NPP-375,Brasil,MARANHÃO,LORETO,Cerrado,23.0,0.0,0.89,33.1,-7.01223,-45.00856
2026/05/27 16:28:00,NPP-375,Brasil,TOCANTINS,MIRANORTE,Cerrado,26.0,0.0,0.74,4.6,-9.55114,-48.66035
2026/05/27 16:28:00,NPP-375,Brasil,PIAUÍ,FLORIANO,Caatinga,24.0,0.0,0.99,22.8,-6.99625,-42.87548
2026/05/27 16:28:00,NPP-375,Brasil,PARÁ,CUMARU DO NORTE,Amazônia,14.0,0.0,1.0,8.6,-8.52231,-51.57955
2026/05/27 16:28:00,NPP-375,Brasil,MARANHÃO,FERNANDO FALCÃO,Cerrado,9.0,0.0,0.86,3.2,-6.19651,-45.21419
2026/05/27 16:28:00,NPP-375,Brasil,PARÁ,CUMARU DO NORTE,Amazônia,14.0,0.0,1.0,15.6,-8.52354,-51.57628
2026/05/27 16:28:00,NPP-375,Brasil,MARANHÃO,GRAJAÚ,Cerrado,8.0,0.0,0.69,7.2,-5.85224,-46.25601
2026/05/27 16:28:00,NPP-375,Brasil,BAHIA,SANTA RITA DE CÁSSIA,Cerrado,4.0,0.0,0.89,4.1,-10.97859,-44.60559
2026/05/27 16:28:00,NPP-375,Brasil,MARANHÃO,BARRA DO CORDA,Cerrado,8.0,0.0,0.51,6.6,-5.7794,-45.12351
2026/05/27 16:28:00,NPP-375,Brasil,MARANHÃO,MIRADOR,Cerrado,9.0,0.0,0.65,7.6,-6.19019,-44.86513
2026/05/27 16:28:00,NPP-375,Brasil,TOCANTINS,TOCANTÍNIA,Cerrado,13.0,0.0,0.66,16.7,-9.61436,-48.10448
2026/05/27 16:28:00,NPP-375,Brasil,TOCANTINS,MIRACEMA DO TOCANTINS,Cerrado,23.0,0.0,0.76,15.7,-9.38708,-48.43975
2026/05/27 16:28:00,NPP-375,Brasil,PARÁ,CUMARU DO NORTE,Amazônia,14.0,0.0,1.0,14.5,-8.52185,-51.57612
2026/05/27 16:28:00,NPP-375,Brasil,MARANHÃO,ALTO PARNAÍBA,Cerrado,4.0,0.0,0.94,13.0,-9.91027,-46.25104
2026/05/27 16:28:00,NPP-375,Brasil,MARANHÃO,LORETO,Cerrado,22.0,0.0,0.89,22.6,-7.00759,-45.0013
2026/05/27 16:28:00,NPP-375,Brasil,TOCANTINS,MATEIROS,Cerrado,4.0,0.0,0.95,5.7,-10.93067,-46.80267
2026/05/27 16:28:00,NPP-375,Brasil,BAHIA,RIACHÃO DAS NEVES,Cerrado,3.0,0.0,0.9,8.1,-11.6162,-45.18853
2026/05/27 16:28:00,NPP-375,Brasil,BAHIA,ANGUERA,Mata Atlântica,3.0,0.27,1.0,5.1,-12.20004,-39.14354
2026/05/27 16:28:00,NPP-375,Brasil,TOCANTINS,MIRACEMA DO TOCANTINS,Cerrado,22.0,0.0,0.76,20.1,-9.38802,-48.43861
2026/05/27 16:28:00,NPP-375,Brasil,TOCANTINS,NOVO ACORDO,Cerrado,29.0,0.0,0.9,37.4,-10.05293,-47.32671
2026/05/27 16:28:00,NPP-375,Brasil,MATO GROSSO,LUCIARA,Cerrado,14.0,0.0,0.89,7.1,-11.12658,-50.97209
2026/05/27 16:28:00,NPP-375,Brasil,MATO GROSSO,CANARANA,Amazônia,26.0,0.0,0.98,5.3,-13.33978,-52.93692
2026/05/27 16:28:00,NPP-375,Brasil,TOCANTINS,DIANÓPOLIS,Cerrado,4.0,0.0,0.92,2.6,-11.97373,-46.79258
2026/05/27 16:28:00,NPP-375,Brasil,TOCANTINS,DARCINÓPOLIS,Cerrado,11.0,0.0,0.44,5.1,-6.64228,-48.0238
2026/05/27 16:28:00,NPP-375,Brasil,MATO GROSSO,LUCIARA,Cerrado,16.0,0.0,0.43,23.2,-11.1154,-50.97
2026/05/27 16:28:00,NPP-375,Brasil,MARANHÃO,BARRA DO CORDA,Cerrado,8.0,0.0,0.52,6.6,-5.78344,-45.12677
2026/05/27 16:28:00,NPP-375,Brasil,TOCANTINS,SÃO SALVADOR DO TOCANTINS,Cerrado,4.0,0.0,0.7,11.6,-12.51516,-48.27821
2026/05/27 16:28:00,NPP-375,Brasil,TOCANTINS,MATEIROS,Cerrado,4.0,0.0,1.0,8.1,-10.94789,-46.77824
2026/05/27 16:28:00,NPP-375,Brasil,MATO GROSSO,MARCELÂNDIA,Amazônia,21.0,0.0,0.29,6.1,-10.87155,-53.73697
2026/05/27 16:28:00,NPP-375,Brasil,PARÁ,CUMARU DO NORTE,Amazônia,12.0,0.0,0.74,4.1,-8.89087,-51.86831
2026/05/27 16:28:00,NPP-375,Brasil,PARÁ,CUMARU DO NORTE,Amazônia,13.0,0.0,0.84,3.9,-8.54754,-51.50721
2026/05/27 16:28:00,NPP-375,Brasil,BAHIA,MUQUÉM DO SÃO FRANCISCO,Cerrado,4.0,0.0,0.98,7.0,-12.14208,-43.5854
2026/05/27 16:28:00,NPP-375,Brasil,TOCANTINS,RIO SONO,Cerrado,29.0,0.0,0.99,5.6,-9.79682,-47.48822
2026/05/27 16:28:00,NPP-375,Brasil,BAHIA,SÃO DESIDÉRIO,Cerrado,4.0,0.0,0.76,11.1,-12.70051,-44.80019
2026/05/27 16:28:00,NPP-375,Brasil,TOCANTINS,NOVO ACORDO,Cerrado,29.0,0.0,0.72,11.4,-10.04469,-47.32804
2026/05/27 16:28:00,NPP-375,Brasil,TOCANTINS,MATEIROS,Cerrado,4.0,0.0,1.0,4.9,-10.9469,-46.77104
2026/05/27 16:28:00,NPP-375,Brasil,PARÁ,CUMARU DO NORTE,Amazônia,12.0,0.0,0.74,5.9,-8.89131,-51.87175
2026/05/27 16:28:00,NPP-375,Brasil,TOCANTINS,ARAGUAÍNA,Amazônia,12.0,0.0,1.0,7.9,-7.43057,-49.02217
2026/05/27 16:28:00,NPP-375,Brasil,TOCANTINS,PIUM,Cerrado,28.0,0.0,0.6,41.1,-10.36006,-49.90783
2026/05/27 16:28:00,NPP-375,Brasil,TOCANTINS,ARAGUAÍNA,Amazônia,12.0,0.0,1.0,15.2,-7.43189,-49.02087
2026/05/27 16:28:00,NPP-375,Brasil,TOCANTINS,MATEIROS,Cerrado,4.0,0.0,1.0,69.6,-10.93628,-46.78355
2026/05/27 16:28:00,NPP-375,Brasil,MARANHÃO,LORETO,Cerrado,22.0,0.0,0.89,8.2,-7.01458,-45.00032
2026/05/27 16:28:00,NPP-375,Brasil,PARÁ,CUMARU DO NORTE,Amazônia,14.0,0.0,1.0,16.4,-8.52725,-51.5754
2026/05/27 16:28:00,NPP-375,Brasil,TOCANTINS,MATEIROS,Cerrado,4.0,0.0,0.89,12.5,-10.83909,-46.85602
2026/05/27 16:28:00,NPP-375,Brasil,MATO GROSSO,LUCIARA,Cerrado,16.0,0.0,0.57,18.9,-11.11805,-50.97067
2026/05/27 16:28:00,NPP-375,Brasil,MATO GROSSO,LUCIARA,Cerrado,15.0,0.0,0.78,11.8,-11.12036,-50.96593
2026/05/27 16:28:00,NPP-375,Brasil,TOCANTINS,MATEIROS,Cerrado,14.0,0.0,0.87,5.2,-10.31003,-46.56973
2026/05/27 16:28:00,NPP-375,Brasil,PARÁ,CUMARU DO NORTE,Amazônia,9.0,0.0,0.56,9.1,-7.68856,-51.09445
2026/05/27 16:28:00,NPP-375,Brasil,TOCANTINS,MATEIROS,Cerrado,4.0,0.0,1.0,8.1,-10.94739,-46.77464
2026/05/27 16:28:00,NPP-375,Brasil,TOCANTINS,MATEIROS,Cerrado,4.0,0.0,0.9,9.5,-10.79323,-46.88496
2026/05/27 16:28:00,NPP-375,Brasil,TOCANTINS,MATEIROS,Cerrado,4.0,0.0,1.0,4.9,-10.94641,-46.76751
2026/05/27 16:28:00,NPP-375,Brasil,TOCANTINS,MIRACEMA DO TOCANTINS,Cerrado,22.0,0.0,0.76,15.7,-9.39148,-48.4391
2026/05/27 16:28:00,NPP-375,Brasil,MARANHÃO,FERNANDO FALCÃO,Cerrado,9.0,0.0,1.0,22.0,-6.07476,-45.50808
2026/05/27 16:28:00,NPP-375,Brasil,TOCANTINS,PALMEIRANTE,Cerrado,6.0,0.0,0.53,11.8,-7.92076,-48.27122
2026/05/27 16:28:00,NPP-375,Brasil,MATO GROSSO,MARCELÂNDIA,Amazônia,26.0,0.0,0.26,7.3,-11.2169,-53.82605
2026/05/27 16:28:00,NPP-375,Brasil,TOCANTINS,MATEIROS,Cerrado,4.0,0.0,0.8,10.0,-10.76991,-46.89557
2026/05/27 16:28:00,NPP-375,Brasil,TOCANTINS,MATEIROS,Cerrado,4.0,0.0,0.9,23.8,-10.78866,-46.88187
2026/05/27 16:28:00,NPP-375,Brasil,MATO GROSSO,SÃO FÉLIX DO ARAGUAIA,Amazônia,11.0,0.0,0.29,6.6,-11.35564,-52.95753
2026/05/27 16:28:00,NPP-375,Brasil,TOCANTINS,SANTA RITA DO TOCANTINS,Cerrado,17.0,0.0,0.79,10.6,-11.05083,-49.6028
2026/05/27 16:28:00,NPP-375,Brasil,MATO GROSSO,CLÁUDIA,Amazônia,11.0,0.0,0.28,16.2,-11.73496,-54.79927
2026/05/27 16:28:00,NPP-375,Brasil,BAHIA,SÃO DESIDÉRIO,Cerrado,4.0,0.0,0.75,10.7,-12.69745,-44.80511
2026/05/27 16:28:00,NPP-375,Brasil,TOCANTINS,MATEIROS,Cerrado,4.0,0.0,0.94,3.4,-10.75593,-46.82499
2026/05/27 16:28:00,NPP-375,Brasil,TOCANTINS,CONCEIÇÃO DO TOCANTINS,Cerrado,4.0,0.0,0.62,18.4,-11.96986,-47.379
2026/05/27 16:28:00,NPP-375,Brasil,TOCANTINS,MATEIROS,Cerrado,5.0,0.0,0.92,2.0,-10.71283,-46.87092
2026/05/27 16:28:00,NPP-375,Brasil,TOCANTINS,PORTO NACIONAL,Cerrado,19.0,0.0,0.4,3.2,-10.59725,-48.68907
2026/05/27 16:28:00,NPP-375,Brasil,TOCANTINS,MATEIROS,Cerrado,4.0,0.0,0.89,50.9,-10.84767,-46.85836
2026/05/27 16:28:00,NPP-375,Brasil,TOCANTINS,MIRACEMA DO TOCANTINS,Cerrado,23.0,0.0,0.76,20.1,-9.38741,-48.43428
2026/05/27 16:28:00,NPP-375,Brasil,MATO GROSSO,LUCIARA,Cerrado,14.0,0.0,0.97,7.1,-11.13196,-50.97143
2026/05/27 16:28:00,NPP-375,Brasil,PARÁ,CUMARU DO NORTE,Amazônia,13.0,0.0,0.7,4.0,-8.86911,-51.78477
2026/05/27 16:28:00,NPP-375,Brasil,TOCANTINS,PONTE ALTA DO TOCANTINS,Cerrado,4.0,0.0,0.67,5.8,-10.83548,-46.88998
2026/05/27 16:28:00,NPP-375,Brasil,MARANHÃO,BARRA DO CORDA,Cerrado,8.0,0.0,0.51,3.6,-5.77883,-45.11971
2026/05/27 16:28:00,NPP-375,Brasil,TOCANTINS,GOIATINS,Cerrado,13.0,0.0,0.6,1.8,-8.19716,-47.64443
2026/05/27 16:28:00,NPP-375,Brasil,TOCANTINS,TOCANTÍNIA,Cerrado,13.0,0.0,0.66,16.7,-9.61058,-48.10909
2026/05/27 16:28:00,NPP-375,Brasil,PARÁ,OURILÂNDIA DO NORTE,Amazônia,11.0,0.0,0.33,4.0,-8.34947,-51.91733
2026/05/27 16:28:00,NPP-375,Brasil,TOCANTINS,LIZARDA,Cerrado,34.0,0.0,1.0,11.3,-9.49389,-46.83723
2026/05/27 16:28:00,NPP-375,Brasil,TOCANTINS,MATEIROS,Cerrado,4.0,0.0,0.89,12.5,-10.83958,-46.85957
2026/05/27 16:28:00,NPP-375,Brasil,TOCANTINS,CONCEIÇÃO DO TOCANTINS,Cerrado,4.0,0.0,0.6,5.4,-12.04942,-47.33534
2026/05/27 16:28:00,NPP-375,Brasil,TOCANTINS,TOCANTÍNIA,Cerrado,15.0,0.0,0.83,8.1,-9.38999,-47.90826
2026/05/27 16:28:00,NPP-375,Brasil,BAHIA,SÁTIRO DIAS,Caatinga,6.0,0.3,1.0,2.9,-11.52524,-38.57249
2026/05/27 16:28:00,NPP-375,Brasil,PARÁ,CUMARU DO NORTE,Amazônia,9.0,0.0,0.56,4.3,-7.67772,-51.05354
2026/05/27 16:28:00,NPP-375,Brasil,PARÁ,OURILÂNDIA DO NORTE,Amazônia,11.0,0.0,0.46,5.9,-8.20775,-52.034
2026/05/27 16:28:00,NPP-375,Brasil,MATO GROSSO,LUCIARA,Cerrado,19.0,0.0,1.0,8.3,-10.97742,-51.21824
2026/05/27 16:28:00,NPP-375,Brasil,PARÁ,CUMARU DO NORTE,Amazônia,14.0,0.0,1.0,15.6,-8.52893,-51.57554
2026/05/27 16:28:00,NPP-375,Brasil,TOCANTINS,MATEIROS,Cerrado,4.0,0.0,0.89,50.9,-10.84363,-46.85895
2026/05/27 16:28:00,NPP-375,Brasil,TOCANTINS,LIZARDA,Cerrado,35.0,0.0,1.0,43.5,-9.48991,-46.83775
2026/05/27 16:28:00,NPP-375,Brasil,TOCANTINS,MATEIROS,Cerrado,4.0,0.0,0.89,8.9,-10.84056,-46.8667
2026/05/27 16:28:00,NPP-375,Brasil,TOCANTINS,NOVO ACORDO,Cerrado,29.0,0.0,0.72,33.1,-10.04367,-47.32064
2026/05/27 16:28:00,NPP-375,Brasil,TOCANTINS,NOVO ACORDO,Cerrado,29.0,0.0,0.91,37.4,-10.05344,-47.33043
2026/05/27 16:28:00,NPP-375,Brasil,TOCANTINS,CONCEIÇÃO DO TOCANTINS,Cerrado,4.0,0.0,0.62,5.1,-11.96561,-47.37963
2026/05/27 16:28:00,NPP-375,Brasil,MARANHÃO,JATOBÁ,Cerrado,11.0,0.0,0.44,3.6,-5.82396,-44.239
2026/05/27 16:28:00,NPP-375,Brasil,MATO GROSSO,PARANATINGA,Amazônia,12.0,0.0,0.46,8.9,-12.72245,-54.20174
2026/05/27 16:28:00,NPP-375,Brasil,TOCANTINS,CONCEIÇÃO DO TOCANTINS,Cerrado,4.0,0.0,0.62,18.4,-11.96933,-47.37496
2026/05/27 16:28:00,NPP-375,Brasil,MATO GROSSO,PARANATINGA,Amazônia,10.0,0.3,0.36,7.5,-13.37331,-54.27005
2026/05/27 16:28:00,NPP-375,Brasil,PARÁ,OURILÂNDIA DO NORTE,Amazônia,11.0,0.0,0.46,3.8,-8.20321,-52.04241
2026/05/27 16:28:00,NPP-375,Brasil,TOCANTINS,MATEIROS,Cerrado,4.0,0.0,0.89,50.9,-10.84718,-46.85482
2026/05/27 16:28:00,NPP-375,Brasil,TOCANTINS,MATEIROS,Cerrado,4.0,0.0,0.71,5.8,-10.83094,-46.88696
2026/05/27 16:28:00,NPP-375,Brasil,TOCANTINS,GOIATINS,Cerrado,13.0,0.0,0.83,7.8,-8.28949,-47.48256
2026/05/27 16:28:00,NPP-375,Brasil,BAHIA,QUEIMADAS,Caatinga,12.0,0.0,1.0,8.7,-11.18749,-39.95262
2026/05/27 16:28:00,NPP-375,Brasil,TOCANTINS,PIUM,Cerrado,28.0,0.0,0.6,28.6,-10.35329,-49.90515
2026/05/27 16:28:00,NPP-375,Brasil,TOCANTINS,LIZARDA,Cerrado,20.0,0.0,1.0,5.3,-9.52533,-47.06792
2026/05/27 16:28:00,NPP-375,Brasil,TOCANTINS,TOCANTÍNIA,Cerrado,9.0,0.0,0.81,6.4,-9.41034,-48.27995
2026/05/27 16:28:00,NPP-375,Brasil,TOCANTINS,TOCANTÍNIA,Cerrado,16.0,0.0,0.74,6.2,-9.3985,-47.90712
2026/05/27 16:28:00,NPP-375,Brasil,TOCANTINS,SANTA RITA DO TOCANTINS,Cerrado,17.0,0.0,0.79,8.7,-11.04683,-49.59664
2026/05/27 16:28:00,NPP-375,Brasil,TOCANTINS,GOIATINS,Cerrado,12.0,0.0,0.62,20.4,-8.01854,-47.7683
2026/05/27 16:28:00,NPP-375,Brasil,MATO GROSSO,CANARANA,Amazônia,25.0,0.0,0.96,5.6,-13.34322,-52.93726
2026/05/27 16:28:00,NPP-375,Brasil,PIAUÍ,GUADALUPE,Cerrado,24.0,0.0,0.91,11.7,-6.92187,-43.65443
2026/05/27 16:28:00,NPP-375,Brasil,TOCANTINS,LIZARDA,Cerrado,35.0,0.0,0.97,43.3,-9.49062,-46.84298
2026/05/27 16:28:00,NPP-375,Brasil,GOIÁS,SÃO DOMINGOS,Cerrado,4.0,0.0,1.0,6.1,-13.60148,-46.55403
2026/05/27 16:28:00,NPP-375,Brasil,TOCANTINS,LAGOA DA CONFUSÃO,Cerrado,16.0,0.0,0.88,11.4,-10.74494,-49.90446
2026/05/27 16:28:00,NPP-375,Brasil,TOCANTINS,TOCANTÍNIA,Cerrado,13.0,0.0,0.66,4.3,-9.60626,-48.10971
2026/05/27 16:28:00,NPP-375,Brasil,BAHIA,BARREIRAS,Cerrado,2.0,0.0,0.75,12.4,-12.00464,-45.34483
2026/05/27 16:28:00,NPP-375,Brasil,TOCANTINS,GOIATINS,Cerrado,13.0,0.0,0.73,8.3,-7.93616,-47.32813
2026/05/27 16:28:00,NPP-375,Brasil,MARANHÃO,CAROLINA,Cerrado,11.0,0.0,0.6,7.6,-7.24762,-46.86707
2026/05/27 16:28:00,NPP-375,Brasil,PIAUÍ,DEMERVAL LOBÃO,Caatinga,3.0,0.1,0.27,1.9,-5.33785,-42.68795
2026/05/27 16:28:00,NPP-375,Brasil,BAHIA,SANTA RITA DE CÁSSIA,Cerrado,4.0,0.0,0.9,25.6,-10.97443,-44.60202
2026/05/27 16:28:00,NPP-375,Brasil,GOIÁS,MONTE ALEGRE DE GOIÁS,Cerrado,4.0,0.1,0.95,3.0,-13.25672,-47.05783
2026/05/27 16:28:00,NPP-375,Brasil,MARANHÃO,LORETO,Cerrado,22.0,0.0,0.89,33.1,-7.00816,-45.00517
2026/05/27 16:28:00,NPP-375,Brasil,PARÁ,CUMARU DO NORTE,Amazônia,9.0,0.0,0.56,8.4,-7.67966,-51.10629
2026/05/27 16:28:00,NPP-375,Brasil,TOCANTINS,LIZARDA,Cerrado,28.0,0.0,0.91,3.6,-9.06076,-47.17883
2026/05/27 16:28:00,NPP-375,Brasil,PARÁ,OURILÂNDIA DO NORTE,Amazônia,11.0,0.0,0.45,4.7,-8.19768,-52.04332
2026/05/27 16:28:00,NPP-375,Brasil,PARÁ,CUMARU DO NORTE,Amazônia,12.0,0.0,0.74,4.6,-8.89135,-51.8684
2026/05/27 16:28:00,NPP-375,Brasil,RIO GRANDE DO NORTE,PEDRA GRANDE,Caatinga,8.0,0.2,0.33,4.4,-5.18141,-35.86199
2026/05/27 16:28:00,NPP-375,Brasil,BAHIA,BARREIRAS,Cerrado,2.0,0.0,0.74,30.3,-12.01214,-45.34375
2026/05/27 16:28:00,NPP-375,Brasil,MATO GROSSO,PARANATINGA,Amazônia,12.0,0.0,0.36,8.9,-12.72177,-54.1956
2026/05/27 16:28:00,NPP-375,Brasil,TOCANTINS,GOIATINS,Cerrado,12.0,0.0,0.6,19.3,-8.01492,-47.77264
2026/05/27 16:28:00,NPP-375,Brasil,PERNAMBUCO,PETROLINA,Caatinga,24.0,0.0,1.0,2.4,-9.36016,-40.67529
2026/05/27 16:28:00,NPP-375,Brasil,TOCANTINS,MATEIROS,Cerrado,4.0,0.0,1.0,13.2,-10.91963,-46.78212
2026/05/27 16:28:00,NPP-375,Brasil,TOCANTINS,MATEIROS,Cerrado,4.0,0.0,1.0,11.5,-10.92012,-46.78569
2026/05/27 16:28:00,NPP-375,Brasil,CEARÁ,RUSSAS,Caatinga,6.0,4.28,0.04,5.8,-5.02532,-38.11937
2026/05/27 16:28:00,NPP-375,Brasil,MATO GROSSO,LUCIARA,Cerrado,15.0,0.0,0.87,16.3,-11.12299,-50.96663
2026/05/27 16:28:00,NPP-375,Brasil,TOCANTINS,MATEIROS,Cerrado,4.0,0.0,0.99,61.3,-10.94131,-46.79018
2026/05/27 16:28:00,NPP-375,Brasil,MARANHÃO,TASSO FRAGOSO,Cerrado,32.0,0.0,0.77,11.7,-8.60938,-46.00489
2026/05/27 16:28:00,NPP-375,Brasil,TOCANTINS,MIRACEMA DO TOCANTINS,Cerrado,22.0,0.0,0.76,20.1,-9.39242,-48.43797
2026/05/27 16:28:00,NPP-375,Brasil,TOCANTINS,NOVO ACORDO,Cerrado,29.0,0.0,0.83,74.2,-10.04983,-47.33479
2026/05/27 16:28:00,NPP-375,Brasil,TOCANTINS,NOVO ACORDO,Cerrado,29.0,0.0,0.82,37.4,-10.04932,-47.33108
2026/05/27 16:28:00,NPP-375,Brasil,BAHIA,ITAGUAÇU DA BAHIA,Caatinga,26.0,0.0,1.0,9.8,-10.6189,-42.29592
2026/05/27 16:28:00,NPP-375,Brasil,TOCANTINS,MATEIROS,Cerrado,4.0,0.0,0.91,14.6,-10.78567,-46.88998
2026/05/27 16:28:00,NPP-375,Brasil,TOCANTINS,ITACAJÁ,Cerrado,16.0,0.0,0.7,16.1,-8.62563,-47.34614
2026/05/27 16:28:00,NPP-375,Brasil,BAHIA,ITIÚBA,Caatinga,16.0,0.0,1.0,2.3,-10.83553,-39.9804
2026/05/27 16:28:00,NPP-375,Brasil,TOCANTINS,SÃO FÉLIX DO TOCANTINS,Cerrado,33.0,0.0,0.93,2.4,-10.17567,-46.8691
2026/05/27 16:28:00,NPP-375,Brasil,TOCANTINS,LAGOA DA CONFUSÃO,Cerrado,27.0,0.0,0.84,27.8,-10.66793,-49.6986
2026/05/27 16:28:00,NPP-375,Brasil,MARANHÃO,CAROLINA,Cerrado,11.0,0.0,0.64,2.1,-7.12611,-46.89104
2026/05/27 16:28:00,NPP-375,Brasil,BAHIA,PONTO NOVO,Caatinga,13.0,0.0,1.0,3.7,-10.88795,-40.17726
2026/05/27 16:28:00,NPP-375,Brasil,TOCANTINS,LIZARDA,Cerrado,35.0,0.0,0.87,9.7,-9.44958,-46.85624
2026/05/27 16:28:00,NPP-375,Brasil,MATO GROSSO,PARANATINGA,Amazônia,10.0,0.3,0.36,5.3,-13.38011,-54.26923
2026/05/27 16:28:00,NPP-375,Brasil,MATO GROSSO,LUCIARA,Cerrado,14.0,0.0,0.92,5.6,-11.13237,-50.97483
2026/05/27 16:28:00,NPP-375,Brasil,BAHIA,MUQUÉM DO SÃO FRANCISCO,Cerrado,4.0,0.0,0.97,12.1,-11.9427,-43.39362
2026/05/27 16:28:00,NPP-375,Brasil,TOCANTINS,CONCEIÇÃO DO TOCANTINS,Cerrado,4.0,0.0,0.62,18.4,-11.97412,-47.3784
2026/05/27 16:28:00,NPP-375,Brasil,TOCANTINS,LIZARDA,Cerrado,34.0,0.0,1.0,18.9,-9.49107,-46.83473
2026/05/27 16:28:00,NPP-375,Brasil,TOCANTINS,PONTE ALTA DO TOCANTINS,Cerrado,4.0,0.0,0.81,7.7,-10.76942,-46.89202
2026/05/27 16:28:00,NPP-375,Brasil,TOCANTINS,ITACAJÁ,Cerrado,22.0,0.0,0.74,3.7,-8.71287,-47.91516
2026/05/27 16:28:00,NPP-375,Brasil,BAHIA,SÃO DESIDÉRIO,Cerrado,4.0,0.0,0.75,30.0,-12.69623,-44.79638
2026/05/27 16:28:00,NPP-375,Brasil,MATO GROSSO,MARCELÂNDIA,Amazônia,12.0,0.0,0.22,8.2,-10.91012,-54.12153
2026/05/27 16:28:00,NPP-375,Brasil,TOCANTINS,MATEIROS,Cerrado,4.0,0.0,1.0,69.7,-10.94435,-46.7824
2026/05/27 16:28:00,NPP-375,Brasil,MATO GROSSO,NOVA UBIRATÃ,Amazônia,11.0,0.56,0.26,8.1,-12.54936,-54.59631
2026/05/27 16:28:00,NPP-375,Brasil,TOCANTINS,MATEIROS,Cerrado,4.0,0.0,0.89,8.5,-10.86842,-46.85907
2026/05/27 16:28:00,NPP-375,Brasil,MATO GROSSO,QUERÊNCIA,Amazônia,12.0,0.0,0.23,8.6,-12.2992,-52.48508
2026/05/27 16:28:00,NPP-375,Brasil,TOCANTINS,MATEIROS,Cerrado,4.0,0.0,0.82,10.9,-10.77091,-46.90271
2026/05/27 16:28:00,NPP-375,Brasil,TOCANTINS,RIO SONO,Cerrado,29.0,0.0,1.0,7.3,-9.79733,-47.49205
2026/05/27 16:28:00,NPP-375,Brasil,TOCANTINS,MATEIROS,Cerrado,15.0,0.0,0.97,5.6,-10.63143,-46.90776
2026/05/27 16:28:00,NPP-375,Brasil,TOCANTINS,NOVO ACORDO,Cerrado,29.0,0.0,0.77,5.2,-10.04727,-47.31626
2026/05/27 16:28:00,NPP-375,Brasil,MARANHÃO,GRAJAÚ,Cerrado,8.0,0.0,0.64,7.2,-5.8559,-46.25547
2026/05/27 16:28:00,NPP-375,Brasil,PARÁ,CUMARU DO NORTE,Amazônia,14.0,0.0,0.7,3.6,-8.87849,-51.77247
2026/05/27 16:28:00,NPP-375,Brasil,BAHIA,CASA NOVA,Caatinga,20.0,0.0,1.0,6.6,-9.15531,-40.97562
2026/05/27 16:28:00,NPP-375,Brasil,MARANHÃO,CAROLINA,Cerrado,12.0,0.0,0.65,5.8,-7.6861,-47.14403
2026/05/27 16:28:00,NPP-375,Brasil,TOCANTINS,MATEIROS,Cerrado,4.0,0.0,1.0,8.1,-10.93983,-46.77942
2026/05/27 16:28:00,NPP-375,Brasil,TOCANTINS,MATEIROS,Cerrado,15.0,0.0,0.97,4.5,-10.63499,-46.9036
2026/05/27 16:28:00,NPP-375,Brasil,TOCANTINS,APARECIDA DO RIO NEGRO,Cerrado,20.0,0.0,0.59,3.8,-9.93202,-48.00829
2026/05/27 16:28:00,NPP-375,Brasil,TOCANTINS,MIRACEMA DO TOCANTINS,Cerrado,23.0,0.0,0.79,12.0,-9.38361,-48.43925
2026/05/27 16:28:00,NPP-375,Brasil,TOCANTINS,SANTA RITA DO TOCANTINS,Cerrado,17.0,0.0,0.79,8.7,-11.04752,-49.60218
2026/05/27 16:28:00,NPP-375,Brasil,TOCANTINS,PALMAS,Cerrado,8.0,0.0,0.39,4.3,-10.2534,-48.20491
2026/05/27 16:28:00,NPP-375,Brasil,TOCANTINS,MATEIROS,Cerrado,4.0,0.0,1.0,69.7,-10.94484,-46.78597
2026/05/27 16:28:00,NPP-375,Brasil,MARANHÃO,FERNANDO FALCÃO,Cerrado,9.0,0.0,0.94,2.1,-6.07576,-45.07937
2026/05/27 16:28:00,NPP-375,Brasil,PARÁ,SANTA MARIA DAS BARREIRAS,Amazônia,15.0,0.0,1.0,10.9,-8.80036,-50.49372
2026/05/27 16:28:00,NPP-375,Brasil,MARANHÃO,FERNANDO FALCÃO,Cerrado,9.0,0.0,1.0,14.7,-6.18661,-45.2197
2026/05/27 16:28:00,NPP-375,Brasil,GOIÁS,MUTUNÓPOLIS,Cerrado,4.0,0.0,0.84,6.9,-13.74119,-49.31579
2026/05/27 16:28:00,NPP-375,Brasil,TOCANTINS,CHAPADA DA NATIVIDADE,Cerrado,4.0,0.0,0.48,4.5,-11.61482,-47.90229
2026/05/27 16:28:00,NPP-375,Brasil,TOCANTINS,LIZARDA,Cerrado,16.0,0.0,1.0,6.2,-9.67518,-47.04944
2026/05/27 16:28:00,NPP-375,Brasil,TOCANTINS,MATEIROS,Cerrado,4.0,0.0,0.94,5.2,-10.76399,-46.82378
2026/05/27 16:28:00,NPP-375,Brasil,TOCANTINS,ITACAJÁ,Cerrado,16.0,0.0,0.69,15.0,-8.62207,-47.35027
2026/05/27 16:28:00,NPP-375,Brasil,TOCANTINS,CAMPOS LINDOS,Cerrado,16.0,0.0,0.61,8.1,-8.38183,-46.82748
2026/05/27 16:28:00,NPP-375,Brasil,TOCANTINS,MATEIROS,Cerrado,4.0,0.0,0.9,8.6,-10.7934,-46.88446
2026/05/27 16:28:00,NPP-375,Brasil,TOCANTINS,MATEIROS,Cerrado,4.0,0.0,1.0,69.7,-10.94032,-46.78299
2026/05/27 16:28:00,NPP-375,Brasil,MATO GROSSO,CLÁUDIA,Amazônia,11.0,0.0,0.57,13.5,-11.7426,-54.80518
2026/05/27 16:28:00,NPP-375,Brasil,TOCANTINS,ALMAS,Cerrado,4.0,0.0,0.92,2.5,-11.1678,-46.8154
2026/05/27 16:28:00,NPP-375,Brasil,BAHIA,CALDEIRÃO GRANDE,Caatinga,17.0,0.0,1.0,1.8,-11.11011,-40.07951
2026/05/27 16:28:00,NPP-375,Brasil,TOCANTINS,MATEIROS,Cerrado,4.0,0.0,0.9,17.0,-10.79291,-46.88082
2026/05/27 16:28:00,NPP-375,Brasil,MARANHÃO,RIACHÃO,Cerrado,9.0,0.0,0.89,5.4,-7.59931,-46.46892
2026/05/27 16:28:00,NPP-375,Brasil,MATO GROSSO,CONFRESA,Amazônia,12.0,0.0,1.0,3.7,-10.50303,-51.86054
2026/05/27 16:28:00,NPP-375,Brasil,BAHIA,SÃO DESIDÉRIO,Cerrado,4.0,0.0,0.75,16.3,-12.69867,-44.81387
2026/05/27 16:28:00,NPP-375,Brasil,TOCANTINS,ITACAJÁ,Cerrado,16.0,0.0,0.69,16.1,-8.62157,-47.3467
2026/05/27 16:28:00,NPP-375,Brasil,TOCANTINS,NOVO ACORDO,Cerrado,29.0,0.0,0.79,8.0,-10.0483,-47.32368
2026/05/27 16:28:00,NPP-375,Brasil,TOCANTINS,MATEIROS,Cerrado,4.0,0.0,0.9,17.0,-10.78885,-46.88137
2026/05/27 16:28:00,NPP-375,Brasil,TOCANTINS,SÃO FÉLIX DO TOCANTINS,Cerrado,33.0,0.0,0.93,7.9,-10.17615,-46.87261
2026/05/27 16:28:00,NPP-375,Brasil,TOCANTINS,PALMEIRANTE,Cerrado,6.0,0.0,0.53,11.8,-7.9165,-48.27184
2026/05/27 16:28:00,NPP-375,Brasil,TOCANTINS,MATEIROS,Cerrado,4.0,0.0,0.94,7.6,-10.86843,-46.82958
2026/05/27 16:28:00,NPP-375,Brasil,TOCANTINS,LIZARDA,Cerrado,35.0,0.0,1.0,66.8,-9.49181,-46.83989
2026/05/27 16:28:00,NPP-375,Brasil,PARÁ,OURILÂNDIA DO NORTE,Amazônia,11.0,0.0,0.44,3.7,-8.1713,-52.0575
2026/05/27 16:28:00,NPP-375,Brasil,TOCANTINS,MATEIROS,Cerrado,16.0,0.0,0.97,9.5,-10.6243,-46.91598
2026/05/27 16:28:00,NPP-375,Brasil,BAHIA,BARREIRAS,Cerrado,2.0,0.0,0.75,30.3,-12.00839,-45.34429
2026/05/27 16:28:00,NPP-375,Brasil,TOCANTINS,MATEIROS,Cerrado,4.0,0.0,0.89,26.0,-10.8386,-46.85246
2026/05/27 16:28:00,NPP-375,Brasil,MATO GROSSO,LUCIARA,Cerrado,21.0,0.0,1.0,5.1,-10.9665,-51.2196
2026/05/27 16:28:00,NPP-375,Brasil,MATO GROSSO,NOVO SANTO ANTÔNIO,Cerrado,13.0,0.0,0.99,10.4,-12.32686,-51.06912
2026/05/27 16:28:00,NPP-375,Brasil,TOCANTINS,MATEIROS,Cerrado,4.0,0.0,0.89,7.1,-10.84204,-46.87747
2026/05/27 16:28:00,NPP-375,Brasil,TOCANTINS,NOVO ACORDO,Cerrado,29.0,0.0,0.81,37.4,-10.04881,-47.32738
2026/05/27 16:28:00,NPP-375,Brasil,PIAUÍ,VÁRZEA GRANDE,Caatinga,13.0,0.0,0.69,2.5,-6.5276,-42.26361
2026/05/27 16:28:00,NPP-375,Brasil,GOIÁS,MUTUNÓPOLIS,Cerrado,4.0,0.0,0.97,8.9,-13.73618,-49.31627
2026/05/27 16:28:00,NPP-375,Brasil,TOCANTINS,FORMOSO DO ARAGUAIA,Cerrado,4.0,0.0,1.0,12.5,-11.98413,-49.67036
2026/05/27 16:28:00,NPP-375,Brasil,TOCANTINS,LIZARDA,Cerrado,21.0,0.0,1.0,4.4,-9.52485,-47.06434
2026/05/27 16:30:00,GOES-19,Brasil,TOCANTINS,LAGOA DA CONFUSÃO,Cerrado,16.0,0.0,1.0,69.0,-10.756,-49.9105
2026/05/27 16:30:00,GOES-19,Brasil,MARANHÃO,LORETO,Cerrado,22.0,0.0,0.89,92.9,-7.0125,-45.0069
2026/05/27 16:30:00,GOES-19,Brasil,TOCANTINS,MATEIROS,Cerrado,4.0,0.0,0.87,92.9,-10.7814,-46.8833
2026/05/27 16:30:00,GOES-19,Brasil,MARANHÃO,SÃO FÉLIX DE BALSAS,Cerrado,21.0,0.0,0.88,59.6,-7.0127,-44.9841
2026/05/27 16:30:00,GOES-19,Brasil,PARÁ,CUMARU DO NORTE,Amazônia,9.0,0.0,0.56,52.5,-7.6803,-51.1
2026/05/27 16:30:00,NPP-375,Brasil,CEARÁ,BEBERIBE,Caatinga,-999.0,0.1,0.02,4.4,-4.36607,-37.89985
2026/05/27 16:30:00,NPP-375,Brasil,MARANHÃO,CAPINZAL DO NORTE,Cerrado,9.0,0.0,0.06,18.2,-4.60218,-44.29664
2026/05/27 16:30:00,NPP-375,Brasil,MARANHÃO,ALDEIAS ALTAS,Cerrado,9.0,0.0,0.06,6.0,-4.38853,-43.28839
2026/05/27 16:30:00,NPP-375,Brasil,PARÁ,CAMETÁ,Amazônia,0.0,1.48,0.0,5.9,-2.21609,-49.69194
2026/05/27 16:30:00,NPP-375,Brasil,PARÁ,AVEIRO,Amazônia,2.0,0.0,0.0,5.5,-3.91163,-55.74224
2026/05/27 16:30:00,NPP-375,Brasil,MARANHÃO,BURITI,Cerrado,5.0,0.0,0.07,29.8,-3.86093,-42.95717
2026/05/27 16:30:00,NPP-375,Brasil,MARANHÃO,ÁGUA DOCE DO MARANHÃO,Cerrado,-999.0,0.91,0.04,16.4,-2.91591,-42.12978
2026/05/27 16:30:00,NPP-375,Brasil,MARANHÃO,ITINGA DO MARANHÃO,Amazônia,9.0,0.0,0.78,20.6,-4.08749,-47.30829
2026/05/27 16:30:00,NPP-375,Brasil,MARANHÃO,BURITI,Cerrado,5.0,0.0,0.04,29.8,-3.86146,-42.96063
2026/05/27 16:30:00,NPP-375,Brasil,CEARÁ,BEBERIBE,Caatinga,-999.0,0.1,0.02,5.6,-4.37021,-37.89921
2026/05/27 16:30:00,NPP-375,Brasil,PIAUÍ,PIRACURUCA,Caatinga,9.0,0.0,0.26,9.3,-3.80829,-41.6031
2026/05/27 16:30:00,NPP-375,Brasil,PARÁ,ITAITUBA,Amazônia,4.0,0.0,0.03,6.7,-6.41274,-55.97931
2026/05/27 16:30:00,NPP-375,Brasil,MARANHÃO,SANTA FILOMENA DO MARANHÃO,Cerrado,8.0,0.0,1.0,7.5,-5.42792,-44.66581
2026/05/27 16:30:00,NPP-375,Brasil,MARANHÃO,CAXIAS,Cerrado,10.0,0.0,0.1,4.1,-4.6301,-43.05538
2026/05/27 16:30:00,NPP-375,Brasil,PARÁ,AVEIRO,Amazônia,2.0,0.0,0.0,4.0,-3.90682,-55.74287
2026/05/27 16:30:00,NPP-375,Brasil,MARANHÃO,CAPINZAL DO NORTE,Cerrado,9.0,0.0,0.06,18.2,-4.60165,-44.2931
2026/05/27 16:30:00,NPP-375,Brasil,MARANHÃO,SANTA FILOMENA DO MARANHÃO,Cerrado,8.0,0.0,1.0,8.5,-5.42737,-44.66215
2026/05/27 16:30:00,NPP-375,Brasil,CEARÁ,BEBERIBE,Caatinga,-999.0,0.1,0.03,4.4,-4.36668,-37.90356
2026/05/27 16:30:00,NPP-375,Brasil,MARANHÃO,LAGO DA PEDRA,Amazônia,8.0,0.0,0.81,2.9,-4.54892,-45.12665
2026/05/27 16:30:00,NPP-375,Brasil,MARANHÃO,PRESIDENTE VARGAS,Cerrado,6.0,0.1,0.01,3.9,-3.46211,-44.01552
2026/05/27 16:30:00,NPP-375,Brasil,MARANHÃO,URBANO SANTOS,Cerrado,9.0,0.0,0.06,4.9,-3.49628,-43.31226
2026/05/27 16:30:00,NPP-375,Brasil,MARANHÃO,CAPINZAL DO NORTE,Cerrado,9.0,0.0,0.06,5.8,-4.60554,-44.29613
2026/05/27 16:30:00,NPP-375,Brasil,MARANHÃO,ALDEIAS ALTAS,Cerrado,9.0,0.0,0.06,6.0,-4.38521,-43.28889
2026/05/27 16:30:00,NPP-375,Brasil,MARANHÃO,CAXIAS,Cerrado,10.0,0.0,0.1,18.0,-4.62625,-43.05243
2026/05/27 16:30:00,NPP-375,Brasil,MARANHÃO,BARRA DO CORDA,Cerrado,8.0,0.0,0.78,8.7,-5.40678,-45.24868
2026/05/27 16:30:00,NPP-375,Brasil,MARANHÃO,TUTÓIA,Cerrado,8.0,0.0,0.07,24.4,-3.1047,-42.67442
2026/05/27 16:30:00,NPP-375,Brasil,PARÁ,SÃO FÉLIX DO XINGU,Amazônia,10.0,0.0,0.96,2.7,-6.38353,-51.60679
2026/05/27 16:30:00,NPP-375,Brasil,MARANHÃO,CAPINZAL DO NORTE,Cerrado,9.0,0.0,0.06,5.8,-4.60501,-44.29259
2026/05/27 16:30:00,NPP-375,Brasil,MARANHÃO,CAXIAS,Cerrado,10.0,0.0,0.1,18.0,-4.62957,-43.05192
2026/05/27 16:30:00,NPP-375,Brasil,CEARÁ,BEBERIBE,Caatinga,-999.0,0.1,0.05,5.6,-4.37082,-37.90293
2026/05/27 16:30:00,NPP-375,Brasil,MARANHÃO,CAXIAS,Cerrado,10.0,0.0,0.1,4.1,-4.62678,-43.05589
2026/05/27 16:30:00,NPP-375,Brasil,PIAUÍ,PIRACURUCA,Caatinga,9.0,0.0,0.26,9.3,-3.81171,-41.60257
2026/05/27 16:30:00,NPP-375,Brasil,PIAUÍ,PIRACURUCA,Caatinga,9.0,0.0,0.27,3.9,-3.81512,-41.60205
2026/05/27 16:30:00,NPP-375,Brasil,MARANHÃO,TUTÓIA,Cerrado,8.0,0.0,0.06,3.2,-3.10804,-42.6739
2026/05/27 16:30:00,GOES-19,Brasil,TOCANTINS,MATEIROS,Cerrado,4.0,0.0,0.89,358.5,-10.8386,-46.8761
2026/05/27 16:30:00,GOES-19,Brasil,MARANHÃO,FERNANDO FALCÃO,Cerrado,9.0,0.0,1.0,84.9,-6.0709,-45.5132
2026/05/27 16:30:00,GOES-19,Brasil,TOCANTINS,MATEIROS,Cerrado,4.0,0.0,0.89,483.3,-10.8389,-46.8537
2026/05/27 16:30:00,GOES-19,Brasil,TOCANTINS,NOVO ACORDO,Cerrado,29.0,0.0,0.93,92.8,-10.0542,-47.3264
2026/05/27 16:30:00,GOES-19,Brasil,TOCANTINS,RIO SONO,Cerrado,29.0,0.0,0.73,68.8,-10.0352,-47.3286
2026/05/27 16:30:00,GOES-19,Brasil,MATO GROSSO,LUCIARA,Cerrado,16.0,0.0,0.85,60.2,-11.1201,-50.9604
2026/05/27 16:30:00,GOES-19,Brasil,TOCANTINS,MATEIROS,Cerrado,4.0,0.0,0.77,91.5,-10.8005,-46.8809
2026/05/27 16:30:00,GOES-19,Brasil,TOCANTINS,LIZARDA,Cerrado,34.0,0.0,1.0,49.9,-9.4938,-46.8331
2026/05/27 16:40:00,GOES-19,Brasil,TOCANTINS,MATEIROS,Cerrado,4.0,0.0,0.87,110.6,-10.7814,-46.8833
2026/05/27 16:40:00,GOES-19,Brasil,PARÁ,CUMARU DO NORTE,Amazônia,14.0,0.0,1.0,91.0,-8.5348,-51.5791
2026/05/27 16:40:00,GOES-19,Brasil,TOCANTINS,MIRACEMA DO TOCANTINS,Cerrado,21.0,0.0,0.76,83.7,-9.3972,-48.4305
2026/05/27 16:40:00,GOES-19,Brasil,TOCANTINS,PONTE ALTA DO TOCANTINS,Cerrado,4.0,0.0,0.87,133.5,-10.7621,-46.908
2026/05/27 16:40:00,GOES-19,Brasil,TOCANTINS,PONTE ALTA DO TOCANTINS,Cerrado,4.0,0.0,0.74,115.3,-10.7811,-46.9057
2026/05/27 16:40:00,GOES-19,Brasil,TOCANTINS,PIUM,Cerrado,28.0,0.0,0.61,75.6,-10.3778,-49.9078
2026/05/27 16:40:00,GOES-19,Brasil,TOCANTINS,MATEIROS,Cerrado,4.0,0.0,0.89,120.7,-10.8389,-46.8537
2026/05/27 16:40:00,GOES-19,Brasil,TOCANTINS,NOVO ACORDO,Cerrado,29.0,0.0,0.93,66.9,-10.0542,-47.3264
2026/05/27 16:40:00,GOES-19,Brasil,TOCANTINS,PIUM,Cerrado,28.0,0.0,0.6,170.3,-10.3589,-49.9098
2026/05/27 16:43:00,NOAA-20,Brasil,MATO GROSSO DO SUL,COXIM,Cerrado,8.0,0.0,0.52,2.4,-18.46756,-54.70914
2026/05/27 16:43:00,NOAA-20,Brasil,SÃO PAULO,BROTAS,Cerrado,2.0,0.5,0.7,37.7,-22.22178,-47.90693
2026/05/27 16:43:00,NOAA-20,Brasil,GOIÁS,HIDROLÂNDIA,Cerrado,4.0,0.0,1.0,6.4,-17.06273,-49.11305
2026/05/27 16:43:00,NOAA-20,Brasil,MINAS GERAIS,LAGOA GRANDE,Cerrado,11.0,0.0,0.82,7.1,-17.64014,-46.44674
2026/05/27 16:43:00,NOAA-20,Brasil,MINAS GERAIS,FORMIGA,Cerrado,2.0,0.0,1.0,3.4,-20.67909,-45.53209
2026/05/27 16:43:00,NOAA-20,Brasil,MINAS GERAIS,CENTRALINA,Cerrado,11.0,0.0,0.65,3.9,-18.72928,-49.09716
2026/05/27 16:43:00,NOAA-20,Brasil,SÃO PAULO,MOCOCA,Cerrado,7.0,0.0,1.0,7.0,-21.55189,-47.05963
2026/05/27 16:43:00,NOAA-20,Brasil,GOIÁS,APORÉ,Cerrado,3.0,0.0,0.78,12.3,-18.80997,-51.72352
2026/05/27 16:43:00,NOAA-20,Brasil,SÃO PAULO,PRESIDENTE ALVES,Mata Atlântica,3.0,0.1,0.94,12.3,-22.14495,-49.42057
2026/05/27 16:43:00,NOAA-20,Brasil,MINAS GERAIS,CENTRALINA,Cerrado,11.0,0.0,0.62,5.7,-18.72571,-49.09771
2026/05/27 16:43:00,NOAA-20,Brasil,PARANÁ,ALTO PARAÍSO,Mata Atlântica,3.0,0.0,0.53,1.9,-23.48334,-53.83078
2026/05/27 16:43:00,NOAA-20,Brasil,MINAS GERAIS,DIAMANTINA,Cerrado,5.0,0.0,0.81,9.1,-18.18006,-43.62984
2026/05/27 16:43:00,NOAA-20,Brasil,MINAS GERAIS,MONTE CARMELO,Cerrado,5.0,0.0,1.0,5.0,-18.81015,-47.59764
2026/05/27 16:43:00,NOAA-20,Brasil,MINAS GERAIS,PARACATU,Cerrado,12.0,0.0,1.0,2.1,-17.2966,-46.55267
2026/05/27 16:43:00,NOAA-20,Brasil,MINAS GERAIS,ROMARIA,Cerrado,5.0,0.0,1.0,16.8,-18.8702,-47.64721
2026/05/27 16:43:00,NOAA-20,Brasil,MINAS GERAIS,LAGOA GRANDE,Cerrado,11.0,0.0,0.85,3.8,-17.64677,-46.44564
2026/05/27 16:43:00,NOAA-20,Brasil,SÃO PAULO,BROTAS,Cerrado,2.0,0.5,0.52,12.6,-22.22121,-47.90275
2026/05/27 16:43:00,NOAA-20,Brasil,MINAS GERAIS,LAGOA GRANDE,Cerrado,11.0,0.0,0.85,7.1,-17.64346,-46.44619
2026/05/27 16:43:00,NOAA-20,Brasil,MINAS GERAIS,LAGOA GRANDE,Cerrado,12.0,0.0,0.63,1.8,-17.55672,-46.54572
2026/05/27 16:43:00,NOAA-20,Brasil,MATO GROSSO DO SUL,SELVÍRIA,Mata Atlântica,8.0,0.0,0.88,6.9,-20.47009,-51.49584
2026/05/27 16:43:00,NOAA-20,Brasil,MINAS GERAIS,CARANDAÍ,Mata Atlântica,6.0,0.1,0.75,4.0,-20.93149,-43.81831
2026/05/27 16:43:00,NOAA-20,Brasil,SÃO PAULO,PEDREGULHO,Cerrado,7.0,0.0,1.0,6.6,-20.15622,-47.53239
2026/05/27 16:43:00,NOAA-20,Brasil,SÃO PAULO,TAMBAÚ,Cerrado,7.0,0.0,0.99,2.1,-21.52777,-47.15961
2026/05/27 16:43:00,NOAA-20,Brasil,RIO DE JANEIRO,CAMPOS DOS GOYTACAZES,Mata Atlântica,5.0,0.93,0.55,3.7,-21.95614,-41.6673
2026/05/27 16:43:00,NOAA-20,Brasil,MINAS GERAIS,FORTALEZA DE MINAS,Mata Atlântica,7.0,0.0,0.54,4.3,-20.91633,-46.78789
2026/05/27 16:43:00,NOAA-20,Brasil,MATO GROSSO DO SUL,COXIM,Cerrado,8.0,0.0,0.51,2.6,-18.46683,-54.70862
2026/05/27 16:43:00,NOAA-20,Brasil,MATO GROSSO DO SUL,COXIM,Cerrado,8.0,0.0,0.57,2.6,-18.46714,-54.7116
2026/05/27 16:43:00,NOAA-20,Brasil,MINAS GERAIS,DIAMANTINA,Cerrado,5.0,0.0,0.82,9.1,-18.18073,-43.63389
2026/05/27 16:43:00,NOAA-20,Brasil,MINAS GERAIS,GUARDA-MOR,Cerrado,4.0,0.0,1.0,6.4,-17.60906,-47.05365
2026/05/27 16:43:00,NOAA-20,Brasil,MATO GROSSO DO SUL,AQUIDAUANA,Cerrado,9.0,0.0,0.23,0.2,-20.1261,-55.23167
2026/05/27 16:43:00,NOAA-20,Brasil,MINAS GERAIS,GUARDA-MOR,Cerrado,4.0,0.0,1.0,6.4,-17.61238,-47.0531
2026/05/27 16:43:00,NOAA-20,Brasil,SÃO PAULO,BROTAS,Cerrado,2.0,0.5,0.56,37.7,-22.21826,-47.90747
2026/05/27 16:43:00,NOAA-20,Brasil,MINAS GERAIS,MONTE CARMELO,Cerrado,4.0,0.0,0.93,2.4,-18.85247,-47.35522
2026/05/27 16:43:00,NOAA-20,Brasil,MINAS GERAIS,PRADOS,Mata Atlântica,7.0,0.1,0.96,4.1,-21.05919,-44.06331
2026/05/27 16:43:00,NOAA-20,Brasil,SÃO PAULO,PAULO DE FARIA,Mata Atlântica,8.0,0.0,0.98,6.6,-20.19287,-49.56668
2026/05/27 16:43:00,NOAA-20,Brasil,MINAS GERAIS,ARAGUARI,Mata Atlântica,22.0,0.0,1.0,3.8,-18.7331,-48.06024
2026/05/27 16:43:00,NOAA-20,Brasil,MINAS GERAIS,PARACATU,Cerrado,7.0,0.0,0.61,11.1,-17.17476,-47.07304
2026/05/27 16:43:00,NOAA-20,Brasil,GOIÁS,APORÉ,Cerrado,3.0,0.0,0.69,12.3,-18.80948,-51.71953
2026/05/27 16:43:00,NOAA-20,Brasil,SÃO PAULO,AGUAÍ,Cerrado,7.0,0.0,1.0,2.5,-22.02021,-46.91269
2026/05/27 16:43:00,NOAA-20,Brasil,MINAS GERAIS,SACRAMENTO,Cerrado,4.0,0.0,1.0,6.7,-19.73276,-47.3071
2026/05/27 16:43:00,NOAA-20,Brasil,SÃO PAULO,ÁGUAS DE SANTA BÁRBARA,Cerrado,2.0,0.0,0.17,4.8,-22.79233,-49.34049
2026/05/27 16:43:00,NOAA-20,Brasil,MINAS GERAIS,ROMARIA,Cerrado,5.0,0.0,1.0,16.8,-18.86681,-47.64775
2026/05/27 16:43:00,NOAA-20,Brasil,GOIÁS,PALMINÓPOLIS,Cerrado,5.0,0.0,1.0,4.9,-16.73877,-50.17822
2026/05/27 16:43:00,NOAA-20,Brasil,SÃO PAULO,PAULO DE FARIA,Mata Atlântica,8.0,0.0,0.95,6.6,-20.19224,-49.56196
2026/05/27 16:43:00,NOAA-20,Brasil,SÃO PAULO,AGUAÍ,Cerrado,7.0,0.0,1.0,4.2,-22.02361,-46.91212
2026/05/27 16:43:00,NOAA-20,Brasil,MINAS GERAIS,VAZANTE,Cerrado,4.0,0.0,0.91,3.9,-18.06723,-46.87394
2026/05/27 16:43:00,NOAA-20,Brasil,MINAS GERAIS,CENTRALINA,Cerrado,11.0,0.0,0.82,5.7,-18.72512,-49.09345
2026/05/27 16:43:00,NOAA-20,Brasil,SÃO PAULO,MOGI GUAÇU,Cerrado,3.0,0.0,1.0,2.5,-22.12703,-47.02774
2026/05/27 16:43:00,NOAA-20,Brasil,MINAS GERAIS,ITABIRITO,Mata Atlântica,3.0,1.15,-999.0,3.1,-20.31531,-43.93525
2026/05/27 16:43:00,NOAA-20,Brasil,MATO GROSSO DO SUL,JAPORÃ,Mata Atlântica,3.0,0.0,0.99,1.3,-23.7703,-54.53824
2026/05/27 16:43:00,NOAA-20,Brasil,MINAS GERAIS,DELFINÓPOLIS,Cerrado,0.0,0.0,0.99,2.3,-20.36215,-46.83292
2026/05/27 16:43:00,NOAA-20,Brasil,GOIÁS,APORÉ,Cerrado,3.0,0.0,0.84,2.9,-18.809,-51.7156
2026/05/27 16:43:00,NOAA-20,Brasil,SÃO PAULO,BROTAS,Cerrado,2.0,0.5,0.55,2.2,-22.22472,-47.90219
2026/05/27 16:43:00,NOAA-20,Brasil,MINAS GERAIS,PATROCÍNIO,Cerrado,4.0,0.0,0.95,4.3,-18.88406,-47.28848
2026/05/27 16:43:00,NOAA-20,Brasil,RIO DE JANEIRO,VALENÇA,Mata Atlântica,6.0,0.0,0.5,1.9,-22.22878,-44.1255
2026/05/27 16:43:00,NOAA-20,Brasil,MINAS GERAIS,LAGOA GRANDE,Cerrado,11.0,0.0,0.77,6.5,-17.64291,-46.44258
2026/05/27 16:43:00,NOAA-20,Brasil,MINAS GERAIS,OLHOS-D'ÁGUA,Cerrado,5.0,0.0,0.74,2.1,-17.70534,-43.70062
2026/05/27 16:45:00,NOAA-20,Brasil,TOCANTINS,FORMOSO DO ARAGUAIA,Cerrado,4.0,0.0,1.0,2.1,-12.15941,-50.57752
2026/05/27 16:45:00,NOAA-20,Brasil,TOCANTINS,DUERÉ,Cerrado,18.0,0.0,0.81,3.0,-11.18247,-49.70277
2026/05/27 16:45:00,NOAA-20,Brasil,BAHIA,COCOS,Cerrado,4.0,0.0,1.0,23.7,-14.78347,-45.60703
2026/05/27 16:45:00,NOAA-20,Brasil,MATO GROSSO,PORTO DOS GAÚCHOS,Amazônia,10.0,0.0,0.31,10.2,-11.79484,-57.0138
2026/05/27 16:45:00,NOAA-20,Brasil,PARÁ,SANTANA DO ARAGUAIA,Amazônia,20.0,0.0,0.88,5.9,-9.3747,-50.65777
2026/05/27 16:45:00,NOAA-20,Brasil,BAHIA,BOA VISTA DO TUPIM,Caatinga,3.0,0.0,0.94,3.6,-13.00433,-40.84208
2026/05/27 16:45:00,NOAA-20,Brasil,TOCANTINS,MATEIROS,Cerrado,4.0,0.0,1.0,11.8,-10.95124,-46.75815
2026/05/27 16:45:00,NOAA-20,Brasil,TOCANTINS,PIUM,Cerrado,28.0,0.0,0.6,80.8,-10.35937,-49.90729
2026/05/27 16:45:00,NOAA-20,Brasil,TOCANTINS,PIUM,Cerrado,26.0,0.0,0.71,3.3,-10.40134,-49.8131
2026/05/27 16:45:00,NOAA-20,Brasil,MATO GROSSO,NOVO SANTO ANTÔNIO,Cerrado,13.0,0.0,0.95,14.1,-12.32808,-51.06713
2026/05/27 16:45:00,NOAA-20,Brasil,MATO GROSSO,TABAPORÃ,Amazônia,9.0,0.0,0.26,4.5,-11.04153,-56.92253
2026/05/27 16:45:00,NOAA-20,Brasil,TOCANTINS,TOCANTÍNIA,Cerrado,13.0,0.0,0.66,3.6,-9.61792,-48.10132
2026/05/27 16:45:00,NOAA-20,Brasil,TOCANTINS,SANTA RITA DO TOCANTINS,Cerrado,17.0,0.0,0.79,11.1,-11.04862,-49.60036
2026/05/27 16:45:00,NOAA-20,Brasil,TOCANTINS,MATEIROS,Cerrado,4.0,0.0,0.94,5.3,-10.7124,-46.83373
2026/05/27 16:45:00,NOAA-20,Brasil,TOCANTINS,LAGOA DA CONFUSÃO,Cerrado,27.0,0.0,0.9,18.4,-10.67029,-49.69213
2026/05/27 16:45:00,NOAA-20,Brasil,TOCANTINS,RIO SONO,Cerrado,29.0,0.0,0.96,4.6,-9.79753,-47.48101
2026/05/27 16:45:00,NOAA-20,Brasil,GOIÁS,ITAPURANGA,Cerrado,4.0,0.0,1.0,11.0,-15.54913,-49.94367
2026/05/27 16:45:00,NOAA-20,Brasil,TOCANTINS,NOVO ACORDO,Cerrado,29.0,0.0,0.94,13.8,-10.05471,-47.32357
2026/05/27 16:45:00,NOAA-20,Brasil,TOCANTINS,LIZARDA,Cerrado,34.0,0.0,1.0,3.0,-9.49363,-46.83414
2026/05/27 16:45:00,NOAA-20,Brasil,BAHIA,CAMPO ALEGRE DE LOURDES,Caatinga,36.0,0.0,1.0,2.7,-9.64691,-42.74541
2026/05/27 16:45:00,NOAA-20,Brasil,GOIÁS,SÃO DOMINGOS,Cerrado,4.0,0.0,1.0,5.6,-13.60174,-46.55338
2026/05/27 16:45:00,NOAA-20,Brasil,BAHIA,BARREIRAS,Cerrado,2.0,0.0,0.75,10.3,-12.00026,-45.34825
2026/05/27 16:45:00,NOAA-20,Brasil,MATO GROSSO,SÃO FÉLIX DO ARAGUAIA,Amazônia,11.0,0.0,0.28,5.4,-11.35494,-52.95597
2026/05/27 16:45:00,NOAA-20,Brasil,MATO GROSSO,MARCELÂNDIA,Amazônia,12.0,0.0,0.22,3.2,-10.91341,-54.12551
2026/05/27 16:45:00,NOAA-20,Brasil,TOCANTINS,MIRACEMA DO TOCANTINS,Cerrado,21.0,0.0,0.76,26.4,-9.39403,-48.43696
2026/05/27 16:45:00,NOAA-20,Brasil,TOCANTINS,NOVO ACORDO,Cerrado,29.0,0.0,0.82,4.8,-10.04915,-47.33167
2026/05/27 16:45:00,NOAA-20,Brasil,MATO GROSSO,UNIÃO DO SUL,Amazônia,28.0,0.0,0.24,9.8,-11.33344,-53.94773
2026/05/27 16:45:00,NOAA-20,Brasil,TOCANTINS,SÃO FÉLIX DO TOCANTINS,Cerrado,33.0,0.0,0.92,3.7,-10.15833,-46.87297
2026/05/27 16:45:00,NOAA-20,Brasil,MARANHÃO,BALSAS,Cerrado,34.0,0.0,0.77,5.8,-9.05632,-46.8827
2026/05/27 16:45:00,NOAA-20,Brasil,TOCANTINS,TAGUATINGA,Cerrado,4.0,0.0,0.58,2.7,-12.46571,-46.51868
2026/05/27 16:45:00,NOAA-20,Brasil,BAHIA,ANGUERA,Mata Atlântica,3.0,0.27,1.0,5.4,-12.19853,-39.14494
2026/05/27 16:45:00,NOAA-20,Brasil,BAHIA,SANTA BÁRBARA,Caatinga,3.0,0.0,1.0,1.5,-12.00849,-39.01411
2026/05/27 16:45:00,NOAA-20,Brasil,MATO GROSSO,PORTO DOS GAÚCHOS,Amazônia,9.0,0.0,0.27,4.8,-11.55761,-56.95358
2026/05/27 16:45:00,NOAA-20,Brasil,BAHIA,SÃO DESIDÉRIO,Cerrado,4.0,0.0,0.76,8.0,-12.7024,-44.79926
2026/05/27 16:45:00,NOAA-20,Brasil,MATO GROSSO,TABAPORÃ,Amazônia,8.0,0.0,0.61,6.7,-11.57109,-56.33772
2026/05/27 16:45:00,NOAA-20,Brasil,TOCANTINS,MATEIROS,Cerrado,4.0,0.0,1.0,4.0,-10.93843,-46.76386
2026/05/27 16:45:00,NOAA-20,Brasil,TOCANTINS,MATEIROS,Cerrado,4.0,0.0,0.95,30.8,-10.84969,-46.8259
2026/05/27 16:45:00,NOAA-20,Brasil,TOCANTINS,LAGOA DA CONFUSÃO,Cerrado,19.0,0.0,0.92,3.7,-10.92977,-49.88721
2026/05/27 16:45:00,NOAA-20,Brasil,TOCANTINS,TOCANTÍNIA,Cerrado,13.0,0.0,0.66,3.6,-9.61514,-48.10532
2026/05/27 16:45:00,NOAA-20,Brasil,TOCANTINS,SANTA MARIA DO TOCANTINS,Cerrado,25.0,0.0,0.96,6.6,-8.92237,-47.55112
2026/05/27 16:45:00,NOAA-20,Brasil,TOCANTINS,LIZARDA,Cerrado,20.0,0.0,1.0,3.4,-9.5266,-47.06815
2026/05/27 16:45:00,NOAA-20,Brasil,MATO GROSSO,LUCIARA,Cerrado,19.0,0.0,1.0,6.2,-10.9774,-51.21658
2026/05/27 16:45:00,NOAA-20,Brasil,MATO GROSSO,UNIÃO DO SUL,Amazônia,27.0,0.0,0.23,6.4,-11.27518,-53.95417
2026/05/27 16:45:00,NOAA-20,Brasil,TOCANTINS,PIUM,Cerrado,25.0,0.0,0.63,2.3,-10.40439,-49.80875
2026/05/27 16:45:00,NOAA-20,Brasil,TOCANTINS,CONCEIÇÃO DO TOCANTINS,Cerrado,4.0,0.0,0.62,13.2,-11.96751,-47.37897
2026/05/27 16:45:00,NOAA-20,Brasil,TOCANTINS,LIZARDA,Cerrado,27.0,0.0,0.84,3.2,-9.06086,-47.17607
2026/05/27 16:45:00,NOAA-20,Brasil,MATO GROSSO,CONFRESA,Amazônia,12.0,0.0,1.0,2.2,-10.50142,-51.8661
2026/05/27 16:45:00,NOAA-20,Brasil,TOCANTINS,MATEIROS,Cerrado,4.0,0.0,1.0,25.1,-10.9468,-46.77356
2026/05/27 16:45:00,NOAA-20,Brasil,TOCANTINS,DOIS IRMÃOS DO TOCANTINS,Cerrado,13.0,0.0,0.49,4.8,-9.12677,-49.16137
2026/05/27 16:45:00,NOAA-20,Brasil,TOCANTINS,DIANÓPOLIS,Cerrado,4.0,0.0,0.7,6.6,-11.83251,-47.09745
2026/05/27 16:45:00,NOAA-20,Brasil,MATO GROSSO,CLÁUDIA,Amazônia,11.0,0.0,0.28,9.4,-11.73282,-54.80264
2026/05/27 16:45:00,NOAA-20,Brasil,BAHIA,SÃO DESIDÉRIO,Cerrado,4.0,0.0,0.75,14.2,-12.69405,-44.7924
2026/05/27 16:45:00,NOAA-20,Brasil,TOCANTINS,MATEIROS,Cerrado,4.0,0.0,0.89,18.5,-10.84193,-46.86375
2026/05/27 16:45:00,NOAA-20,Brasil,MATO GROSSO,PARANATINGA,Amazônia,12.0,0.0,0.36,12.0,-12.72709,-54.19205
2026/05/27 16:45:00,NOAA-20,Brasil,MARANHÃO,BALSAS,Cerrado,32.0,0.0,1.0,4.4,-9.1459,-46.84959
2026/05/27 16:45:00,NOAA-20,Brasil,TOCANTINS,PIUM,Cerrado,28.0,0.0,0.59,5.9,-10.35088,-49.89706
2026/05/27 16:45:00,NOAA-20,Brasil,TOCANTINS,LIZARDA,Cerrado,32.0,0.0,0.64,2.4,-8.96489,-47.19198
2026/05/27 16:45:00,NOAA-20,Brasil,GOIÁS,NIQUELÂNDIA,Cerrado,4.0,0.0,0.85,4.8,-14.63759,-47.90001
2026/05/27 16:45:00,NOAA-20,Brasil,TOCANTINS,NOVO ACORDO,Cerrado,29.0,0.0,0.75,3.1,-10.0464,-47.314
2026/05/27 16:45:00,NOAA-20,Brasil,TOCANTINS,TOCANTÍNIA,Cerrado,16.0,0.0,0.73,3.8,-9.40489,-47.90708
2026/05/27 16:45:00,NOAA-20,Brasil,BAHIA,CAFARNAUM,Caatinga,4.0,0.0,1.0,3.6,-11.7291,-41.48154
2026/05/27 16:45:00,NOAA-20,Brasil,MATO GROSSO,JUARA,Amazônia,10.0,0.0,0.31,7.4,-11.8775,-57.82093
2026/05/27 16:45:00,NOAA-20,Brasil,MATO GROSSO,CLÁUDIA,Amazônia,11.0,0.0,0.28,9.4,-11.74568,-54.78523
2026/05/27 16:45:00,NOAA-20,Brasil,TOCANTINS,MATEIROS,Cerrado,4.0,0.0,0.89,18.5,-10.84249,-46.86733
2026/05/27 16:45:00,NOAA-20,Brasil,TOCANTINS,LIZARDA,Cerrado,16.0,0.0,0.9,3.3,-9.22426,-47.06555
2026/05/27 16:45:00,NOAA-20,Brasil,MATO GROSSO,NOVO SANTO ANTÔNIO,Cerrado,13.0,0.0,1.0,14.1,-12.32868,-51.07153
2026/05/27 16:45:00,NOAA-20,Brasil,TOCANTINS,FORMOSO DO ARAGUAIA,Cerrado,5.0,0.0,0.88,4.8,-11.59871,-49.82268
2026/05/27 16:45:00,NOAA-20,Brasil,GOIÁS,SÃO DOMINGOS,Cerrado,4.0,0.0,1.0,4.6,-13.60119,-46.54982
2026/05/27 16:45:00,NOAA-20,Brasil,TOCANTINS,DUERÉ,Cerrado,18.0,0.0,0.81,2.3,-11.18302,-49.70652
2026/05/27 16:45:00,NOAA-20,Brasil,TOCANTINS,SILVANÓPOLIS,Cerrado,4.0,0.0,0.51,2.8,-11.07422,-48.26449
2026/05/27 16:45:00,NOAA-20,Brasil,MATO GROSSO,LUCIARA,Cerrado,19.0,0.0,1.0,6.8,-10.98469,-51.21552
2026/05/27 16:45:00,NOAA-20,Brasil,MATO GROSSO,UNIÃO DO SUL,Amazônia,26.0,0.0,0.22,5.4,-11.27688,-53.96681
2026/05/27 16:45:00,NOAA-20,Brasil,TOCANTINS,MATEIROS,Cerrado,4.0,0.0,1.0,5.5,-10.94068,-46.77819
2026/05/27 16:45:00,NOAA-20,Brasil,MATO GROSSO,NOVO SANTO ANTÔNIO,Cerrado,14.0,0.0,0.72,5.2,-12.33115,-51.0622
2026/05/27 16:45:00,NOAA-20,Brasil,TOCANTINS,ALMAS,Cerrado,4.0,0.0,0.99,12.6,-11.16649,-46.81047
2026/05/27 16:45:00,NOAA-20,Brasil,MATO GROSSO,PARANATINGA,Amazônia,12.0,0.0,0.37,12.0,-12.7232,-54.19728
2026/05/27 16:45:00,NOAA-20,Brasil,MATO GROSSO,CLÁUDIA,Amazônia,11.0,0.0,0.28,18.2,-11.74233,-54.79537
2026/05/27 16:45:00,NOAA-20,Brasil,TOCANTINS,MATEIROS,Cerrado,4.0,0.0,0.89,12.0,-10.84361,-46.87447
2026/05/27 16:45:00,NOAA-20,Brasil,TOCANTINS,RIO SONO,Cerrado,29.0,0.0,1.0,22.9,-9.79583,-47.49207
2026/05/27 16:45:00,NOAA-20,Brasil,MARANHÃO,BALSAS,Cerrado,34.0,0.0,0.77,5.8,-9.05351,-46.88686
2026/05/27 16:45:00,NOAA-20,Brasil,TOCANTINS,PIUM,Cerrado,28.0,0.0,0.6,3.5,-10.35649,-49.91155
2026/05/27 16:45:00,NOAA-20,Brasil,TOCANTINS,MATEIROS,Cerrado,4.0,0.0,1.0,25.1,-10.94736,-46.77713
2026/05/27 16:45:00,NOAA-20,Brasil,BAHIA,SÃO DESIDÉRIO,Cerrado,4.0,0.0,0.75,8.0,-12.69955,-44.80385
2026/05/27 16:45:00,NOAA-20,Brasil,MATO GROSSO,SÃO FÉLIX DO ARAGUAIA,Amazônia,11.0,0.0,0.31,5.4,-11.3595,-52.95902
2026/05/27 16:45:00,NOAA-20,Brasil,MINAS GERAIS,BURITIS,Cerrado,11.0,0.1,1.0,3.0,-15.70089,-46.765
2026/05/27 16:45:00,NOAA-20,Brasil,TOCANTINS,LIZARDA,Cerrado,27.0,0.0,1.0,1.7,-9.51941,-46.9113
2026/05/27 16:45:00,NOAA-20,Brasil,TOCANTINS,MATEIROS,Cerrado,4.0,0.0,0.89,12.6,-10.84081,-46.8566
2026/05/27 16:45:00,NOAA-20,Brasil,TOCANTINS,MATEIROS,Cerrado,4.0,0.0,1.0,4.2,-10.93511,-46.78641
2026/05/27 16:45:00,NOAA-20,Brasil,TOCANTINS,NATIVIDADE,Cerrado,4.0,0.0,0.74,3.5,-11.61833,-47.66969
2026/05/27 16:45:00,NOAA-20,Brasil,BAHIA,BARREIRAS,Cerrado,3.0,0.0,0.76,10.3,-11.9968,-45.34883
2026/05/27 16:45:00,NOAA-20,Brasil,TOCANTINS,LAGOA DA CONFUSÃO,Cerrado,16.0,0.0,0.92,8.9,-10.75008,-49.90253
2026/05/27 16:45:00,NOAA-20,Brasil,BAHIA,COTEGIPE,Cerrado,4.0,0.0,0.89,10.5,-11.74662,-44.51188
2026/05/27 16:45:00,NOAA-20,Brasil,BAHIA,SÃO DESIDÉRIO,Cerrado,4.0,0.0,0.75,8.0,-12.69889,-44.79983
2026/05/27 16:45:00,NOAA-20,Brasil,TOCANTINS,MATEIROS,Cerrado,4.0,0.0,0.89,20.2,-10.84024,-46.85302
2026/05/27 16:45:00,NOAA-20,Brasil,MATO GROSSO,CHAPADA DOS GUIMARÃES,Cerrado,5.0,0.0,0.26,2.4,-15.47048,-55.80141
2026/05/27 16:45:00,NOAA-20,Brasil,BAHIA,BARREIRAS,Cerrado,2.0,0.0,0.75,10.4,-12.00087,-45.35212
2026/05/27 16:45:00,NOAA-20,Brasil,MATO GROSSO,NOVA UBIRATÃ,Amazônia,12.0,0.0,0.31,5.5,-12.2829,-54.08384
2026/05/27 16:45:00,NOAA-20,Brasil,TOCANTINS,MATEIROS,Cerrado,4.0,0.0,0.74,10.1,-10.77336,-46.90076
2026/05/27 16:45:00,NOAA-20,Brasil,BAHIA,JABORANDI,Cerrado,4.0,0.1,0.99,5.6,-14.15055,-45.27044
2026/05/27 16:45:00,NOAA-20,Brasil,TOCANTINS,MATEIROS,Cerrado,4.0,0.0,1.0,6.1,-10.9165,-46.79322
2026/05/27 16:45:00,NOAA-20,Brasil,TOCANTINS,FORMOSO DO ARAGUAIA,Cerrado,4.0,0.0,0.88,5.0,-11.98829,-49.66713
2026/05/27 16:45:00,NOAA-20,Brasil,TOCANTINS,NOVO ACORDO,Cerrado,29.0,0.0,0.95,7.6,-10.05525,-47.32711
2026/05/27 16:45:00,NOAA-20,Brasil,TOCANTINS,TOCANTÍNIA,Cerrado,13.0,0.0,0.69,3.4,-9.60291,-48.02518
2026/05/27 16:45:00,NOAA-20,Brasil,MATO GROSSO,TANGARÁ DA SERRA,Cerrado,10.0,0.0,0.81,5.7,-14.30591,-58.83265
2026/05/27 16:45:00,NOAA-20,Brasil,BAHIA,SÃO DESIDÉRIO,Cerrado,4.0,0.0,0.75,15.6,-12.69757,-44.79181
2026/05/27 16:45:00,NOAA-20,Brasil,TOCANTINS,LAJEADO,Cerrado,12.0,0.0,0.67,18.0,-9.817,-48.25116
2026/05/27 16:45:00,NOAA-20,Brasil,TOCANTINS,SANTA RITA DO TOCANTINS,Cerrado,17.0,0.0,0.8,11.1,-11.04467,-49.59715
2026/05/27 16:45:00,NOAA-20,Brasil,BAHIA,RIACHÃO DAS NEVES,Cerrado,3.0,0.0,0.9,11.8,-11.62052,-45.18997
2026/05/27 16:45:00,NOAA-20,Brasil,MATO GROSSO,PORTO DOS GAÚCHOS,Amazônia,9.0,0.0,0.31,7.4,-11.72392,-56.83577
2026/05/27 16:45:00,NOAA-20,Brasil,MATO GROSSO,VILA RICA,Amazônia,28.0,0.0,0.42,10.6,-10.05468,-51.68104
2026/05/27 16:45:00,NOAA-20,Brasil,MARANHÃO,BALSAS,Cerrado,34.0,0.0,0.77,2.1,-9.05968,-46.88216
2026/05/27 16:45:00,NOAA-20,Brasil,TOCANTINS,MIRACEMA DO TOCANTINS,Cerrado,23.0,0.0,0.78,7.4,-9.3841,-48.43849
2026/05/27 16:45:00,NOAA-20,Brasil,MATO GROSSO,SÃO FÉLIX DO ARAGUAIA,Cerrado,18.0,0.0,1.0,8.6,-11.96378,-50.91639
2026/05/27 16:45:00,NOAA-20,Brasil,DISTRITO FEDERAL,BRASÍLIA,Cerrado,6.0,0.0,1.0,1.6,-15.88494,-47.78963
2026/05/27 16:45:00,NOAA-20,Brasil,TOCANTINS,TOCANTÍNIA,Cerrado,9.0,0.0,0.81,6.1,-9.40765,-48.28156
2026/05/27 16:45:00,NOAA-20,Brasil,MATO GROSSO,PARANATINGA,Amazônia,10.0,0.3,0.36,8.9,-13.38122,-54.26737
2026/05/27 16:45:00,NOAA-20,Brasil,TOCANTINS,PIUM,Cerrado,28.0,0.0,0.61,80.8,-10.35992,-49.91103
2026/05/27 16:45:00,NOAA-20,Brasil,MATO GROSSO,CLÁUDIA,Amazônia,11.0,0.0,0.32,9.4,-11.73744,-54.80199
2026/05/27 16:45:00,NOAA-20,Brasil,MATO GROSSO,NOVA MARINGÁ,Amazônia,10.0,0.0,0.23,4.9,-12.3027,-57.40796
2026/05/27 16:45:00,NOAA-20,Brasil,MATO GROSSO,MARCELÂNDIA,Amazônia,12.0,0.0,0.22,6.2,-10.91229,-54.11691
2026/05/27 16:45:00,NOAA-20,Brasil,TOCANTINS,CONCEIÇÃO DO TOCANTINS,Cerrado,4.0,0.0,0.61,2.7,-11.96643,-47.37194
2026/05/27 16:45:00,NOAA-20,Brasil,TOCANTINS,CONCEIÇÃO DO TOCANTINS,Cerrado,4.0,0.0,0.62,13.2,-11.97082,-47.37844
2026/05/27 16:45:00,NOAA-20,Brasil,TOCANTINS,MATEIROS,Cerrado,4.0,0.0,0.83,6.3,-10.76835,-46.89059
2026/05/27 16:45:00,NOAA-20,Brasil,TOCANTINS,TOCANTÍNIA,Cerrado,13.0,0.0,0.66,3.6,-9.61461,-48.10183
2026/05/27 16:45:00,NOAA-20,Brasil,BAHIA,CASA NOVA,Caatinga,20.0,0.0,1.0,9.0,-9.15539,-40.97855
2026/05/27 16:45:00,NOAA-20,Brasil,MATO GROSSO,PARANATINGA,Amazônia,12.0,0.0,0.49,10.7,-12.72381,-54.20192
2026/05/27 16:45:00,NOAA-20,Brasil,TOCANTINS,PIUM,Cerrado,28.0,0.0,0.61,70.5,-10.36676,-49.91001
2026/05/27 16:45:00,NOAA-20,Brasil,BAHIA,BARREIRAS,Cerrado,3.0,0.0,0.76,10.4,-11.99741,-45.3527
2026/05/27 16:45:00,NOAA-20,Brasil,MATO GROSSO,MARCELÂNDIA,Amazônia,12.0,0.0,0.19,8.4,-11.15187,-54.30701
2026/05/27 16:45:00,NOAA-20,Brasil,MATO GROSSO,CLÁUDIA,Amazônia,11.0,0.0,0.28,6.8,-11.73373,-54.80147
2026/05/27 16:45:00,NOAA-20,Brasil,TOCANTINS,MATEIROS,Cerrado,4.0,0.0,0.89,6.5,-10.87142,-46.85541
2026/05/27 16:45:00,NOAA-20,Brasil,TOCANTINS,ITACAJÁ,Cerrado,21.0,0.0,0.68,3.3,-8.70317,-47.91309
2026/05/27 16:45:00,NOAA-20,Brasil,DISTRITO FEDERAL,BRASÍLIA,Cerrado,10.0,0.0,0.97,15.1,-15.69724,-47.98793
2026/05/27 16:45:00,NOAA-20,Brasil,TOCANTINS,MATEIROS,Cerrado,14.0,0.0,0.97,8.2,-10.64335,-46.89602
2026/05/27 16:45:00,NOAA-20,Brasil,TOCANTINS,MIRACEMA DO TOCANTINS,Cerrado,23.0,0.0,0.76,20.0,-9.38741,-48.43798
2026/05/27 16:45:00,NOAA-20,Brasil,BAHIA,BARREIRAS,Cerrado,2.0,0.0,0.74,21.3,-12.01278,-45.34586
2026/05/27 16:45:00,NOAA-20,Brasil,TOCANTINS,MATEIROS,Cerrado,4.0,0.0,1.0,6.8,-10.95068,-46.75455
2026/05/27 16:45:00,NOAA-20,Brasil,TOCANTINS,ITACAJÁ,Cerrado,16.0,0.0,0.71,5.6,-8.62583,-47.34873
2026/05/27 16:45:00,NOAA-20,Brasil,TOCANTINS,MATEIROS,Cerrado,4.0,0.0,0.89,12.6,-10.84415,-46.85608
2026/05/27 16:45:00,NOAA-20,Brasil,MATO GROSSO,NOVA MARINGÁ,Amazônia,11.0,0.1,0.26,16.6,-11.80925,-57.3536
2026/05/27 16:45:00,NOAA-20,Brasil,BAHIA,CAMAÇARI,Mata Atlântica,0.0,0.0,0.79,2.5,-12.49188,-38.2227
2026/05/27 16:45:00,NOAA-20,Brasil,PIAUÍ,ALVORADA DO GURGUÉIA,Caatinga,32.0,0.0,-999.0,7.4,-8.44551,-43.87214
2026/05/27 16:45:00,NOAA-20,Brasil,MATO GROSSO,NOVA UBIRATÃ,Amazônia,11.0,0.55,0.26,15.3,-12.54975,-54.58381
2026/05/27 16:45:00,NOAA-20,Brasil,PERNAMBUCO,ÁGUAS BELAS,Caatinga,10.0,0.0,1.0,4.2,-8.96302,-36.91119
2026/05/27 16:45:00,NOAA-20,Brasil,MATO GROSSO,UNIÃO DO SUL,Amazônia,28.0,0.0,0.23,7.9,-11.33454,-53.95611
2026/05/27 16:45:00,NOAA-20,Brasil,MATO GROSSO,NOVA UBIRATÃ,Amazônia,11.0,0.0,0.31,12.3,-12.27903,-54.08874
2026/05/27 16:45:00,NOAA-20,Brasil,TOCANTINS,MATEIROS,Cerrado,4.0,0.0,1.0,7.6,-10.92152,-46.78143
2026/05/27 16:45:00,NOAA-20,Brasil,MATO GROSSO,LUCIARA,Cerrado,15.0,0.0,0.82,4.4,-11.1211,-50.96374
2026/05/27 16:45:00,NOAA-20,Brasil,TOCANTINS,SANTA ROSA DO TOCANTINS,Cerrado,4.0,0.0,0.74,4.2,-11.30543,-48.24585
2026/05/27 16:45:00,NOAA-20,Brasil,DISTRITO FEDERAL,BRASÍLIA,Cerrado,10.0,0.0,0.98,15.1,-15.6967,-47.98426
2026/05/27 16:45:00,NOAA-20,Brasil,MATO GROSSO,PARANATINGA,Amazônia,10.0,0.3,0.36,14.7,-13.3806,-54.26255
2026/05/27 16:45:00,NOAA-20,Brasil,TOCANTINS,PIUM,Cerrado,26.0,0.0,0.63,3.3,-10.40475,-49.81259
2026/05/27 16:45:00,NOAA-20,Brasil,MARANHÃO,TASSO FRAGOSO,Cerrado,32.0,0.0,0.77,11.4,-8.61357,-46.00407
2026/05/27 16:45:00,NOAA-20,Brasil,MATO GROSSO,NOVA MARINGÁ,Amazônia,11.0,0.1,0.26,11.5,-11.80373,-57.35421
2026/05/27 16:45:00,NOAA-20,Brasil,MATO GROSSO,LUCIARA,Cerrado,20.0,0.0,1.0,8.5,-10.97436,-51.22141
2026/05/27 16:45:00,NOAA-20,Brasil,TOCANTINS,NOVO ACORDO,Cerrado,29.0,0.0,0.83,8.5,-10.0497,-47.3352
2026/05/27 16:45:00,NOAA-20,Brasil,MATO GROSSO,CANARANA,Amazônia,25.0,0.0,0.87,5.0,-13.34344,-52.93127
2026/05/27 16:45:00,NOAA-20,Brasil,MINAS GERAIS,JANUÁRIA,Cerrado,6.0,0.0,0.99,7.2,-14.97961,-45.4523
2026/05/27 16:45:00,NOAA-20,Brasil,TOCANTINS,MATEIROS,Cerrado,4.0,0.0,0.89,20.2,-10.83969,-46.84945
2026/05/27 16:45:00,NOAA-20,Brasil,TOCANTINS,LIZARDA,Cerrado,32.0,0.0,0.9,8.8,-9.14873,-46.86768
2026/05/27 16:45:00,NOAA-20,Brasil,TOCANTINS,SÃO SALVADOR DO TOCANTINS,Cerrado,4.0,0.0,0.7,13.7,-12.5113,-48.28115
2026/05/27 16:45:00,NOAA-20,Brasil,MATO GROSSO,PARANATINGA,Amazônia,10.0,0.3,0.36,8.8,-13.38123,-54.26462
2026/05/27 16:45:00,NOAA-20,Brasil,TOCANTINS,MATEIROS,Cerrado,4.0,0.0,0.89,12.6,-10.84137,-46.86018
2026/05/27 16:45:00,NOAA-20,Brasil,TOCANTINS,TOCANTÍNIA,Cerrado,13.0,0.0,0.69,3.9,-9.64144,-48.03347
2026/05/27 16:45:00,NOAA-20,Brasil,DISTRITO FEDERAL,BRASÍLIA,Cerrado,10.0,0.0,0.97,21.9,-15.69778,-47.9916
2026/05/27 16:45:00,NOAA-20,Brasil,MATO GROSSO,TABAPORÃ,Amazônia,9.0,0.0,0.26,6.2,-11.04082,-56.9226
2026/05/27 16:45:00,NOAA-20,Brasil,TOCANTINS,PIUM,Cerrado,28.0,0.0,0.6,4.1,-10.3491,-49.90882
2026/05/27 16:45:00,NOAA-20,Brasil,TOCANTINS,PIUM,Cerrado,26.0,0.0,0.76,3.3,-10.40078,-49.80937
2026/05/27 16:45:00,NOAA-20,Brasil,MATO GROSSO,CLÁUDIA,Amazônia,11.0,0.0,0.28,16.2,-11.74487,-54.7863
2026/05/27 16:45:00,NOAA-20,Brasil,BAHIA,ENTRE RIOS,Mata Atlântica,1.0,0.75,0.6,2.7,-12.08995,-38.10461
2026/05/27 16:45:00,NOAA-20,Brasil,MATO GROSSO,CLÁUDIA,Amazônia,11.0,0.0,0.62,10.0,-11.74365,-54.80522
2026/05/27 16:45:00,NOAA-20,Brasil,TOCANTINS,LAGOA DA CONFUSÃO,Cerrado,26.0,0.0,1.0,16.7,-10.74306,-49.75761
2026/05/27 16:45:00,NOAA-20,Brasil,TOCANTINS,MATEIROS,Cerrado,4.0,0.0,0.89,12.0,-10.84305,-46.8709
2026/05/27 16:45:00,NOAA-20,Brasil,DISTRITO FEDERAL,BRASÍLIA,Cerrado,10.0,0.0,0.98,15.1,-15.69335,-47.98478
2026/05/27 16:45:00,NOAA-20,Brasil,TOCANTINS,MATEIROS,Cerrado,4.0,0.0,0.89,12.6,-10.84471,-46.85966
2026/05/27 16:45:00,NOAA-20,Brasil,MATO GROSSO,CANARANA,Amazônia,24.0,0.0,0.89,5.0,-13.34293,-52.92733
2026/05/27 16:45:00,NOAA-20,Brasil,MARANHÃO,BALSAS,Cerrado,33.0,0.0,0.83,9.8,-9.13919,-46.87288
2026/05/27 16:45:00,NOAA-20,Brasil,TOCANTINS,MATEIROS,Cerrado,4.0,0.0,1.0,4.1,-10.94124,-46.78176
2026/05/27 16:45:00,NOAA-20,Brasil,GOIÁS,NERÓPOLIS,Cerrado,4.0,0.0,1.0,3.2,-16.43354,-49.22799
2026/05/27 16:45:00,NOAA-20,Brasil,MATO GROSSO,CLÁUDIA,Amazônia,11.0,0.0,0.64,19.1,-11.74269,-54.80635
2026/05/27 16:45:00,NOAA-20,Brasil,BAHIA,JABORANDI,Cerrado,4.0,0.1,0.99,3.5,-14.15175,-45.27798
2026/05/27 16:45:00,NOAA-20,Brasil,TOCANTINS,FORMOSO DO ARAGUAIA,Cerrado,4.0,0.0,1.0,24.4,-11.97649,-49.61058
2026/05/27 16:45:00,NOAA-20,Brasil,MATO GROSSO,TABAPORÃ,Amazônia,9.0,0.0,0.26,4.5,-11.04195,-56.92575
2026/05/27 16:45:00,NOAA-20,Brasil,MATO GROSSO,PORTO DOS GAÚCHOS,Amazônia,10.0,0.0,0.31,10.2,-11.78947,-57.01458
2026/05/27 16:45:00,NOAA-20,Brasil,MATO GROSSO,PORTO DOS GAÚCHOS,Amazônia,11.0,0.0,0.3,6.7,-11.94558,-57.04044
2026/05/27 16:45:00,NOAA-20,Brasil,MATO GROSSO,CLÁUDIA,Amazônia,11.0,0.0,0.33,7.6,-11.74608,-54.79589
2026/05/27 16:45:00,NOAA-20,Brasil,TOCANTINS,NOVO ACORDO,Cerrado,29.0,0.0,0.89,7.6,-10.05247,-47.33115
2026/05/27 16:45:00,NOAA-20,Brasil,MATO GROSSO,CAMPINÁPOLIS,Cerrado,6.0,0.0,0.85,6.7,-14.29931,-53.40976
2026/05/27 16:45:00,NOAA-20,Brasil,TOCANTINS,LIZARDA,Cerrado,35.0,0.0,0.97,7.4,-9.49139,-46.8419
2026/05/27 16:45:00,NOAA-20,Brasil,MARANHÃO,ALTO PARNAÍBA,Cerrado,5.0,0.0,0.96,4.8,-9.51383,-46.29205
2026/05/27 16:45:00,NOAA-20,Brasil,TOCANTINS,DIANÓPOLIS,Cerrado,4.0,0.0,1.0,3.6,-11.84674,-47.12386
2026/05/27 16:45:00,NOAA-20,Brasil,TOCANTINS,TOCANTÍNIA,Cerrado,8.0,0.0,0.81,4.3,-9.41042,-48.27756
2026/05/27 16:45:00,NOAA-20,Brasil,MATO GROSSO,CHAPADA DOS GUIMARÃES,Cerrado,5.0,0.0,0.67,43.0,-15.47157,-55.81084
2026/05/27 16:45:00,NOAA-20,Brasil,MINAS GERAIS,JANUÁRIA,Caatinga,47.0,0.0,0.83,1.5,-15.60202,-44.4435
2026/05/27 16:45:00,NOAA-20,Brasil,TOCANTINS,MATEIROS,Cerrado,4.0,0.0,0.73,10.1,-10.7728,-46.89719
2026/05/27 16:45:00,NOAA-20,Brasil,TOCANTINS,MATEIROS,Cerrado,4.0,0.0,0.94,1.9,-10.75774,-46.82264
2026/05/27 16:45:00,NOAA-20,Brasil,MATO GROSSO,VILA RICA,Amazônia,28.0,0.0,0.36,9.6,-10.05837,-51.68053
2026/05/27 16:45:00,NOAA-20,Brasil,TOCANTINS,LIZARDA,Cerrado,17.0,0.0,1.0,2.7,-9.54054,-47.06961
2026/05/27 16:45:00,NOAA-20,Brasil,BAHIA,LAPÃO,Caatinga,22.0,0.0,1.0,2.7,-11.41239,-41.70764
2026/05/27 16:45:00,NOAA-20,Brasil,TOCANTINS,LAGOA DA CONFUSÃO,Cerrado,27.0,0.0,1.0,4.0,-10.74251,-49.75387
2026/05/27 16:45:00,NOAA-20,Brasil,TOCANTINS,RIO SONO,Cerrado,29.0,0.0,0.81,6.6,-9.54239,-47.32409
2026/05/27 16:45:00,NOAA-20,Brasil,MATO GROSSO,TABAPORÃ,Amazônia,9.0,0.0,0.38,12.8,-11.51845,-56.1237
2026/05/27 16:45:00,NOAA-20,Brasil,MATO GROSSO,ÁGUA BOA,Cerrado,11.0,0.0,0.9,14.6,-13.69417,-52.59977
2026/05/27 16:45:00,NOAA-20,Brasil,MATO GROSSO,CHAPADA DOS GUIMARÃES,Cerrado,5.0,0.0,0.58,43.0,-15.47719,-55.81364
2026/05/27 16:45:00,NOAA-20,Brasil,MATO GROSSO,CLÁUDIA,Amazônia,11.0,0.0,0.28,6.8,-11.72911,-54.80212
2026/05/27 16:45:00,NOAA-20,Brasil,BAHIA,IBIPEBA,Caatinga,4.0,0.0,1.0,9.1,-11.52567,-42.20476
2026/05/27 16:45:00,NOAA-20,Brasil,TOCANTINS,MATEIROS,Cerrado,4.0,0.0,1.0,26.5,-10.95015,-46.77303
2026/05/27 16:45:00,NOAA-20,Brasil,PERNAMBUCO,PETROLINA,Caatinga,24.0,0.0,1.0,3.7,-9.35828,-40.67403
2026/05/27 16:45:00,NOAA-20,Brasil,MATO GROSSO,CANARANA,Cerrado,4.0,0.0,0.83,5.6,-13.77525,-51.90183
2026/05/27 16:45:00,NOAA-20,Brasil,BAHIA,PLANALTINO,Caatinga,3.0,0.0,0.92,5.9,-13.22845,-40.43843
2026/05/27 16:45:00,NOAA-20,Brasil,TOCANTINS,MATEIROS,Cerrado,15.0,0.0,0.97,7.2,-10.62555,-46.91347
2026/05/27 16:45:00,NOAA-20,Brasil,MINAS GERAIS,BONITO DE MINAS,Cerrado,46.0,0.0,1.0,4.2,-15.35344,-44.83426
2026/05/27 16:45:00,NOAA-20,Brasil,BAHIA,BARREIRAS,Cerrado,2.0,0.0,0.75,11.0,-12.00869,-45.34256
2026/05/27 16:45:00,NOAA-20,Brasil,GOIÁS,NIQUELÂNDIA,Cerrado,3.0,3.29,0.54,1.4,-14.54597,-48.33917
2026/05/27 16:45:00,NOAA-20,Brasil,TOCANTINS,MATEIROS,Cerrado,15.0,0.0,0.97,5.3,-10.63723,-46.90064
2026/05/27 16:45:00,NOAA-20,Brasil,TOCANTINS,SÃO SALVADOR DO TOCANTINS,Cerrado,4.0,0.0,0.7,13.7,-12.5141,-48.27707
2026/05/27 16:45:00,NOAA-20,Brasil,TOCANTINS,MIRACEMA DO TOCANTINS,Cerrado,22.0,0.0,0.76,9.2,-9.39019,-48.43398
2026/05/27 16:45:00,NOAA-20,Brasil,TOCANTINS,TAGUATINGA,Cerrado,4.0,0.0,0.55,8.0,-12.46237,-46.51921
2026/05/27 16:45:00,NOAA-20,Brasil,TOCANTINS,TOCANTÍNIA,Cerrado,15.0,0.0,0.81,4.2,-9.39496,-47.90862
2026/05/27 16:45:00,NOAA-20,Brasil,MATO GROSSO,MARCELÂNDIA,Amazônia,12.0,0.0,0.22,6.2,-10.91285,-54.12121
2026/05/27 16:45:00,NOAA-20,Brasil,TOCANTINS,FORMOSO DO ARAGUAIA,Cerrado,4.0,0.0,1.0,6.4,-11.97593,-49.6068
2026/05/27 16:45:00,NOAA-20,Brasil,MATO GROSSO,PARANATINGA,Amazônia,12.0,0.0,0.37,12.0,-12.72769,-54.19662
2026/05/27 16:45:00,NOAA-20,Brasil,TOCANTINS,CONCEIÇÃO DO TOCANTINS,Cerrado,4.0,0.0,0.62,5.9,-11.97467,-47.38144
2026/05/27 16:45:00,NOAA-20,Brasil,TOCANTINS,PIUM,Cerrado,25.0,0.0,0.63,3.3,-10.40419,-49.80886
2026/05/27 16:45:00,NOAA-20,Brasil,TOCANTINS,TALISMÃ,Cerrado,4.0,0.0,1.0,5.4,-12.76566,-49.31773
2026/05/27 16:45:00,NOAA-20,Brasil,TOCANTINS,LIZARDA,Cerrado,34.0,0.0,1.0,3.0,-9.4942,-46.83776
2026/05/27 16:45:00,NOAA-20,Brasil,TOCANTINS,MATEIROS,Cerrado,4.0,0.0,0.97,5.2,-10.84132,-46.81619
2026/05/27 16:45:00,NOAA-20,Brasil,MARANHÃO,ALTO PARNAÍBA,Cerrado,5.0,0.0,0.88,4.8,-9.51783,-46.29527
2026/05/27 16:45:00,NOAA-20,Brasil,MATO GROSSO,PORTO DOS GAÚCHOS,Amazônia,9.0,0.0,0.27,5.7,-11.54927,-56.93019
2026/05/27 16:45:00,NOAA-20,Brasil,TOCANTINS,FORMOSO DO ARAGUAIA,Cerrado,4.0,0.0,0.99,14.0,-11.98541,-49.67146
2026/05/27 16:45:00,NOAA-20,Brasil,TOCANTINS,LAGOA DA CONFUSÃO,Cerrado,16.0,0.0,0.68,4.1,-10.74267,-49.89977
2026/05/27 16:45:00,NOAA-20,Brasil,BAHIA,SANTA RITA DE CÁSSIA,Cerrado,4.0,0.0,0.89,11.1,-10.97516,-44.60537
2026/05/27 16:45:00,NOAA-20,Brasil,MATO GROSSO,PORTO DOS GAÚCHOS,Amazônia,10.0,0.0,0.31,6.4,-11.78861,-57.00767
2026/05/27 16:45:00,NOAA-20,Brasil,MATO GROSSO,NOVA UBIRATÃ,Amazônia,12.0,0.0,0.31,5.5,-12.27845,-54.08438
2026/05/27 16:45:00,NOAA-20,Brasil,TOCANTINS,RIO SONO,Cerrado,29.0,0.0,0.78,3.7,-9.69231,-47.39329
2026/05/27 16:45:00,NOAA-20,Brasil,MATO GROSSO,ÁGUA BOA,Cerrado,10.0,0.0,0.9,10.3,-13.69368,-52.59606
2026/05/27 16:45:00,NOAA-20,Brasil,MATO GROSSO,TABAPORÃ,Amazônia,9.0,0.0,0.26,6.5,-11.03623,-56.92315
2026/05/27 16:45:00,NOAA-20,Brasil,MINAS GERAIS,SÃO FRANCISCO,Cerrado,29.0,0.0,1.0,5.2,-15.72697,-45.12843
2026/05/27 16:45:00,NOAA-20,Brasil,TOCANTINS,TOCANTÍNIA,Cerrado,6.0,0.0,0.85,1.3,-9.33297,-48.23605
2026/05/27 16:45:00,NOAA-20,Brasil,TOCANTINS,MATEIROS,Cerrado,4.0,0.0,1.0,9.3,-10.93343,-46.77568
2026/05/27 16:45:00,NOAA-20,Brasil,MARANHÃO,ALTO PARNAÍBA,Cerrado,4.0,0.0,0.93,30.5,-9.91045,-46.25095
2026/05/27 16:45:00,NOAA-20,Brasil,GOIÁS,MUTUNÓPOLIS,Cerrado,4.0,0.0,0.86,15.3,-13.74022,-49.31464
2026/05/27 16:45:00,NOAA-20,Brasil,MATO GROSSO,CLÁUDIA,Amazônia,11.0,0.0,0.28,3.0,-11.7495,-54.78572
2026/05/27 16:45:00,NOAA-20,Brasil,MATO GROSSO,MARCELÂNDIA,Amazônia,12.0,0.0,0.22,6.2,-10.91721,-54.12062
2026/05/27 16:45:00,NOAA-20,Brasil,MATO GROSSO,PORTO DOS GAÚCHOS,Amazônia,9.0,0.0,0.31,6.3,-11.72432,-56.83911
2026/05/27 16:45:00,NOAA-20,Brasil,MATO GROSSO,NOVO SANTO ANTÔNIO,Cerrado,15.0,0.0,0.72,5.2,-12.33054,-51.05781
2026/05/27 16:45:00,NOAA-20,Brasil,MATO GROSSO,PORTO DOS GAÚCHOS,Amazônia,10.0,0.0,0.31,10.2,-11.79441,-57.01033
2026/05/27 16:45:00,NOAA-20,Brasil,PERNAMBUCO,PETROLINA,Caatinga,24.0,0.0,1.0,3.7,-9.35829,-40.67722
2026/05/27 16:45:00,NOAA-20,Brasil,TOCANTINS,DUERÉ,Cerrado,18.0,0.0,0.81,2.3,-11.18644,-49.70601
2026/05/27 16:45:00,NOAA-20,Brasil,TOCANTINS,LAGOA DA CONFUSÃO,Cerrado,27.0,0.0,0.78,8.8,-10.66457,-49.70059
2026/05/27 16:45:00,NOAA-20,Brasil,MATO GROSSO,SANTA TEREZINHA,Amazônia,19.0,0.0,0.35,10.1,-10.71248,-51.3219
2026/05/27 16:45:00,NOAA-20,Brasil,MATO GROSSO,ALTO GARÇAS,Cerrado,4.0,0.0,0.91,39.4,-16.80863,-53.60716
2026/05/27 16:45:00,NOAA-20,Brasil,TOCANTINS,MARIANÓPOLIS DO TOCANTINS,Cerrado,27.0,0.0,0.51,3.9,-9.85929,-49.9556
2026/05/27 16:45:00,NOAA-20,Brasil,MATO GROSSO,CANARANA,Amazônia,25.0,0.0,0.94,5.0,-13.33927,-52.93187
2026/05/27 16:45:00,NOAA-20,Brasil,TOCANTINS,MATEIROS,Cerrado,4.0,0.0,0.82,6.3,-10.76891,-46.89417
2026/05/27 16:45:00,NOAA-20,Brasil,MATO GROSSO,CLÁUDIA,Amazônia,11.0,0.0,0.45,10.0,-11.73901,-54.80576
2026/05/27 16:45:00,NOAA-20,Brasil,TOCANTINS,FORMOSO DO ARAGUAIA,Cerrado,5.0,0.0,0.88,4.1,-11.60145,-49.82206
2026/05/27 16:45:00,NOAA-20,Brasil,TOCANTINS,PALMAS,Cerrado,8.0,0.0,0.45,3.9,-10.25739,-48.20235
2026/05/27 16:45:00,NOAA-20,Brasil,MATO GROSSO,LUCIARA,Cerrado,19.0,0.0,1.0,6.8,-10.98104,-51.21605
2026/05/27 16:45:00,NOAA-20,Brasil,TOCANTINS,MATEIROS,Cerrado,4.0,0.0,1.0,4.1,-10.9418,-46.78534
2026/05/27 16:45:00,NOAA-20,Brasil,TOCANTINS,FORMOSO DO ARAGUAIA,Cerrado,4.0,0.0,0.66,3.7,-11.95219,-49.30386
2026/05/27 16:45:00,NOAA-20,Brasil,TOCANTINS,MATEIROS,Cerrado,4.0,0.0,1.0,11.9,-10.94958,-46.76945
2026/05/27 16:45:00,NOAA-20,Brasil,TOCANTINS,TAGUATINGA,Cerrado,4.0,0.0,0.66,18.7,-12.46293,-46.52279
2026/05/27 16:45:00,NOAA-20,Brasil,MATO GROSSO,PARANATINGA,Cerrado,9.0,0.1,0.87,10.9,-14.10301,-54.07643
2026/05/27 16:45:00,NOAA-20,Brasil,TOCANTINS,TOCANTÍNIA,Cerrado,9.0,0.0,0.84,6.0,-9.34768,-48.26586
2026/05/27 16:45:00,NOAA-20,Brasil,TOCANTINS,TOCANTÍNIA,Cerrado,7.0,0.0,0.84,6.2,-9.36369,-48.25983
2026/05/27 16:45:00,NOAA-20,Brasil,GOIÁS,ALTO PARAÍSO DE GOIÁS,Cerrado,4.0,0.0,0.95,8.1,-14.12976,-47.7466
2026/05/27 16:45:00,NOAA-20,Brasil,GOIÁS,MONTE ALEGRE DE GOIÁS,Cerrado,4.0,0.1,0.93,5.2,-13.25853,-47.0574
2026/05/27 16:45:00,NOAA-20,Brasil,MATO GROSSO,NOVA MARINGÁ,Amazônia,11.0,0.1,0.26,18.2,-11.80882,-57.35008
2026/05/27 16:45:00,NOAA-20,Brasil,MATO GROSSO,LUCIARA,Cerrado,15.0,0.0,0.9,7.1,-11.1247,-50.96321
2026/05/27 16:45:00,NOAA-20,Brasil,MATO GROSSO,CLÁUDIA,Amazônia,11.0,0.0,0.28,7.6,-11.74547,-54.79107
2026/05/27 16:45:00,NOAA-20,Brasil,TOCANTINS,NOVO ACORDO,Cerrado,29.0,0.0,0.8,4.8,-10.0486,-47.32813
2026/05/27 16:45:00,NOAA-20,Brasil,MATO GROSSO,TABAPORÃ,Amazônia,9.0,0.0,0.26,6.2,-11.04121,-56.92583
2026/05/27 16:45:00,NOAA-20,Brasil,GOIÁS,ALTO PARAÍSO DE GOIÁS,Cerrado,4.0,0.0,0.87,4.7,-14.13255,-47.74251
2026/05/27 16:45:00,NOAA-20,Brasil,MATO GROSSO,PORTO DOS GAÚCHOS,Amazônia,9.0,0.0,0.61,5.2,-11.72841,-56.82845
2026/05/27 16:45:00,NOAA-20,Brasil,TOCANTINS,LIZARDA,Cerrado,16.0,0.0,0.92,3.3,-9.22761,-47.06503
2026/05/27 16:45:00,NOAA-20,Brasil,TOCANTINS,RIO SONO,Cerrado,29.0,0.0,0.78,3.8,-9.69177,-47.38976
2026/05/27 16:45:00,NOAA-20,Brasil,TOCANTINS,SÃO FÉLIX DO TOCANTINS,Cerrado,33.0,0.0,0.93,3.7,-10.17563,-46.87389
2026/05/27 16:45:00,NOAA-20,Brasil,TOCANTINS,PONTE ALTA DO TOCANTINS,Cerrado,4.0,0.0,0.64,10.7,-10.94537,-47.41978
2026/05/27 16:45:00,NOAA-20,Brasil,TOCANTINS,NOVO JARDIM,Cerrado,4.0,0.0,0.69,5.7,-11.78489,-46.74527
2026/05/27 16:45:00,NOAA-20,Brasil,TOCANTINS,FORTALEZA DO TABOCÃO,Cerrado,29.0,0.0,0.54,4.6,-9.19106,-48.61958
2026/05/27 16:45:00,NOAA-20,Brasil,TOCANTINS,MATEIROS,Cerrado,14.0,0.0,0.91,5.8,-10.30781,-46.57092
2026/05/27 16:45:00,NOAA-20,Brasil,GOIÁS,NIQUELÂNDIA,Cerrado,3.0,3.26,0.71,2.4,-14.54543,-48.33551
2026/05/27 16:45:00,NOAA-20,Brasil,TOCANTINS,FORMOSO DO ARAGUAIA,Cerrado,4.0,0.0,0.66,8.9,-11.94879,-49.30437
2026/05/27 16:45:00,NOAA-20,Brasil,TOCANTINS,ITACAJÁ,Cerrado,22.0,0.0,0.74,6.1,-8.7137,-47.91468
2026/05/27 16:45:00,NOAA-20,Brasil,TOCANTINS,CONCEIÇÃO DO TOCANTINS,Cerrado,4.0,0.0,0.62,13.2,-11.97028,-47.37493
2026/05/27 16:45:00,NOAA-20,Brasil,MATO GROSSO,PORTO DOS GAÚCHOS,Amazônia,10.0,0.0,0.31,6.4,-11.79398,-57.00692
2026/05/27 16:45:00,NOAA-20,Brasil,TOCANTINS,MATEIROS,Cerrado,4.0,0.0,0.95,3.4,-10.84913,-46.82232
2026/05/27 16:45:00,NOAA-20,Brasil,GOIÁS,SÃO JOÃO D'ALIANÇA,Cerrado,4.0,0.1,0.97,2.2,-14.78972,-47.62533
2026/05/27 16:45:00,NOAA-20,Brasil,MATO GROSSO,CAMPINÁPOLIS,Cerrado,9.0,0.0,0.95,2.2,-14.22801,-53.26401
2026/05/27 16:45:00,NOAA-20,Brasil,MATO GROSSO,CLÁUDIA,Amazônia,11.0,0.0,0.31,10.0,-11.73836,-54.80085
2026/05/27 16:45:00,NOAA-20,Brasil,PARÁ,SANTANA DO ARAGUAIA,Amazônia,17.0,0.0,1.0,5.1,-9.57487,-51.04304
2026/05/27 16:45:00,NOAA-20,Brasil,TOCANTINS,LIZARDA,Cerrado,35.0,0.0,1.0,4.4,-9.48747,-46.83884
2026/05/27 16:45:00,NOAA-20,Brasil,TOCANTINS,MATEIROS,Cerrado,4.0,0.0,1.0,11.9,-10.95237,-46.76533
2026/05/27 16:45:00,NOAA-20,Brasil,MATO GROSSO,LUCIARA,Cerrado,14.0,0.0,0.96,7.7,-11.1289,-50.96688
2026/05/27 16:45:00,NOAA-20,Brasil,TOCANTINS,NOVO ACORDO,Cerrado,29.0,0.0,0.76,3.1,-10.04695,-47.31753
2026/05/27 16:45:00,NOAA-20,Brasil,TOCANTINS,ARAGUACEMA,Cerrado,11.0,0.0,0.85,4.2,-8.86993,-49.32445
2026/05/27 16:45:00,NOAA-20,Brasil,TOCANTINS,MATEIROS,Cerrado,4.0,0.0,0.88,25.4,-10.79673,-46.87511
2026/05/27 16:45:00,NOAA-20,Brasil,MARANHÃO,BALSAS,Cerrado,31.0,0.0,0.76,3.5,-8.8813,-46.92222
2026/05/27 16:45:00,NOAA-20,Brasil,MATO GROSSO,UNIÃO DO SUL,Amazônia,11.0,0.0,0.27,5.7,-11.73438,-54.23965
2026/05/27 16:45:00,NOAA-20,Brasil,BAHIA,JABORANDI,Cerrado,4.0,0.1,0.99,3.5,-14.15456,-45.27365
2026/05/27 16:45:00,NOAA-20,Brasil,MARANHÃO,BALSAS,Cerrado,32.0,0.0,0.81,9.8,-9.14199,-46.86874
2026/05/27 16:45:00,NOAA-20,Brasil,MARANHÃO,BALSAS,Cerrado,31.0,0.0,0.76,5.0,-8.87703,-46.92709
2026/05/27 16:45:00,NOAA-20,Brasil,TOCANTINS,LAGOA DA CONFUSÃO,Cerrado,27.0,0.0,0.91,18.4,-10.67083,-49.69585
2026/05/27 16:45:00,NOAA-20,Brasil,MATO GROSSO,SANTA TEREZINHA,Amazônia,19.0,0.0,0.35,2.4,-10.71614,-51.32138
2026/05/27 16:45:00,NOAA-20,Brasil,MATO GROSSO,MARCELÂNDIA,Amazônia,12.0,0.0,0.22,3.2,-10.91778,-54.12493
2026/05/27 16:45:00,NOAA-20,Brasil,TOCANTINS,MATEIROS,Cerrado,4.0,0.0,0.76,6.3,-10.84194,-46.88565
2026/05/27 16:45:00,NOAA-20,Brasil,GOIÁS,MUTUNÓPOLIS,Cerrado,4.0,0.0,0.95,4.5,-13.73677,-49.31513
2026/05/27 16:45:00,NOAA-20,Brasil,BAHIA,BARREIRAS,Cerrado,2.0,0.0,0.75,11.0,-12.00523,-45.34314
2026/05/27 16:45:00,NOAA-20,Brasil,MARANHÃO,BALSAS,Cerrado,32.0,0.0,0.86,8.8,-9.14593,-46.87183
2026/05/27 16:45:00,NOAA-20,Brasil,TOCANTINS,CONCEIÇÃO DO TOCANTINS,Cerrado,4.0,0.0,0.62,21.1,-11.97413,-47.37792
2026/05/27 16:45:00,NOAA-20,Brasil,MATO GROSSO,TABAPORÃ,Amazônia,9.0,0.0,0.38,9.7,-11.51809,-56.12078
2026/05/27 16:45:00,NOAA-20,Brasil,MATO GROSSO,LUCIARA,Cerrado,16.0,0.0,0.63,9.8,-11.11808,-50.96846
2026/05/27 16:45:00,NOAA-20,Brasil,TOCANTINS,MATEIROS,Cerrado,4.0,0.0,1.0,11.1,-10.94792,-46.7807
2026/05/27 16:45:00,NOAA-20,Brasil,MATO GROSSO,PARANATINGA,Cerrado,5.0,0.1,0.64,2.6,-14.29743,-54.6825
2026/05/27 16:45:00,NOAA-20,Brasil,GOIÁS,ALTO PARAÍSO DE GOIÁS,Cerrado,6.0,0.0,0.96,12.3,-14.07326,-47.55144
2026/05/27 16:45:00,NOAA-20,Brasil,MATO GROSSO,VÁRZEA GRANDE,Cerrado,7.0,0.0,0.77,2.3,-15.42246,-56.31111
2026/05/27 16:45:00,NOAA-20,Brasil,BAHIA,FORMOSA DO RIO PRETO,Cerrado,37.0,0.0,0.93,3.2,-10.56075,-45.69117
2026/05/27 16:45:00,NOAA-20,Brasil,MATO GROSSO,CLÁUDIA,Amazônia,11.0,0.0,0.28,19.5,-11.74632,-54.78999
2026/05/27 16:45:00,NOAA-20,Brasil,TOCANTINS,RIO SONO,Cerrado,29.0,0.0,0.87,47.1,-9.39854,-47.36147
2026/05/27 16:45:00,NOAA-20,Brasil,MATO GROSSO,LAMBARI D'OESTE,Amazônia,5.0,0.0,0.82,5.1,-15.38794,-57.58619
2026/05/27 16:45:00,NOAA-20,Brasil,TOCANTINS,LIZARDA,Cerrado,27.0,0.0,0.91,5.6,-9.06476,-47.17912
2026/05/27 16:45:00,NOAA-20,Brasil,TOCANTINS,ITACAJÁ,Cerrado,16.0,0.0,0.69,2.2,-8.62528,-47.34517
2026/05/27 16:45:00,NOAA-20,Brasil,BAHIA,BARREIRAS,Cerrado,2.0,0.0,0.75,11.0,-12.00932,-45.34643
2026/05/27 16:45:00,NOAA-20,Brasil,TOCANTINS,DOIS IRMÃOS DO TOCANTINS,Cerrado,13.0,0.0,0.53,4.8,-9.1273,-49.16491
2026/05/27 16:45:00,NOAA-20,Brasil,BAHIA,FORMOSA DO RIO PRETO,Cerrado,4.0,0.0,1.0,12.1,-11.20657,-46.39731
2026/05/27 16:45:00,NOAA-20,Brasil,TOCANTINS,MATEIROS,Cerrado,15.0,0.0,0.97,3.8,-10.62832,-46.90936
2026/05/27 16:45:00,NOAA-20,Brasil,TOCANTINS,LIZARDA,Cerrado,16.0,0.0,1.0,4.5,-9.67601,-47.05047
2026/05/27 16:45:00,NOAA-20,Brasil,MATO GROSSO,MARCELÂNDIA,Amazônia,22.0,0.0,0.29,6.1,-10.85163,-53.75006
2026/05/27 16:45:00,NOAA-20,Brasil,TOCANTINS,ALMAS,Cerrado,4.0,0.0,0.94,18.6,-11.17095,-46.8171
2026/05/27 16:45:00,NOAA-20,Brasil,PERNAMBUCO,PETROLINA,Caatinga,24.0,0.0,1.0,7.5,-9.44431,-40.69041
2026/05/27 16:45:00,NOAA-20,Brasil,TOCANTINS,RIO SONO,Cerrado,29.0,0.0,0.99,5.6,-9.79861,-47.48804
2026/05/27 16:45:00,NOAA-20,Brasil,GOIÁS,MIMOSO DE GOIÁS,Cerrado,6.0,0.0,0.99,3.1,-15.00606,-48.30877
2026/05/27 16:45:00,NOAA-20,Brasil,TOCANTINS,MATEIROS,Cerrado,4.0,0.0,0.91,14.7,-10.78504,-46.88792
2026/05/27 16:45:00,NOAA-20,Brasil,MATO GROSSO,TABAPORÃ,Amazônia,9.0,0.0,0.4,5.8,-11.51304,-56.12142
2026/05/27 16:45:00,NOAA-20,Brasil,TOCANTINS,LIZARDA,Cerrado,35.0,0.0,0.83,3.8,-9.44767,-46.84887
2026/05/27 16:45:00,NOAA-20,Brasil,BAHIA,JABORANDI,Cerrado,4.0,0.1,0.99,3.5,-14.15516,-45.27742
2026/05/27 16:45:00,NOAA-20,Brasil,TOCANTINS,ARRAIAS,Cerrado,4.0,0.0,0.92,2.3,-13.15218,-47.40498
2026/05/27 16:45:00,NOAA-20,Brasil,MARANHÃO,BALSAS,Cerrado,32.0,0.0,0.96,4.2,-9.1431,-46.85376
2026/05/27 16:45:00,NOAA-20,Brasil,TOCANTINS,NOVO ACORDO,Cerrado,29.0,0.0,0.88,7.6,-10.05193,-47.32762
2026/05/27 16:45:00,NOAA-20,Brasil,TOCANTINS,MATEIROS,Cerrado,4.0,0.0,0.8,124.9,-10.77392,-46.90433
2026/05/27 16:45:00,NOAA-20,Brasil,MATO GROSSO,PORTO DOS GAÚCHOS,Amazônia,9.0,0.0,0.27,5.7,-11.54969,-56.93358
2026/05/27 16:45:00,NOAA-20,Brasil,MATO GROSSO,ITAÚBA,Amazônia,9.0,0.0,0.47,3.8,-11.07565,-55.05321
2026/05/27 16:45:00,NOAA-20,Brasil,MATO GROSSO,CAMPINÁPOLIS,Cerrado,9.0,0.0,0.95,5.5,-14.23001,-53.2622
2026/05/27 16:45:00,NOAA-20,Brasil,TOCANTINS,MATEIROS,Cerrado,4.0,0.0,0.94,1.9,-10.75439,-46.82316
2026/05/27 16:45:00,NOAA-20,Brasil,MATO GROSSO,LUCIARA,Cerrado,14.0,0.0,0.96,7.7,-11.12949,-50.97109
2026/05/27 16:45:00,NOAA-20,Brasil,MATO GROSSO,LUCIARA,Cerrado,14.0,0.0,0.84,6.5,-11.13008,-50.97529
2026/05/27 16:45:00,NOAA-20,Brasil,MARANHÃO,BALSAS,Cerrado,32.0,0.0,0.84,8.8,-9.14536,-46.86823
2026/05/27 16:45:00,NOAA-20,Brasil,TOCANTINS,ITACAJÁ,Cerrado,13.0,0.0,0.66,4.7,-8.52608,-47.6659
2026/05/27 16:45:00,NOAA-20,Brasil,MATO GROSSO,LUCIARA,Cerrado,15.0,0.0,0.81,9.8,-11.12169,-50.96793
2026/05/27 16:45:00,NOAA-20,Brasil,MATO GROSSO,ITANHANGÁ,Amazônia,11.0,0.0,0.32,3.1,-12.18327,-56.4481
2026/05/27 16:45:00,NOAA-20,Brasil,BAHIA,JABORANDI,Cerrado,4.0,0.1,0.99,3.5,-14.15115,-45.27421
2026/05/27 16:45:00,NOAA-20,Brasil,GOIÁS,SÃO DOMINGOS,Cerrado,4.0,0.0,1.0,5.6,-13.59842,-46.55392
2026/05/27 16:45:00,NOAA-20,Brasil,MATO GROSSO,LAMBARI D'OESTE,Amazônia,5.0,0.0,0.7,5.7,-15.38715,-57.58423
2026/05/27 16:45:00,NOAA-20,Brasil,MATO GROSSO,ALTO GARÇAS,Cerrado,5.0,0.0,0.94,39.4,-16.80405,-53.6078
2026/05/27 16:45:00,NOAA-20,Brasil,TOCANTINS,MIRACEMA DO TOCANTINS,Cerrado,22.0,0.0,0.76,20.0,-9.39072,-48.43747
2026/05/27 16:45:00,NOAA-20,Brasil,GOIÁS,ITAPURANGA,Cerrado,4.0,0.0,1.0,4.3,-15.49379,-50.05944
2026/05/27 16:45:00,NOAA-20,Brasil,MATO GROSSO,NOVO SANTO ANTÔNIO,Cerrado,13.0,0.0,1.0,14.1,-12.33236,-51.071
2026/05/27 16:45:00,NOAA-20,Brasil,TOCANTINS,MATEIROS,Cerrado,15.0,0.0,0.97,5.3,-10.64057,-46.90011
2026/05/27 16:45:00,NOAA-20,Brasil,TOCANTINS,MATEIROS,Cerrado,15.0,0.0,0.97,13.0,-10.63444,-46.90473
2026/05/27 16:45:00,NOAA-20,Brasil,TOCANTINS,LIZARDA,Cerrado,32.0,0.0,0.94,6.2,-9.14816,-46.86408
2026/05/27 16:45:00,NOAA-20,Brasil,MATO GROSSO,CLÁUDIA,Amazônia,11.0,0.0,0.28,6.0,-11.73683,-54.79708
2026/05/27 16:45:00,NOAA-20,Brasil,MATO GROSSO,ALTO GARÇAS,Cerrado,5.0,0.0,1.0,52.7,-16.8092,-53.61189
2026/05/27 16:45:00,NOAA-20,Brasil,TOCANTINS,LAGOA DA CONFUSÃO,Cerrado,26.0,0.0,1.0,16.7,-10.74647,-49.7571
2026/05/27 16:45:00,NOAA-20,Brasil,MATO GROSSO,CHAPADA DOS GUIMARÃES,Cerrado,5.0,0.0,0.72,41.9,-15.47647,-55.80745
2026/05/27 16:45:00,NOAA-20,Brasil,GOIÁS,SANTA TEREZINHA DE GOIÁS,Cerrado,4.0,0.0,0.92,1.8,-14.37817,-49.691
2026/05/27 16:45:00,NOAA-20,Brasil,TOCANTINS,LIZARDA,Cerrado,35.0,0.0,0.9,5.4,-9.44711,-46.84526
2026/05/27 16:45:00,NOAA-20,Brasil,TOCANTINS,MONTE SANTO DO TOCANTINS,Cerrado,27.0,0.0,1.0,2.7,-9.96753,-48.95638
2026/05/27 16:45:00,NOAA-20,Brasil,TOCANTINS,MATEIROS,Cerrado,5.0,0.0,0.92,2.8,-10.7146,-46.87007
2026/05/27 16:45:00,NOAA-20,Brasil,TOCANTINS,PORTO ALEGRE DO TOCANTINS,Cerrado,4.0,0.0,0.68,2.4,-11.59209,-47.07935
2026/05/27 16:45:00,NOAA-20,Brasil,TOCANTINS,MATEIROS,Cerrado,4.0,0.0,0.89,14.7,-10.78893,-46.89092
2026/05/27 16:45:00,NOAA-20,Brasil,TOCANTINS,PIUM,Cerrado,28.0,0.0,0.59,4.0,-10.35143,-49.90081
2026/05/27 16:45:00,NOAA-20,Brasil,BAHIA,SÃO DESIDÉRIO,Cerrado,4.0,0.0,0.75,15.6,-12.69823,-44.79581
2026/05/27 16:45:00,NOAA-20,Brasil,MATO GROSSO,SÃO FÉLIX DO ARAGUAIA,Amazônia,12.0,0.0,0.27,6.6,-11.47463,-52.92105
2026/05/27 16:45:00,NOAA-20,Brasil,TOCANTINS,LIZARDA,Cerrado,16.0,0.0,1.0,4.5,-9.6788,-47.04637
2026/05/27 16:45:00,NOAA-20,Brasil,TOCANTINS,FORMOSO DO ARAGUAIA,Cerrado,5.0,0.0,0.88,4.1,-11.59801,-49.82257
2026/05/27 16:45:00,NOAA-20,Brasil,MATO GROSSO,PORTO DOS GAÚCHOS,Amazônia,9.0,0.0,0.27,8.5,-11.55012,-56.93698
2026/05/27 16:45:00,NOAA-20,Brasil,MATO GROSSO,ALTO BOA VISTA,Cerrado,26.0,0.0,0.42,18.7,-11.89711,-51.66561
2026/05/27 16:45:00,NOAA-20,Brasil,MATO GROSSO,CLÁUDIA,Amazônia,11.0,0.0,0.28,6.0,-11.7322,-54.79774
2026/05/27 16:45:00,NOAA-20,Brasil,BAHIA,JABORANDI,Cerrado,4.0,0.49,0.95,7.6,-14.24422,-45.81913
2026/05/27 16:45:00,NOAA-20,Brasil,TOCANTINS,LIZARDA,Cerrado,16.0,0.0,1.0,4.5,-9.67545,-47.0469
2026/05/27 16:45:00,NOAA-20,Brasil,TOCANTINS,LAGOA DA CONFUSÃO,Cerrado,16.0,0.0,0.68,3.6,-10.74283,-49.89942
2026/05/27 16:45:00,NOAA-20,Brasil,DISTRITO FEDERAL,BRASÍLIA,Cerrado,10.0,0.0,0.97,15.1,-15.69389,-47.98845
2026/05/27 16:45:00,NOAA-20,Brasil,MATO GROSSO,CHAPADA DOS GUIMARÃES,Cerrado,5.0,0.0,0.81,43.0,-15.47682,-55.81045
2026/05/27 16:45:00,NOAA-20,Brasil,TOCANTINS,MATEIROS,Cerrado,4.0,0.0,0.95,6.0,-10.76442,-46.82159
2026/05/27 16:45:00,NOAA-20,Brasil,TOCANTINS,ALMAS,Cerrado,4.0,0.0,0.96,12.6,-11.17039,-46.81353
2026/05/27 16:45:00,NOAA-20,Brasil,TOCANTINS,LIZARDA,Cerrado,32.0,0.0,0.99,6.2,-9.1476,-46.86048
2026/05/27 16:45:00,NOAA-20,Brasil,MATO GROSSO,UNIÃO DO SUL,Amazônia,25.0,0.0,0.22,5.4,-11.27745,-53.97108
2026/05/27 16:45:00,NOAA-20,Brasil,TOCANTINS,CONCEIÇÃO DO TOCANTINS,Cerrado,4.0,0.0,0.96,3.9,-12.40873,-47.49044
2026/05/27 16:45:00,NOAA-20,Brasil,BAHIA,BARREIRAS,Cerrado,3.0,0.0,0.76,24.3,-11.99895,-45.34814
2026/05/27 16:45:00,NOAA-20,Brasil,TOCANTINS,LIZARDA,Cerrado,25.0,0.0,1.0,11.3,-9.50317,-47.0718
2026/05/27 16:45:00,NOAA-20,Brasil,TOCANTINS,BREJINHO DE NAZARÉ,Cerrado,5.0,0.0,0.84,4.6,-10.84094,-48.76498
2026/05/27 16:45:00,NOAA-20,Brasil,TOCANTINS,MATEIROS,Cerrado,4.0,0.0,0.9,25.4,-10.79618,-46.87154
2026/05/27 16:45:00,NOAA-20,Brasil,TOCANTINS,LIZARDA,Cerrado,20.0,0.0,1.0,5.9,-9.52939,-47.06405
2026/05/27 16:45:00,NOAA-20,Brasil,TOCANTINS,MATEIROS,Cerrado,4.0,0.0,1.0,11.8,-10.9518,-46.76174
2026/05/27 16:45:00,NOAA-20,Brasil,TOCANTINS,NOVO ACORDO,Cerrado,29.0,0.0,0.91,6.3,-10.05302,-47.33468
2026/05/27 16:45:00,NOAA-20,Brasil,GOIÁS,CAVALCANTE,Cerrado,4.0,0.24,0.9,2.6,-13.7615,-47.37371
2026/05/27 16:45:00,NOAA-20,Brasil,TOCANTINS,TAGUATINGA,Cerrado,4.0,0.0,0.7,7.4,-12.46627,-46.52226
2026/05/27 16:45:00,NOAA-20,Brasil,MATO GROSSO,CAMPINÁPOLIS,Cerrado,4.0,0.0,1.0,15.5,-14.45916,-52.91216
2026/05/27 16:45:00,NOAA-20,Brasil,MARANHÃO,TASSO FRAGOSO,Cerrado,32.0,0.0,0.77,11.4,-8.61008,-46.00457
2026/05/27 16:45:00,NOAA-20,Brasil,MATO GROSSO,VILA RICA,Amazônia,28.0,0.0,0.67,10.6,-10.05098,-51.68157
2026/05/27 16:45:00,NOAA-20,Brasil,MATO GROSSO,JUARA,Amazônia,10.0,0.0,0.3,5.5,-11.90419,-57.78261
2026/05/27 16:45:00,NOAA-20,Brasil,BAHIA,BOQUIRA,Caatinga,4.0,0.0,0.79,6.9,-12.91021,-42.90022
2026/05/27 16:45:00,NOAA-20,Brasil,TOCANTINS,LAGOA DA CONFUSÃO,Cerrado,19.0,0.0,0.94,5.4,-10.96148,-49.89058
2026/05/27 16:45:00,NOAA-20,Brasil,TOCANTINS,SANTA RITA DO TOCANTINS,Cerrado,17.0,0.0,0.79,11.1,-11.04808,-49.59664
2026/05/27 16:45:00,NOAA-20,Brasil,TOCANTINS,APARECIDA DO RIO NEGRO,Cerrado,20.0,0.0,0.63,7.7,-9.93264,-48.00728
2026/05/27 16:45:00,NOAA-20,Brasil,TOCANTINS,MATEIROS,Cerrado,4.0,0.0,0.95,6.9,-10.52477,-46.89771
2026/05/27 16:45:00,NOAA-20,Brasil,TOCANTINS,CHAPADA DA NATIVIDADE,Cerrado,4.0,0.0,0.62,5.2,-11.61672,-47.90417
2026/05/27 16:45:00,NOAA-20,Brasil,BAHIA,BARREIRAS,Cerrado,2.0,0.0,0.74,21.3,-12.01215,-45.34199
2026/05/27 16:45:00,NOAA-20,Brasil,TOCANTINS,MATEIROS,Cerrado,4.0,0.0,1.0,5.0,-10.92397,-46.78088
2026/05/27 16:45:00,NOAA-20,Brasil,TOCANTINS,MATEIROS,Cerrado,4.0,0.0,0.9,9.8,-10.84581,-46.84483
2026/05/27 16:45:00,NOAA-20,Brasil,TOCANTINS,TOCANTÍNIA,Cerrado,13.0,0.0,0.66,4.3,-9.61237,-48.10931
2026/05/27 16:45:00,NOAA-20,Brasil,MATO GROSSO,NOVA MARINGÁ,Amazônia,11.0,0.1,0.27,16.6,-11.81476,-57.35299
2026/05/27 16:45:00,NOAA-20,Brasil,TOCANTINS,TOCANTÍNIA,Cerrado,16.0,0.0,0.78,4.2,-9.39827,-47.90811
2026/05/27 16:45:00,NOAA-20,Brasil,TOCANTINS,FORMOSO DO ARAGUAIA,Cerrado,4.0,0.0,0.66,8.9,-11.94824,-49.30064
2026/05/27 16:45:00,NOAA-20,Brasil,MATO GROSSO,LUCIARA,Cerrado,20.0,0.0,1.0,6.2,-10.97375,-51.21711
2026/05/27 16:45:00,NOAA-20,Brasil,MATO GROSSO,NOVO SANTO ANTÔNIO,Cerrado,14.0,0.0,0.96,4.7,-12.32626,-51.05395
2026/05/27 16:45:00,NOAA-20,Brasil,TOCANTINS,PIUM,Cerrado,12.0,0.0,0.6,7.0,-10.39667,-49.44828
2026/05/27 16:45:00,NOAA-20,Brasil,MATO GROSSO,PORTO DOS GAÚCHOS,Amazônia,9.0,0.0,0.27,4.3,-11.53376,-56.98017
2026/05/27 16:45:00,NOAA-20,Brasil,TOCANTINS,CONCEIÇÃO DO TOCANTINS,Cerrado,4.0,0.0,0.6,5.7,-12.05247,-47.33604
2026/05/27 16:45:00,NOAA-20,Brasil,TOCANTINS,FORMOSO DO ARAGUAIA,Cerrado,4.0,0.0,0.94,5.0,-11.98485,-49.66765
2026/05/27 16:45:00,NOAA-20,Brasil,BAHIA,IBIPEBA,Caatinga,4.0,0.0,1.0,9.1,-11.52635,-42.20868
2026/05/27 16:45:00,NOAA-20,Brasil,MATO GROSSO,CONFRESA,Amazônia,12.0,0.0,1.0,2.2,-10.50079,-51.86158
2026/05/27 16:45:00,NOAA-20,Brasil,TOCANTINS,PIUM,Cerrado,28.0,0.0,0.59,4.0,-10.35197,-49.90456
2026/05/27 16:45:00,NOAA-20,Brasil,BAHIA,CASA NOVA,Caatinga,24.0,0.0,1.0,9.1,-9.36508,-40.8283
2026/05/27 16:45:00,NOAA-20,Brasil,BAHIA,COTEGIPE,Cerrado,4.0,0.0,0.89,10.6,-11.74234,-44.50827
2026/05/27 16:45:00,NOAA-20,Brasil,TOCANTINS,MATEIROS,Cerrado,4.0,0.0,1.0,11.9,-10.94902,-46.76586
2026/05/27 16:45:00,NOAA-20,Brasil,MATO GROSSO,CLÁUDIA,Amazônia,11.0,0.0,0.28,7.6,-11.74145,-54.79648
2026/05/27 16:45:00,NOAA-20,Brasil,MATO GROSSO,QUERÊNCIA,Amazônia,12.0,0.0,0.23,7.1,-12.29975,-52.4863
2026/05/27 16:45:00,NOAA-20,Brasil,TOCANTINS,RIO SONO,Cerrado,29.0,0.0,1.0,2.1,-9.79915,-47.49155
2026/05/27 16:45:00,NOAA-20,Brasil,BAHIA,COTEGIPE,Cerrado,4.0,0.0,0.89,10.6,-11.74302,-44.51248
2026/05/27 16:45:00,NOAA-20,Brasil,MATO GROSSO,LUCIARA,Cerrado,14.0,0.0,0.89,2.2,-11.13191,-50.96215
2026/05/27 16:45:00,NOAA-20,Brasil,TOCANTINS,MATEIROS,Cerrado,13.0,0.0,0.84,5.8,-10.31118,-46.57037
2026/05/27 16:45:00,NOAA-20,Brasil,TOCANTINS,MATEIROS,Cerrado,4.0,0.0,0.89,19.2,-10.84693,-46.85197
2026/05/27 16:45:00,NOAA-20,Brasil,MATO GROSSO,CAMPINÁPOLIS,Cerrado,9.0,0.0,0.96,1.4,-14.23233,-53.26342
2026/05/27 16:45:00,NOAA-20,Brasil,TOCANTINS,LAGOA DA CONFUSÃO,Cerrado,16.0,0.0,0.83,8.8,-10.74954,-49.89875
2026/05/27 16:45:00,NOAA-20,Brasil,MARANHÃO,BALSAS,Cerrado,32.0,0.0,1.0,4.2,-9.14703,-46.85686
2026/05/27 16:45:00,NOAA-20,Brasil,MATO GROSSO,PORTO DOS GAÚCHOS,Amazônia,10.0,0.0,0.31,10.2,-11.78904,-57.01111
2026/05/27 16:45:00,NOAA-20,Brasil,GOIÁS,SÃO DOMINGOS,Cerrado,4.0,0.0,1.0,4.6,-13.59786,-46.55036
2026/05/27 16:45:00,NOAA-20,Brasil,TOCANTINS,SÃO FÉLIX DO TOCANTINS,Cerrado,33.0,0.0,0.93,3.7,-10.17228,-46.87443
2026/05/27 16:45:00,NOAA-20,Brasil,TOCANTINS,MATEIROS,Cerrado,4.0,0.0,0.88,5.0,-10.77502,-46.91141
2026/05/27 16:45:00,NOAA-20,Brasil,TOCANTINS,MATEIROS,Cerrado,4.0,0.0,0.89,18.5,-10.84527,-46.86324
2026/05/27 16:45:00,NOAA-20,Brasil,TOCANTINS,MATEIROS,Cerrado,4.0,0.0,0.94,3.9,-10.75105,-46.82369
2026/05/27 16:45:00,NOAA-20,Brasil,MATO GROSSO,TABAPORÃ,Amazônia,8.0,0.0,0.42,4.1,-11.55572,-56.33979
2026/05/27 16:45:00,NOAA-20,Brasil,TOCANTINS,MATEIROS,Cerrado,4.0,0.0,0.91,14.7,-10.78838,-46.88741
2026/05/27 16:45:00,NOAA-20,Brasil,TOCANTINS,CARIRI DO TOCANTINS,Cerrado,4.0,0.0,0.84,9.9,-12.01486,-49.27547
2026/05/27 16:45:00,NOAA-20,Brasil,MARANHÃO,BALSAS,Cerrado,33.0,0.0,0.84,9.8,-9.14256,-46.87235
2026/05/27 16:45:00,NOAA-20,Brasil,TOCANTINS,PONTE ALTA DO TOCANTINS,Cerrado,4.0,0.0,0.74,2.1,-10.77225,-46.89362
2026/05/27 16:45:00,NOAA-20,Brasil,TOCANTINS,LIZARDA,Cerrado,27.0,0.0,0.93,3.2,-9.06142,-47.17965
2026/05/27 16:45:00,NOAA-20,Brasil,MATO GROSSO,NOVA UBIRATÃ,Amazônia,11.0,0.59,0.26,5.2,-12.54639,-54.59407
2026/05/27 16:45:00,NOAA-20,Brasil,MATO GROSSO,SÃO FÉLIX DO ARAGUAIA,Amazônia,11.0,0.0,0.28,5.4,-11.35544,-52.95959
2026/05/27 16:45:00,NOAA-20,Brasil,MATO GROSSO,NOVO SANTO ANTÔNIO,Cerrado,14.0,0.0,0.87,14.1,-12.33175,-51.0666
2026/05/27 16:45:00,NOAA-20,Brasil,TOCANTINS,LAGOA DA CONFUSÃO,Cerrado,27.0,0.0,1.0,4.0,-10.74593,-49.75336
2026/05/27 16:45:00,NOAA-20,Brasil,MATO GROSSO,PARANATINGA,Amazônia,10.0,0.3,0.36,8.9,-13.37666,-54.26798
2026/05/27 16:45:00,NOAA-20,Brasil,TOCANTINS,LAGOA DA CONFUSÃO,Cerrado,27.0,0.0,0.83,18.4,-10.66743,-49.69636
2026/05/27 16:45:00,NOAA-20,Brasil,TOCANTINS,MIRANORTE,Cerrado,26.0,0.0,0.76,7.0,-9.54993,-48.65919
2026/05/27 16:45:00,NOAA-20,Brasil,TOCANTINS,NOVO ACORDO,Cerrado,29.0,0.0,0.79,7.6,-10.04805,-47.3246
2026/05/27 16:45:00,NOAA-20,Brasil,TOCANTINS,MATEIROS,Cerrado,4.0,0.0,0.95,3.7,-10.52811,-46.89717
2026/05/27 16:45:00,NOAA-20,Brasil,TOCANTINS,MATEIROS,Cerrado,4.0,0.0,0.96,3.9,-10.74714,-46.82063
2026/05/27 16:45:00,NOAA-20,Brasil,TOCANTINS,MIRACEMA DO TOCANTINS,Cerrado,23.0,0.0,0.76,9.2,-9.38688,-48.43449
2026/05/27 16:45:00,NOAA-20,Brasil,TOCANTINS,DUERÉ,Cerrado,18.0,0.0,0.81,2.8,-11.18425,-49.69099
2026/05/27 16:45:00,NOAA-20,Brasil,GOIÁS,ALTO PARAÍSO DE GOIÁS,Cerrado,4.0,0.0,0.92,39.9,-14.12923,-47.74303
2026/05/27 16:45:00,NOAA-20,Brasil,TOCANTINS,MATEIROS,Cerrado,4.0,0.0,1.0,11.1,-10.94848,-46.78429
2026/05/27 16:45:00,NOAA-20,Brasil,TOCANTINS,MATEIROS,Cerrado,4.0,0.0,1.0,4.2,-10.93455,-46.78283
2026/05/27 16:45:00,NOAA-20,Brasil,TOCANTINS,LIZARDA,Cerrado,34.0,0.0,1.0,4.4,-9.49027,-46.8347
2026/05/27 16:48:00,NOAA-20,Brasil,MARANHÃO,VIANA,Amazônia,2.0,0.2,0.04,4.4,-2.93654,-45.11259
2026/05/27 16:48:00,NOAA-20,Brasil,PARÁ,SÃO FÉLIX DO XINGU,Amazônia,10.0,0.0,1.0,7.4,-6.38587,-51.60661
2026/05/27 16:48:00,NOAA-20,Brasil,AMAZONAS,MANICORÉ,Amazônia,8.0,0.0,0.92,5.4,-7.86431,-61.4908
2026/05/27 16:48:00,NOAA-20,Brasil,MARANHÃO,CAPINZAL DO NORTE,Cerrado,9.0,0.0,0.06,18.1,-4.60412,-44.29112
2026/05/27 16:48:00,NOAA-20,Brasil,MARANHÃO,BURITI,Cerrado,5.0,0.0,0.04,9.5,-3.86075,-42.96005
2026/05/27 16:48:00,NOAA-20,Brasil,MARANHÃO,ALDEIAS ALTAS,Cerrado,9.0,0.0,0.06,7.8,-4.3842,-43.29013
2026/05/27 16:48:00,NOAA-20,Brasil,MARANHÃO,BOM JESUS DAS SELVAS,Amazônia,8.0,0.0,0.89,3.3,-4.69037,-46.83714
2026/05/27 16:48:00,NOAA-20,Brasil,MARANHÃO,CAXIAS,Cerrado,10.0,0.0,0.1,8.8,-4.62838,-43.05173
2026/05/27 16:48:00,NOAA-20,Brasil,MARANHÃO,ITINGA DO MARANHÃO,Amazônia,9.0,0.0,0.78,11.5,-4.08762,-47.30902
2026/05/27 16:48:00,NOAA-20,Brasil,PIAUÍ,PIRACURUCA,Caatinga,9.0,0.0,0.26,7.7,-3.81029,-41.60155
2026/05/27 16:48:00,NOAA-20,Brasil,MARANHÃO,COROATÁ,Cerrado,10.0,0.0,0.44,2.8,-4.07606,-44.16805
2026/05/27 16:48:00,NOAA-20,Brasil,PARÁ,SÃO FÉLIX DO XINGU,Amazônia,4.0,0.0,0.15,2.3,-5.41378,-51.20855
2026/05/27 16:48:00,NOAA-20,Brasil,PARÁ,SÃO FÉLIX DO XINGU,Amazônia,6.0,0.0,0.86,5.8,-5.39376,-50.79167
2026/05/27 16:48:00,NOAA-20,Brasil,MARANHÃO,BURITI,Cerrado,5.0,0.0,0.05,9.5,-3.86521,-42.95937
2026/05/27 16:48:00,NOAA-20,Brasil,PIAUÍ,JOSÉ DE FREITAS,Caatinga,9.0,0.0,0.31,14.8,-4.65806,-42.42842
2026/05/27 16:48:00,NOAA-20,Brasil,PIAUÍ,PIRACURUCA,Caatinga,9.0,0.0,0.27,8.3,-3.81518,-41.60075
2026/05/27 16:48:00,NOAA-20,Brasil,MARANHÃO,SÃO BERNARDO,Cerrado,8.0,0.71,0.04,2.6,-3.30047,-42.318
2026/05/27 16:48:00,NOAA-20,Brasil,MARANHÃO,ÁGUA DOCE DO MARANHÃO,Cerrado,-999.0,0.91,0.04,21.6,-2.91645,-42.12983
2026/05/27 16:48:00,NOAA-20,Brasil,MARANHÃO,ÁGUA DOCE DO MARANHÃO,Cerrado,-999.0,0.92,0.04,24.0,-2.91627,-42.1307
2026/05/27 16:48:00,NOAA-20,Brasil,PARÁ,ANAPU,Amazônia,3.0,0.0,0.14,2.7,-3.77083,-51.40538
2026/05/27 16:48:00,NOAA-20,Brasil,MARANHÃO,SANTA LUZIA,Amazônia,8.0,0.0,0.68,7.1,-3.83925,-45.78193
2026/05/27 16:48:00,NOAA-20,Brasil,MARANHÃO,BURITI,Cerrado,5.0,0.0,0.05,9.5,-3.86592,-42.96379
2026/05/27 16:48:00,NOAA-20,Brasil,PARÁ,TRAIRÃO,Amazônia,2.0,0.0,0.0,3.2,-4.67381,-55.92492
2026/05/27 16:48:00,NOAA-20,Brasil,PARÁ,ITAITUBA,Amazônia,4.0,0.0,0.03,10.7,-6.413,-55.97635
2026/05/27 16:48:00,NOAA-20,Brasil,PARÁ,RURÓPOLIS,Amazônia,2.0,0.0,0.12,3.5,-4.15914,-54.98203
2026/05/27 16:48:00,NOAA-20,Brasil,PIAUÍ,JOSÉ DE FREITAS,Caatinga,10.0,0.0,0.31,14.8,-4.66262,-42.42771
2026/05/27 16:48:00,NOAA-20,Brasil,PARÁ,ANAPU,Amazônia,3.0,0.0,0.22,3.2,-3.76796,-51.40952
2026/05/27 16:48:00,NOAA-20,Brasil,MARANHÃO,ALDEIAS ALTAS,Cerrado,8.0,0.0,0.06,10.7,-4.38671,-43.28951
2026/05/27 16:48:00,NOAA-20,Brasil,PARÁ,SÃO FÉLIX DO XINGU,Amazônia,4.0,0.0,0.14,7.2,-5.27749,-50.94849
2026/05/27 16:48:00,NOAA-20,Brasil,CEARÁ,BEBERIBE,Caatinga,-999.0,0.1,0.02,11.4,-4.37111,-37.89983
2026/05/27 16:48:00,NOAA-20,Brasil,MARANHÃO,BARRA DO CORDA,Cerrado,8.0,0.0,0.59,8.8,-5.40879,-45.24782
2026/05/27 16:48:00,NOAA-20,Brasil,MARANHÃO,SANTA LUZIA,Amazônia,8.0,0.0,0.68,5.8,-3.83996,-45.78638
2026/05/27 16:48:00,NOAA-20,Brasil,MARANHÃO,ARAIOSES,Cerrado,-999.0,0.48,0.05,12.3,-2.9694,-42.06384
2026/05/27 16:48:00,NOAA-20,Brasil,PARÁ,ANAPU,Amazônia,3.0,0.0,0.24,3.2,-3.76741,-51.4059
2026/05/27 16:48:00,NOAA-20,Brasil,PARÁ,GOIANÉSIA DO PARÁ,Amazônia,7.0,0.0,0.04,4.7,-3.9379,-48.44487
2026/05/27 16:48:00,NOAA-20,Brasil,MARANHÃO,ALDEIAS ALTAS,Cerrado,9.0,0.0,0.06,8.3,-4.38783,-43.28532
2026/05/27 16:48:00,NOAA-20,Brasil,PARÁ,PLACAS,Amazônia,2.0,0.0,0.01,3.9,-3.43562,-54.52302
2026/05/27 16:48:00,NOAA-20,Brasil,PARÁ,ITAITUBA,Amazônia,4.0,0.0,0.03,10.5,-6.41431,-55.97821
2026/05/27 16:48:00,NOAA-20,Brasil,PARÁ,SÃO FÉLIX DO XINGU,Amazônia,6.0,0.0,0.91,5.8,-5.39715,-50.79115
2026/05/27 16:48:00,NOAA-20,Brasil,MARANHÃO,CAPINZAL DO NORTE,Cerrado,9.0,0.0,0.06,18.1,-4.60469,-44.29466
2026/05/27 16:48:00,NOAA-20,Brasil,MARANHÃO,ITINGA DO MARANHÃO,Amazônia,9.0,0.0,0.79,11.5,-4.09107,-47.3085
2026/05/27 16:48:00,NOAA-20,Brasil,PARÁ,AVEIRO,Amazônia,2.0,0.0,0.0,7.0,-3.90968,-55.74077
2026/05/27 16:48:00,NOAA-20,Brasil,MARANHÃO,PRESIDENTE VARGAS,Cerrado,6.0,0.1,0.01,3.6,-3.46309,-44.01376
2026/05/27 16:48:00,NOAA-20,Brasil,PARÁ,AVEIRO,Amazônia,2.0,0.0,0.0,5.9,-3.90953,-55.7408
2026/05/27 16:48:00,NOAA-20,Brasil,PARÁ,SÃO FÉLIX DO XINGU,Amazônia,11.0,0.0,0.09,2.8,-6.4443,-51.70787
2026/05/27 16:48:00,NOAA-20,Brasil,MARANHÃO,BACABAL,Amazônia,9.0,0.0,0.79,5.1,-4.24206,-44.88681
2026/05/27 16:48:00,NOAA-20,Brasil,TOCANTINS,ARAGUAÍNA,Cerrado,11.0,0.0,0.31,2.3,-7.3987,-48.14816
2026/05/27 16:48:00,NOAA-20,Brasil,PARÁ,FLORESTA DO ARAGUAIA,Amazônia,12.0,0.0,0.89,4.6,-7.48342,-49.75831
2026/05/27 16:48:00,NOAA-20,Brasil,PARÁ,CONCEIÇÃO DO ARAGUAIA,Amazônia,11.0,0.0,1.0,3.1,-8.30551,-49.40532
2026/05/27 16:48:00,NOAA-20,Brasil,CEARÁ,RUSSAS,Caatinga,6.0,4.22,0.04,6.4,-5.02696,-38.12056
2026/05/27 16:48:00,NOAA-20,Brasil,AMAZONAS,MANICORÉ,Amazônia,9.0,0.0,0.76,8.6,-8.26643,-61.61354
2026/05/27 16:48:00,NOAA-20,Brasil,TOCANTINS,ARAGUAÍNA,Amazônia,12.0,0.0,1.0,11.1,-7.43347,-49.0202
2026/05/27 16:48:00,NOAA-20,Brasil,AMAZONAS,MANICORÉ,Amazônia,9.0,0.0,0.77,6.1,-8.29865,-61.64826
2026/05/27 16:48:00,NOAA-20,Brasil,PARÁ,SANTA MARIA DAS BARREIRAS,Amazônia,15.0,0.0,1.0,9.2,-8.80193,-50.49374
2026/05/27 16:48:00,NOAA-20,Brasil,PARÁ,CUMARU DO NORTE,Amazônia,14.0,0.0,1.0,31.2,-8.52548,-51.57618
2026/05/27 16:48:00,NOAA-20,Brasil,AMAZONAS,MANICORÉ,Amazônia,9.0,0.0,0.74,13.7,-8.35457,-61.64798
2026/05/27 16:48:00,NOAA-20,Brasil,TOCANTINS,DARCINÓPOLIS,Cerrado,11.0,0.0,0.47,10.9,-6.64355,-48.02592
2026/05/27 16:48:00,NOAA-20,Brasil,AMAZONAS,MANICORÉ,Amazônia,9.0,0.0,0.76,2.1,-8.29785,-61.64183
2026/05/27 16:48:00,NOAA-20,Brasil,MARANHÃO,RIACHÃO,Cerrado,8.0,0.0,0.89,10.3,-7.60255,-46.4596
2026/05/27 16:48:00,NOAA-20,Brasil,MARANHÃO,BALSAS,Cerrado,7.0,0.0,0.93,4.0,-8.0426,-45.84882
2026/05/27 16:48:00,NOAA-20,Brasil,MARANHÃO,FERNANDO FALCÃO,Cerrado,9.0,0.0,1.0,28.9,-6.07607,-45.51134
2026/05/27 16:48:00,NOAA-20,Brasil,MARANHÃO,LORETO,Cerrado,22.0,0.0,0.89,7.0,-7.01628,-44.99786
2026/05/27 16:48:00,NOAA-20,Brasil,PARÁ,CUMARU DO NORTE,Amazônia,12.0,0.0,0.74,7.6,-8.89999,-51.87273
2026/05/27 16:48:00,NOAA-20,Brasil,TOCANTINS,DARCINÓPOLIS,Cerrado,11.0,0.0,0.49,10.9,-6.64635,-48.02193
2026/05/27 16:48:00,NOAA-20,Brasil,PIAUÍ,NAZARÉ DO PIAUÍ,Caatinga,18.0,0.0,0.98,6.1,-6.93793,-42.74217
2026/05/27 16:48:00,NOAA-20,Brasil,MARANHÃO,LORETO,Cerrado,22.0,0.0,0.89,32.6,-7.01256,-44.99849
2026/05/27 16:48:00,NOAA-20,Brasil,PARÁ,SAPUCAIA,Amazônia,10.0,0.0,1.0,4.3,-6.76752,-49.50633
2026/05/27 16:48:00,NOAA-20,Brasil,AMAZONAS,MANICORÉ,Amazônia,8.0,0.0,0.72,48.3,-8.38881,-61.86114
2026/05/27 16:48:00,NOAA-20,Brasil,AMAZONAS,MANICORÉ,Amazônia,9.0,0.0,0.77,16.7,-8.29176,-61.64907
2026/05/27 16:48:00,NOAA-20,Brasil,AMAZONAS,MANICORÉ,Amazônia,9.0,0.0,0.73,8.3,-8.36186,-61.64901
2026/05/27 16:48:00,NOAA-20,Brasil,PARÁ,SÃO FÉLIX DO XINGU,Amazônia,14.0,0.0,0.7,3.6,-8.8858,-51.77338
2026/05/27 16:48:00,NOAA-20,Brasil,MARANHÃO,CAROLINA,Cerrado,11.0,0.0,0.73,2.4,-7.25533,-47.19852
2026/05/27 16:48:00,NOAA-20,Brasil,PARÁ,SANTA MARIA DAS BARREIRAS,Amazônia,13.0,0.0,0.7,6.8,-8.4372,-49.71299
2026/05/27 16:48:00,NOAA-20,Brasil,PARÁ,CUMARU DO NORTE,Amazônia,9.0,0.0,0.56,4.2,-7.68067,-51.04988
2026/05/27 16:48:00,NOAA-20,Brasil,MARANHÃO,LORETO,Cerrado,22.0,0.0,0.89,32.6,-7.00884,-44.99913
2026/05/27 16:48:00,NOAA-20,Brasil,TOCANTINS,ARAGUAÍNA,Amazônia,12.0,0.0,1.0,3.5,-7.43294,-49.01673
2026/05/27 16:48:00,NOAA-20,Brasil,MARANHÃO,CAROLINA,Cerrado,11.0,0.0,0.57,3.9,-7.24933,-46.8661
2026/05/27 16:48:00,NOAA-20,Brasil,MARANHÃO,RIACHÃO,Cerrado,9.0,0.0,0.89,12.2,-7.60028,-46.46775
2026/05/27 16:48:00,NOAA-20,Brasil,PARÁ,ÁGUA AZUL DO NORTE,Amazônia,11.0,0.0,1.0,3.5,-6.53504,-50.3732
2026/05/27 16:48:00,NOAA-20,Brasil,MARANHÃO,MIRADOR,Cerrado,11.0,0.0,0.66,7.4,-6.58868,-44.70469
2026/05/27 16:48:00,NOAA-20,Brasil,PARÁ,CUMARU DO NORTE,Amazônia,12.0,0.0,0.74,6.0,-8.89202,-51.86956
2026/05/27 16:48:00,NOAA-20,Brasil,PARÁ,SÃO GERALDO DO ARAGUAIA,Amazônia,9.0,0.0,0.61,4.6,-6.24585,-48.46449
2026/05/27 16:48:00,NOAA-20,Brasil,AMAZONAS,MANICORÉ,Amazônia,8.0,0.0,0.74,19.6,-8.35497,-61.64991
2026/05/27 16:48:00,NOAA-20,Brasil,TOCANTINS,NAZARÉ,Cerrado,6.0,0.0,0.42,2.6,-6.40159,-47.67302
2026/05/27 16:48:00,NOAA-20,Brasil,PARÁ,OURILÂNDIA DO NORTE,Amazônia,11.0,0.0,0.53,3.3,-7.69427,-51.74045
2026/05/27 16:48:00,NOAA-20,Brasil,MARANHÃO,RIACHÃO,Cerrado,8.0,0.0,0.89,6.1,-7.60314,-46.4634
2026/05/27 16:48:00,NOAA-20,Brasil,MARANHÃO,RIACHÃO,Cerrado,8.0,0.0,0.88,6.1,-7.60373,-46.4672
2026/05/27 16:48:00,NOAA-20,Brasil,PARÁ,OURILÂNDIA DO NORTE,Amazônia,11.0,0.0,0.46,4.5,-8.21103,-52.03509
2026/05/27 16:48:00,NOAA-20,Brasil,AMAZONAS,MANICORÉ,Amazônia,8.0,0.0,0.77,5.1,-8.27188,-61.65798
2026/05/27 16:48:00,NOAA-20,Brasil,PARÁ,OURILÂNDIA DO NORTE,Amazônia,11.0,0.0,0.4,8.1,-8.34768,-51.92408
2026/05/27 16:48:00,NOAA-20,Brasil,MARANHÃO,LORETO,Cerrado,22.0,0.0,0.89,31.8,-7.01327,-45.00294
2026/05/27 16:48:00,NOAA-20,Brasil,MARANHÃO,MIRADOR,Cerrado,9.0,0.0,0.83,1.9,-6.58043,-45.69229
2026/05/27 16:48:00,NOAA-20,Brasil,PARÁ,OURILÂNDIA DO NORTE,Amazônia,11.0,0.0,0.31,9.9,-8.35014,-51.91507
2026/05/27 16:48:00,NOAA-20,Brasil,TOCANTINS,NAZARÉ,Cerrado,6.0,0.0,0.48,2.6,-6.40103,-47.66945
2026/05/27 16:48:00,NOAA-20,Brasil,PARÁ,OURILÂNDIA DO NORTE,Amazônia,11.0,0.0,0.44,4.3,-8.17243,-52.05428
2026/05/27 16:48:00,NOAA-20,Brasil,MARANHÃO,FERNANDO FALCÃO,Cerrado,9.0,0.0,0.87,3.7,-6.07764,-45.49773
2026/05/27 16:48:00,NOAA-20,Brasil,MARANHÃO,BALSAS,Cerrado,15.0,0.0,0.9,4.0,-8.24015,-46.37003
2026/05/27 16:48:00,NOAA-20,Brasil,MARANHÃO,MIRADOR,Cerrado,11.0,0.0,0.87,2.5,-6.61931,-45.62649
2026/05/27 16:48:00,NOAA-20,Brasil,PARÁ,SANTA MARIA DAS BARREIRAS,Amazônia,15.0,0.0,1.0,17.7,-8.80538,-50.49324
2026/05/27 16:48:00,NOAA-20,Brasil,PARÁ,OURILÂNDIA DO NORTE,Amazônia,11.0,0.0,0.44,9.9,-8.34647,-51.91558
2026/05/27 16:48:00,NOAA-20,Brasil,PARÁ,CUMARU DO NORTE,Amazônia,14.0,0.0,1.0,53.9,-8.52247,-51.5809
2026/05/27 16:48:00,NOAA-20,Brasil,MARANHÃO,MIRADOR,Cerrado,11.0,0.0,0.97,4.2,-6.62222,-45.62159
2026/05/27 16:48:00,NOAA-20,Brasil,TOCANTINS,GOIATINS,Cerrado,13.0,0.0,0.65,1.7,-7.94097,-47.32818
2026/05/27 16:48:00,NOAA-20,Brasil,PARÁ,CUMARU DO NORTE,Amazônia,9.0,0.0,0.41,2.6,-7.68011,-51.04606
2026/05/27 16:48:00,NOAA-20,Brasil,PARÁ,CUMARU DO NORTE,Amazônia,9.0,0.0,0.56,4.2,-7.68122,-51.05371
2026/05/27 16:48:00,NOAA-20,Brasil,MARANHÃO,LORETO,Cerrado,22.0,0.0,0.89,31.8,-7.00956,-45.00359
2026/05/27 16:48:00,NOAA-20,Brasil,AMAZONAS,MANICORÉ,Amazônia,9.0,0.0,0.65,9.7,-8.25874,-61.60773
2026/05/27 16:48:00,NOAA-20,Brasil,PARÁ,CUMARU DO NORTE,Amazônia,9.0,0.0,0.56,3.7,-7.68168,-51.10606
2026/05/27 16:48:00,NOAA-20,Brasil,PARÁ,OURILÂNDIA DO NORTE,Amazônia,11.0,0.0,0.46,8.3,-8.20433,-52.04073
2026/05/27 16:48:00,NOAA-20,Brasil,AMAZONAS,MANICORÉ,Amazônia,9.0,0.0,0.73,13.7,-8.36145,-61.64709
2026/05/27 16:48:00,NOAA-20,Brasil,AMAZONAS,MANICORÉ,Amazônia,8.0,0.0,0.78,4.6,-8.26501,-61.65895
2026/05/27 16:48:00,NOAA-20,Brasil,MARANHÃO,CAROLINA,Cerrado,12.0,0.0,0.65,4.5,-7.69497,-47.14274
2026/05/27 16:48:00,NOAA-20,Brasil,AMAZONAS,MANICORÉ,Amazônia,8.0,0.0,0.72,23.8,-8.38797,-61.8546
2026/05/27 16:48:00,NOAA-20,Brasil,TOCANTINS,GOIATINS,Cerrado,12.0,0.0,0.64,13.4,-8.0165,-47.77319
2026/05/27 16:48:00,NOAA-20,Brasil,TOCANTINS,GOIATINS,Cerrado,12.0,0.0,0.71,13.4,-8.01704,-47.7767
2026/05/27 16:48:00,NOAA-20,Brasil,MARANHÃO,FERNANDO FALCÃO,Cerrado,9.0,0.0,1.0,28.9,-6.07974,-45.51078
2026/05/27 16:48:00,NOAA-20,Brasil,PARÁ,OURILÂNDIA DO NORTE,Amazônia,12.0,0.0,0.54,5.0,-7.66311,-51.72845
2026/05/27 16:48:00,NOAA-20,Brasil,AMAZONAS,MANICORÉ,Amazônia,9.0,0.0,0.74,26.0,-8.31592,-61.61562
2026/05/27 16:48:00,NOAA-20,Brasil,AMAZONAS,MANICORÉ,Amazônia,9.0,0.0,0.64,7.4,-8.25774,-61.60755
2026/05/27 16:48:00,NOAA-20,Brasil,PARÁ,OURILÂNDIA DO NORTE,Amazônia,11.0,0.0,0.61,3.6,-7.64445,-51.6628
2026/05/27 16:48:00,NOAA-20,Brasil,PARÁ,SÃO FÉLIX DO XINGU,Amazônia,12.0,0.0,0.74,4.1,-8.89753,-51.88189
2026/05/27 16:48:00,NOAA-20,Brasil,MARANHÃO,RIACHÃO,Cerrado,9.0,0.0,0.89,3.4,-7.5991,-46.46015
2026/05/27 16:48:00,NOAA-20,Brasil,MARANHÃO,BALSAS,Cerrado,8.0,0.0,0.94,4.0,-8.04197,-45.84486
2026/05/27 16:48:00,NOAA-20,Brasil,PARÁ,CUMARU DO NORTE,Amazônia,9.0,0.0,0.56,5.6,-7.67772,-51.05414
2026/05/27 16:48:00,NOAA-20,Brasil,PARÁ,ÁGUA AZUL DO NORTE,Amazônia,11.0,0.0,1.0,3.6,-6.53842,-50.37268
2026/05/27 16:48:00,NOAA-20,Brasil,TOCANTINS,PALMEIRANTE,Cerrado,6.0,0.0,0.53,13.6,-7.91667,-48.27151
2026/05/27 16:48:00,NOAA-20,Brasil,AMAZONAS,MANICORÉ,Amazônia,9.0,0.0,0.73,19.6,-8.3542,-61.64351
2026/05/27 16:48:00,NOAA-20,Brasil,AMAZONAS,MANICORÉ,Amazônia,8.0,0.0,0.77,5.9,-8.27121,-61.65771
2026/05/27 16:48:00,NOAA-20,Brasil,PARÁ,CUMARU DO NORTE,Amazônia,13.0,0.0,0.68,29.0,-8.54588,-51.5136
2026/05/27 16:48:00,NOAA-20,Brasil,AMAZONAS,MANICORÉ,Amazônia,8.0,0.0,0.71,10.4,-8.4109,-61.82041
2026/05/27 16:48:00,NOAA-20,Brasil,PARÁ,SANTA MARIA DAS BARREIRAS,Amazônia,13.0,0.0,0.75,12.7,-8.43901,-49.71229
2026/05/27 16:48:00,NOAA-20,Brasil,MARANHÃO,CAROLINA,Cerrado,9.0,0.0,0.55,5.3,-7.14939,-47.50283
2026/05/27 16:48:00,NOAA-20,Brasil,PARÁ,SÃO FÉLIX DO XINGU,Amazônia,14.0,0.0,0.71,4.1,-8.88828,-51.79075
2026/05/27 16:48:00,NOAA-20,Brasil,PARÁ,CUMARU DO NORTE,Amazônia,12.0,0.0,0.74,3.3,-8.89507,-51.86457
2026/05/27 16:48:00,NOAA-20,Brasil,PARÁ,OURILÂNDIA DO NORTE,Amazônia,11.0,0.0,0.46,8.3,-8.20065,-52.04132
2026/05/27 16:48:00,NOAA-20,Brasil,MARANHÃO,FERNANDO FALCÃO,Cerrado,9.0,0.0,1.0,3.4,-6.19115,-45.22067
2026/05/27 16:48:00,NOAA-20,Brasil,AMAZONAS,MANICORÉ,Amazônia,9.0,0.0,0.76,12.9,-8.28016,-61.61182
2026/05/27 16:48:00,NOAA-20,Brasil,PARÁ,CUMARU DO NORTE,Amazônia,14.0,0.0,1.0,3.1,-8.52908,-51.57564
2026/05/27 16:48:00,NOAA-20,Brasil,MARANHÃO,BARRA DO CORDA,Cerrado,8.0,0.0,0.51,6.5,-5.78086,-45.12473
2026/05/27 16:48:00,NOAA-20,Brasil,PARÁ,SÃO GERALDO DO ARAGUAIA,Amazônia,9.0,0.0,0.65,6.4,-6.24917,-48.46399
2026/05/27 16:48:00,NOAA-20,Brasil,PARÁ,CUMARU DO NORTE,Amazônia,12.0,0.0,0.74,10.7,-8.89385,-51.88242
2026/05/27 16:48:00,NOAA-20,Brasil,MARANHÃO,FERNANDO FALCÃO,Cerrado,9.0,0.0,0.99,6.7,-6.18672,-45.2168
2026/05/27 16:48:00,NOAA-20,Brasil,RIO GRANDE DO NORTE,TIBAU,Caatinga,-999.0,2.72,0.13,3.8,-4.92149,-37.34224
2026/05/27 16:48:00,NOAA-20,Brasil,PIAUÍ,PASSAGEM FRANCA DO PIAUÍ,Caatinga,11.0,0.0,0.73,3.4,-5.87948,-42.42655
2026/05/27 16:48:00,NOAA-20,Brasil,PARÁ,CUMARU DO NORTE,Amazônia,9.0,0.0,0.56,2.6,-7.68111,-51.10212
2026/05/27 16:48:00,NOAA-20,Brasil,AMAZONAS,MANICORÉ,Amazônia,9.0,0.0,0.74,25.4,-8.31669,-61.62205
2026/05/27 16:48:00,NOAA-20,Brasil,MARANHÃO,LORETO,Cerrado,22.0,0.0,0.89,31.8,-7.01027,-45.00803
2026/05/27 16:48:00,NOAA-20,Brasil,MARANHÃO,CAROLINA,Cerrado,11.0,0.0,0.73,2.4,-7.25477,-47.19489
2026/05/27 16:48:00,NOAA-20,Brasil,TOCANTINS,GOIATINS,Cerrado,12.0,0.0,0.68,13.4,-8.01983,-47.77267
2026/05/27 16:48:00,NOAA-20,Brasil,PARÁ,OURILÂNDIA DO NORTE,Amazônia,11.0,0.0,0.46,3.1,-8.22321,-52.01557
2026/05/27 16:48:00,NOAA-20,Brasil,AMAZONAS,MANICORÉ,Amazônia,8.0,0.0,0.72,36.5,-8.38784,-61.86354
2026/05/27 16:48:00,NOAA-20,Brasil,PARÁ,SÃO FÉLIX DO XINGU,Amazônia,14.0,0.0,0.71,4.1,-8.8889,-51.79509
2026/05/27 16:48:00,NOAA-20,Brasil,MARANHÃO,FERNANDO FALCÃO,Cerrado,9.0,0.0,1.0,6.7,-6.18742,-45.22123
2026/05/27 16:48:00,NOAA-20,Brasil,MARANHÃO,BARRA DO CORDA,Cerrado,8.0,0.0,0.51,6.5,-5.78012,-45.12018
2026/05/27 16:48:00,NOAA-20,Brasil,MARANHÃO,BALSAS,Cerrado,15.0,0.0,0.9,4.7,-8.23671,-46.37059
2026/05/27 16:48:00,NOAA-20,Brasil,PARÁ,OURILÂNDIA DO NORTE,Amazônia,11.0,0.0,0.44,3.9,-8.16937,-52.05912
2026/05/27 16:48:00,NOAA-20,Brasil,PARÁ,SÃO GERALDO DO ARAGUAIA,Amazônia,10.0,0.0,0.75,3.0,-6.22929,-48.46701
2026/05/27 16:48:00,NOAA-20,Brasil,MARANHÃO,BARRA DO CORDA,Cerrado,8.0,0.0,0.51,6.5,-5.78389,-45.11964
2026/05/27 16:48:00,NOAA-20,Brasil,PARÁ,SÃO FÉLIX DO XINGU,Amazônia,13.0,0.0,0.74,2.2,-8.90854,-51.85373
2026/05/27 16:48:00,NOAA-20,Brasil,PARÁ,CUMARU DO NORTE,Amazônia,9.0,0.0,0.4,2.6,-7.68362,-51.04572
2026/05/27 16:48:00,NOAA-20,Brasil,TOCANTINS,GOIATINS,Cerrado,13.0,0.0,0.69,1.8,-8.44983,-47.56962
2026/05/27 16:48:00,NOAA-20,Brasil,MARANHÃO,MIRADOR,Cerrado,11.0,0.0,0.93,82.6,-6.63081,-45.62877
2026/05/27 16:48:00,NOAA-20,Brasil,PARÁ,OURILÂNDIA DO NORTE,Amazônia,11.0,0.0,0.61,2.6,-7.64641,-51.66317
2026/05/27 16:48:00,NOAA-20,Brasil,MARANHÃO,FERNANDO FALCÃO,Cerrado,9.0,0.0,0.95,3.7,-6.07158,-45.12762
2026/05/27 16:48:00,NOAA-20,Brasil,PARÁ,CUMARU DO NORTE,Amazônia,9.0,0.0,0.56,2.3,-7.68286,-51.08955
2026/05/27 16:48:00,NOAA-20,Brasil,TOCANTINS,GOIANORTE,Cerrado,18.0,0.0,1.0,2.2,-8.70012,-49.21037
2026/05/27 16:48:00,NOAA-20,Brasil,AMAZONAS,MANICORÉ,Amazônia,8.0,0.0,0.72,39.0,-8.38704,-61.85697
2026/05/27 16:48:00,NOAA-20,Brasil,PIAUÍ,RIBEIRO GONÇALVES,Cerrado,26.0,0.0,0.92,14.2,-7.76732,-45.29065
2026/05/27 16:48:00,NOAA-20,Brasil,MARANHÃO,FERNANDO FALCÃO,Cerrado,9.0,0.0,1.0,6.2,-6.28471,-45.55083
2026/05/27 16:48:00,NOAA-20,Brasil,PARÁ,OURILÂNDIA DO NORTE,Amazônia,11.0,0.0,0.46,4.5,-8.20736,-52.03572
2026/05/27 16:48:00,NOAA-20,Brasil,MARANHÃO,CAROLINA,Cerrado,12.0,0.0,0.65,4.0,-7.68484,-47.14431
2026/05/27 16:48:00,NOAA-20,Brasil,PARÁ,OURILÂNDIA DO NORTE,Amazônia,11.0,0.0,0.58,3.5,-7.66848,-51.68913
2026/05/27 16:48:00,NOAA-20,Brasil,AMAZONAS,MANICORÉ,Amazônia,8.0,0.0,0.78,4.6,-8.26423,-61.6526
2026/05/27 16:48:00,NOAA-20,Brasil,TOCANTINS,GOIATINS,Cerrado,13.0,0.0,0.83,2.0,-8.28756,-47.48386
2026/05/27 16:48:00,NOAA-20,Brasil,PARÁ,SANTA MARIA DAS BARREIRAS,Amazônia,13.0,0.0,0.61,6.2,-8.43848,-49.7087
2026/05/27 16:48:00,NOAA-20,Brasil,RIO GRANDE DO NORTE,TIBAU,Caatinga,-999.0,2.8,0.13,3.8,-4.92241,-37.34739
2026/05/27 16:48:00,NOAA-20,Brasil,AMAZONAS,MANICORÉ,Amazônia,8.0,0.0,0.73,6.8,-8.35285,-61.8078
2026/05/27 16:48:00,NOAA-20,Brasil,AMAZONAS,MANICORÉ,Amazônia,8.0,0.0,0.77,5.1,-8.27877,-61.65715
2026/05/27 16:48:00,NOAA-20,Brasil,MARANHÃO,FERNANDO FALCÃO,Cerrado,9.0,0.0,0.78,4.5,-6.20493,-45.09008
2026/05/27 16:48:00,NOAA-20,Brasil,TOCANTINS,ITACAJÁ,Cerrado,13.0,0.0,0.67,3.8,-8.47626,-47.65205
2026/05/27 16:48:00,NOAA-20,Brasil,TOCANTINS,PALMEIRANTE,Cerrado,6.0,0.0,0.53,13.6,-7.91998,-48.271
2026/05/27 16:48:00,NOAA-20,Brasil,TOCANTINS,DARCINÓPOLIS,Cerrado,11.0,0.0,0.49,4.9,-6.64914,-48.01791
2026/05/27 16:48:00,NOAA-20,Brasil,AMAZONAS,MANICORÉ,Amazônia,9.0,0.0,0.53,6.5,-8.17408,-61.49585
2026/05/27 16:48:00,NOAA-20,Brasil,PARÁ,CUMARU DO NORTE,Amazônia,9.0,0.0,0.56,2.6,-7.68459,-51.10149
2026/05/27 16:48:00,NOAA-20,Brasil,PARÁ,CUMARU DO NORTE,Amazônia,14.0,0.0,1.0,31.2,-8.52187,-51.57671
2026/05/27 16:48:00,NOAA-20,Brasil,MARANHÃO,GRAJAÚ,Cerrado,8.0,0.0,1.0,9.7,-5.87326,-46.25569
2026/05/27 16:48:00,NOAA-20,Brasil,AMAZONAS,MANICORÉ,Amazônia,9.0,0.0,0.61,7.4,-8.26463,-61.60684
2026/05/27 16:48:00,NOAA-20,Brasil,TOCANTINS,ARAGUAÍNA,Amazônia,12.0,0.0,1.0,6.7,-7.43016,-49.02071
2026/05/27 16:48:00,NOAA-20,Brasil,TOCANTINS,DARCINÓPOLIS,Cerrado,11.0,0.0,0.48,10.9,-6.64688,-48.02541
2026/05/27 16:48:00,NOAA-20,Brasil,TOCANTINS,GOIATINS,Cerrado,13.0,0.0,0.81,2.9,-8.24406,-47.55584
2026/05/27 16:48:00,NOAA-20,Brasil,PIAUÍ,MONSENHOR GIL,Caatinga,9.0,0.0,0.35,9.1,-5.58097,-42.72603
2026/05/27 16:48:00,NOAA-20,Brasil,MARANHÃO,SÃO JOÃO DO PARAÍSO,Cerrado,9.0,0.0,1.0,3.0,-6.34901,-46.98121
2026/05/27 16:48:00,NOAA-20,Brasil,MARANHÃO,SAMBAÍBA,Cerrado,29.0,0.0,0.9,1.8,-7.41249,-45.50835
2026/05/27 16:48:00,NOAA-20,Brasil,PARÁ,OURILÂNDIA DO NORTE,Amazônia,11.0,0.0,0.29,9.9,-8.35074,-51.9193
2026/05/27 16:48:00,NOAA-20,Brasil,PARÁ,CUMARU DO NORTE,Amazônia,13.0,0.0,0.97,29.0,-8.54528,-51.50946
2026/05/27 16:48:00,NOAA-20,Brasil,PARÁ,CUMARU DO NORTE,Amazônia,9.0,0.0,0.56,5.6,-7.67716,-51.0503
2026/05/27 16:48:00,NOAA-20,Brasil,AMAZONAS,MANICORÉ,Amazônia,8.0,0.0,0.74,3.8,-8.32361,-61.73607
2026/05/27 16:48:00,NOAA-20,Brasil,TOCANTINS,GOIATINS,Cerrado,13.0,0.0,0.83,2.6,-8.30527,-47.51009
2026/05/27 16:48:00,NOAA-20,Brasil,PARÁ,SÃO FÉLIX DO XINGU,Amazônia,12.0,0.0,0.74,4.1,-8.89448,-51.88686
2026/05/27 16:48:00,NOAA-20,Brasil,AMAZONAS,MANICORÉ,Amazônia,8.0,0.0,0.78,5.9,-8.26434,-61.65866
2026/05/27 16:48:00,NOAA-20,Brasil,MARANHÃO,CAROLINA,Cerrado,11.0,0.0,0.66,4.2,-7.12652,-46.88919
2026/05/27 16:48:00,NOAA-20,Brasil,TOCANTINS,DARCINÓPOLIS,Cerrado,11.0,0.0,0.49,3.4,-6.64581,-48.01843
2026/05/27 16:48:00,NOAA-20,Brasil,PARÁ,CUMARU DO NORTE,Amazônia,9.0,0.0,0.56,2.6,-7.68402,-51.09755
2026/05/27 16:48:00,NOAA-20,Brasil,PARÁ,CUMARU DO NORTE,Amazônia,10.0,0.0,0.75,6.2,-8.41236,-51.33942
2026/05/27 16:48:00,NOAA-20,Brasil,MARANHÃO,BALSAS,Cerrado,9.0,0.0,0.94,12.5,-8.03844,-45.84538
2026/05/27 16:48:00,NOAA-20,Brasil,MARANHÃO,LORETO,Cerrado,23.0,0.0,0.89,31.8,-7.01399,-45.0074
2026/05/27 16:48:00,NOAA-20,Brasil,PARÁ,CUMARU DO NORTE,Amazônia,12.0,0.0,0.74,3.3,-8.89874,-51.86399
2026/05/27 16:48:00,NOAA-20,Brasil,CEARÁ,RUSSAS,Caatinga,6.0,4.17,0.04,6.5,-5.02832,-38.12074
2026/05/27 16:48:00,NOAA-20,Brasil,TOCANTINS,GOIATINS,Cerrado,13.0,0.0,0.83,2.0,-8.28914,-47.51624
2026/05/27 16:48:00,NOAA-20,Brasil,PARÁ,SÃO GERALDO DO ARAGUAIA,Amazônia,11.0,0.0,1.0,5.8,-6.20445,-48.57015
2026/05/27 16:48:00,NOAA-20,Brasil,AMAZONAS,MANICORÉ,Amazônia,9.0,0.0,0.73,13.7,-8.35376,-61.64163
2026/05/27 16:48:00,NOAA-20,Brasil,AMAZONAS,MANICORÉ,Amazônia,9.0,0.0,0.74,33.0,-8.31608,-61.62005
2026/05/27 16:48:00,NOAA-20,Brasil,MARANHÃO,CAROLINA,Cerrado,12.0,0.0,0.65,10.9,-7.69159,-47.14326
2026/05/27 16:50:00,GOES-19,Brasil,MARANHÃO,SÃO FÉLIX DE BALSAS,Cerrado,21.0,0.0,0.88,59.4,-7.0127,-44.9841
2026/05/27 16:50:00,NOAA-20,Brasil,PARÁ,CAMETÁ,Amazônia,0.0,1.46,0.0,5.1,-2.21477,-49.69385
2026/05/27 16:50:00,NOAA-20,Brasil,PARÁ,ABAETETUBA,Amazônia,0.0,3.5,0.0,4.3,-1.84325,-48.83944
2026/05/27 16:50:00,NOAA-20,Brasil,PARÁ,BREVES,Amazônia,-999.0,0.0,0.0,2.2,-1.66083,-50.44616
2026/05/27 16:50:00,NOAA-20,Brasil,PARÁ,CAMETÁ,Amazônia,0.0,2.56,-999.0,2.6,-2.2566,-49.52174
2026/05/27 16:50:00,NOAA-20,Brasil,PARÁ,ACARÁ,Amazônia,0.0,1.5,0.0,5.3,-2.03377,-48.53068
2026/05/27 16:50:00,NOAA-20,Brasil,PARÁ,MOJUÍ DOS CAMPOS,Amazônia,2.0,0.0,0.01,6.5,-3.14885,-54.66703
2026/05/27 16:50:00,GOES-19,Brasil,TOCANTINS,MATEIROS,Cerrado,4.0,0.0,0.77,81.4,-10.8005,-46.8809
2026/05/27 16:50:00,GOES-19,Brasil,TOCANTINS,PIUM,Cerrado,28.0,0.0,0.6,88.6,-10.3589,-49.9098
2026/05/27 16:50:00,GOES-19,Brasil,TOCANTINS,GOIATINS,Cerrado,12.0,0.0,0.78,48.3,-8.051,-47.8158
2026/05/27 16:50:00,GOES-19,Brasil,MARANHÃO,BALSAS,Cerrado,32.0,0.0,0.8,40.2,-9.1349,-46.8495
2026/05/27 16:50:00,GOES-19,Brasil,MARANHÃO,FERNANDO FALCÃO,Cerrado,9.0,0.0,0.98,85.8,-6.1859,-45.2109
2026/05/27 17:00:00,GOES-19,Brasil,TOCANTINS,PIUM,Cerrado,28.0,0.0,0.61,80.8,-10.3778,-49.9078
2026/05/27 17:00:00,GOES-19,Brasil,TOCANTINS,RIO SONO,Cerrado,29.0,0.0,0.73,55.2,-10.0352,-47.3286
2026/05/27 17:00:00,GOES-19,Brasil,TOCANTINS,MATEIROS,Cerrado,4.0,0.0,0.99,77.6,-10.954,-46.7943
2026/05/27 17:00:00,GOES-19,Brasil,PARÁ,SÃO FÉLIX DO XINGU,Amazônia,12.0,0.0,0.74,53.6,-8.9058,-51.8831
2026/05/27 17:00:00,GOES-19,Brasil,TOCANTINS,MATEIROS,Cerrado,4.0,0.0,1.0,144.8,-10.9352,-46.7743
2026/05/27 17:10:00,GOES-19,Brasil,TOCANTINS,LAGOA DA CONFUSÃO,Cerrado,26.0,0.0,1.0,58.4,-10.645,-49.729
2026/05/27 17:10:00,GOES-19,Brasil,TOCANTINS,MATEIROS,Cerrado,4.0,0.0,0.89,130.1,-10.8386,-46.8761
2026/05/27 17:10:00,GOES-19,Brasil,TOCANTINS,PIUM,Cerrado,28.0,0.0,0.61,80.8,-10.3778,-49.9078
2026/05/27 17:10:00,GOES-19,Brasil,TOCANTINS,PIUM,Cerrado,28.0,0.0,0.6,62.2,-10.3589,-49.9098
2026/05/27 17:10:00,GOES-19,Brasil,TOCANTINS,MATEIROS,Cerrado,4.0,0.0,0.89,258.1,-10.8389,-46.8537
2026/05/27 17:20:00,GOES-19,Brasil,TOCANTINS,CONCEIÇÃO DO TOCANTINS,Cerrado,4.0,0.0,0.62,91.9,-11.9741,-47.3762
2026/05/27 17:20:00,GOES-19,Brasil,MARANHÃO,LORETO,Cerrado,22.0,0.0,0.89,117.4,-7.0125,-45.0069
2026/05/27 17:20:00,GOES-19,Brasil,TOCANTINS,LAGOA DA CONFUSÃO,Cerrado,27.0,0.0,1.0,89.8,-10.6639,-49.727
2026/05/27 17:20:00,GOES-19,Brasil,TOCANTINS,LAGOA DA CONFUSÃO,Cerrado,27.0,0.0,0.78,60.0,-10.6642,-49.7054
2026/05/27 17:20:00,GOES-19,Brasil,TOCANTINS,MATEIROS,Cerrado,4.0,0.0,0.89,121.2,-10.8389,-46.8537
2026/05/27 17:20:00,GOES-19,Brasil,TOCANTINS,RIO SONO,Cerrado,29.0,0.0,0.73,72.3,-10.0352,-47.3286
2026/05/27 17:20:00,GOES-19,Brasil,TOCANTINS,MATEIROS,Cerrado,4.0,0.0,0.77,89.3,-10.8005,-46.8809
2026/05/27 17:20:00,GOES-19,Brasil,TOCANTINS,NOVO ACORDO,Cerrado,29.0,0.0,0.93,117.3,-10.0542,-47.3264
2026/05/27 17:20:00,GOES-19,Brasil,TOCANTINS,RIO SONO,Cerrado,29.0,0.0,0.95,77.0,-9.8061,-47.4871
2026/05/27 17:30:00,GOES-19,Brasil,TOCANTINS,LAGOA DA CONFUSÃO,Cerrado,26.0,0.0,1.0,78.5,-10.645,-49.729
2026/05/27 17:30:00,GOES-19,Brasil,TOCANTINS,CONCEIÇÃO DO TOCANTINS,Cerrado,4.0,0.0,0.62,90.8,-11.9741,-47.3762
2026/05/27 17:30:00,GOES-19,Brasil,TOCANTINS,LAGOA DA CONFUSÃO,Cerrado,26.0,0.0,0.99,75.8,-10.586,-49.8858
2026/05/27 17:30:00,GOES-19,Brasil,PARÁ,CUMARU DO NORTE,Amazônia,9.0,0.0,0.56,48.8,-7.6803,-51.1
2026/05/27 17:30:00,NOAA-21,Brasil,RIO GRANDE DO SUL,SÃO BORJA,Pampa,5.0,0.0,0.92,5.9,-28.85027,-55.92472
2026/05/27 17:30:00,NOAA-21,Brasil,RIO GRANDE DO SUL,ROSÁRIO DO SUL,Pampa,2.0,0.0,0.83,6.0,-30.43188,-55.00686
2026/05/27 17:30:00,GOES-19,Brasil,TOCANTINS,GOIATINS,Cerrado,12.0,0.0,0.78,112.5,-8.051,-47.8158
2026/05/27 17:32:00,NOAA-21,Brasil,MATO GROSSO DO SUL,COXIM,Cerrado,8.0,0.0,0.44,3.0,-18.46492,-54.70868
2026/05/27 17:32:00,NOAA-21,Brasil,GOIÁS,SERRANÓPOLIS,Cerrado,4.0,0.0,0.66,11.2,-18.21667,-51.8854
2026/05/27 17:32:00,NOAA-21,Brasil,GOIÁS,APORÉ,Cerrado,3.0,0.0,0.67,17.1,-18.81264,-51.72367
2026/05/27 17:32:00,NOAA-21,Brasil,SÃO PAULO,PAULO DE FARIA,Mata Atlântica,8.0,0.0,0.94,6.4,-20.19341,-49.5613
2026/05/27 17:32:00,NOAA-21,Brasil,SÃO PAULO,AGUAÍ,Cerrado,7.0,0.0,1.0,5.6,-22.02172,-46.91235
2026/05/27 17:32:00,NOAA-21,Brasil,MATO GROSSO DO SUL,NIOAQUE,Cerrado,2.0,0.0,1.0,4.0,-21.28463,-56.106
2026/05/27 17:32:00,NOAA-21,Brasil,SÃO PAULO,MOCOCA,Cerrado,7.0,0.0,1.0,8.2,-21.54099,-47.04657
2026/05/27 17:32:00,NOAA-21,Brasil,SÃO PAULO,PAULO DE FARIA,Mata Atlântica,8.0,0.0,0.96,6.4,-20.19403,-49.5643
2026/05/27 17:32:00,NOAA-21,Brasil,GOIÁS,APARECIDA DO RIO DOCE,Cerrado,5.0,0.0,1.0,8.7,-18.13231,-51.17295
2026/05/27 17:32:00,NOAA-21,Brasil,GOIÁS,APORÉ,Cerrado,3.0,0.0,0.88,17.1,-18.80819,-51.72454
2026/05/27 17:32:00,NOAA-21,Brasil,MINAS GERAIS,CENTRALINA,Cerrado,11.0,0.0,0.63,3.2,-18.72659,-49.09742
2026/05/27 17:32:00,NOAA-21,Brasil,MINAS GERAIS,MONTE CARMELO,Cerrado,4.0,0.0,1.0,12.9,-18.82083,-47.48488
2026/05/27 17:32:00,NOAA-21,Brasil,SÃO PAULO,MOCOCA,Cerrado,7.0,0.0,1.0,10.8,-21.5419,-47.05062
2026/05/27 17:32:00,NOAA-21,Brasil,MINAS GERAIS,ABAETÉ,Cerrado,4.0,0.0,0.76,69.0,-19.15051,-45.10949
2026/05/27 17:32:00,NOAA-21,Brasil,MATO GROSSO DO SUL,TERENOS,Cerrado,3.0,0.0,0.83,4.9,-20.73384,-54.83628
2026/05/27 17:32:00,NOAA-21,Brasil,MATO GROSSO DO SUL,TERENOS,Cerrado,3.0,0.0,0.73,6.8,-20.73217,-54.83479
2026/05/27 17:32:00,NOAA-21,Brasil,DISTRITO FEDERAL,BRASÍLIA,Cerrado,10.0,0.0,0.97,16.3,-15.69812,-47.98958
2026/05/27 17:32:00,NOAA-21,Brasil,SÃO PAULO,PRESIDENTE ALVES,Mata Atlântica,3.0,0.12,0.92,14.6,-22.14252,-49.42139
2026/05/27 17:32:00,NOAA-21,Brasil,MATO GROSSO,ALTO GARÇAS,Cerrado,5.0,0.0,0.95,5.9,-16.79777,-53.59563
2026/05/27 17:32:00,NOAA-21,Brasil,PARANÁ,ALTO PARAÍSO,Mata Atlântica,3.0,0.0,0.53,6.6,-23.48233,-53.83015
2026/05/27 17:32:00,NOAA-21,Brasil,PARANÁ,SÃO PEDRO DO IVAÍ,Mata Atlântica,0.0,0.0,0.04,4.8,-23.84203,-51.89623
2026/05/27 17:32:00,NOAA-21,Brasil,GOIÁS,APORÉ,Cerrado,3.0,0.0,0.94,11.6,-18.80644,-51.71536
2026/05/27 17:32:00,NOAA-21,Brasil,MATO GROSSO DO SUL,BELA VISTA,Cerrado,3.0,0.0,1.0,3.7,-22.05053,-56.21425
2026/05/27 17:32:00,NOAA-21,Brasil,MINAS GERAIS,ROMARIA,Cerrado,5.0,0.0,1.0,27.4,-18.86856,-47.65016
2026/05/27 17:32:00,NOAA-21,Brasil,MATO GROSSO DO SUL,TERENOS,Cerrado,3.0,0.0,0.62,3.2,-20.73024,-54.837
2026/05/27 17:32:00,NOAA-21,Brasil,PARANÁ,TAMBOARA,Mata Atlântica,7.0,0.0,0.29,6.0,-23.17216,-52.46717
2026/05/27 17:32:00,NOAA-21,Brasil,GOIÁS,APORÉ,Cerrado,3.0,0.0,0.84,11.6,-18.80732,-51.72
2026/05/27 17:32:00,NOAA-21,Brasil,MATO GROSSO DO SUL,AMAMBAI,Mata Atlântica,7.0,0.0,0.99,4.8,-23.07306,-54.91752
2026/05/27 17:32:00,NOAA-21,Brasil,MATO GROSSO,ALTO TAQUARI,Cerrado,4.0,0.0,0.4,4.4,-17.70846,-53.2697
2026/05/27 17:32:00,NOAA-21,Brasil,MATO GROSSO DO SUL,BELA VISTA,Cerrado,3.0,0.0,0.99,0.3,-21.95533,-56.29187
2026/05/27 17:32:00,NOAA-21,Brasil,PARANÁ,TAPEJARA,Mata Atlântica,0.0,0.0,0.5,7.1,-23.64641,-52.97738
2026/05/27 17:32:00,NOAA-21,Brasil,SÃO PAULO,ÁGUAS DE SANTA BÁRBARA,Cerrado,2.0,0.0,0.17,24.7,-22.79277,-49.34287
2026/05/27 17:32:00,NOAA-21,Brasil,MINAS GERAIS,CENTRALINA,Cerrado,11.0,0.0,0.8,3.2,-18.72588,-49.09394
2026/05/27 17:32:00,NOAA-21,Brasil,MATO GROSSO,ALTO GARÇAS,Cerrado,5.0,0.0,0.99,11.2,-16.79708,-53.5919
2026/05/27 17:32:00,NOAA-21,Brasil,PARANÁ,SARANDI,Mata Atlântica,0.0,0.0,0.16,2.5,-23.54378,-51.8993
2026/05/27 17:32:00,NOAA-21,Brasil,PARANÁ,SÃO PEDRO DO IVAÍ,Mata Atlântica,0.0,0.0,0.04,21.6,-23.84278,-51.90012
2026/05/27 17:32:00,NOAA-21,Brasil,MINAS GERAIS,ARINOS,Cerrado,12.0,0.0,1.0,3.7,-16.16491,-46.13495
2026/05/27 17:32:00,NOAA-21,Brasil,MATO GROSSO DO SUL,SELVÍRIA,Mata Atlântica,8.0,0.0,0.89,10.2,-20.47008,-51.4963
2026/05/27 17:34:00,NOAA-21,Brasil,MATO GROSSO,ARIPUANÃ,Amazônia,9.0,0.0,0.28,2.8,-10.6706,-58.95776
2026/05/27 17:34:00,NOAA-21,Brasil,MATO GROSSO,SÃO FÉLIX DO ARAGUAIA,Amazônia,12.0,0.0,0.27,11.0,-11.47207,-52.92477
2026/05/27 17:34:00,NOAA-21,Brasil,MATO GROSSO,SÃO FÉLIX DO ARAGUAIA,Amazônia,12.0,0.0,0.27,5.3,-11.46553,-52.91552
2026/05/27 17:34:00,NOAA-21,Brasil,PARÁ,SANTANA DO ARAGUAIA,Amazônia,21.0,0.0,0.9,9.0,-9.59461,-50.98824
2026/05/27 17:34:00,NOAA-21,Brasil,MATO GROSSO,CONFRESA,Amazônia,12.0,0.0,1.0,3.3,-10.49876,-51.86921
2026/05/27 17:34:00,NOAA-21,Brasil,TOCANTINS,MATEIROS,Cerrado,4.0,0.0,0.73,11.0,-10.77292,-46.89841
2026/05/27 17:34:00,NOAA-21,Brasil,MATO GROSSO,PORTO DOS GAÚCHOS,Amazônia,10.0,0.0,0.31,22.1,-11.78716,-57.01125
2026/05/27 17:34:00,NOAA-21,Brasil,BAHIA,COCOS,Cerrado,4.0,0.01,0.99,175.0,-14.77872,-45.61122
2026/05/27 17:34:00,NOAA-21,Brasil,TOCANTINS,MATEIROS,Cerrado,4.0,0.0,0.89,8.8,-10.84895,-46.85129
2026/05/27 17:34:00,NOAA-21,Brasil,MATO GROSSO,CLÁUDIA,Amazônia,12.0,0.0,0.39,6.3,-11.46605,-55.11902
2026/05/27 17:34:00,NOAA-21,Brasil,MATO GROSSO,CLÁUDIA,Amazônia,11.0,0.0,0.34,6.8,-11.45263,-55.11387
2026/05/27 17:34:00,NOAA-21,Brasil,MATO GROSSO,TABAPORÃ,Amazônia,9.0,0.0,0.26,4.5,-11.03679,-56.92121
2026/05/27 17:34:00,NOAA-21,Brasil,TOCANTINS,RIO SONO,Cerrado,29.0,0.0,0.91,14.4,-9.40061,-47.36159
2026/05/27 17:34:00,NOAA-21,Brasil,MATO GROSSO,UNIÃO DO SUL,Amazônia,26.0,0.0,0.22,6.9,-11.27554,-53.96836
2026/05/27 17:34:00,NOAA-21,Brasil,TOCANTINS,GOIATINS,Cerrado,12.0,0.0,0.77,30.6,-8.05502,-47.82014
2026/05/27 17:34:00,NOAA-21,Brasil,PARÁ,SÃO FÉLIX DO XINGU,Amazônia,14.0,0.0,0.73,8.1,-8.91628,-51.82252
2026/05/27 17:34:00,NOAA-21,Brasil,MATO GROSSO,CLÁUDIA,Amazônia,11.0,0.0,0.44,10.1,-11.73854,-54.80599
2026/05/27 17:34:00,NOAA-21,Brasil,MATO GROSSO,GAÚCHA DO NORTE,Amazônia,29.0,0.0,0.94,23.4,-12.461,-53.11254
2026/05/27 17:34:00,NOAA-21,Brasil,PARÁ,SANTANA DO ARAGUAIA,Amazônia,17.0,0.0,1.0,8.5,-9.57566,-51.04058
2026/05/27 17:34:00,NOAA-21,Brasil,TOCANTINS,ITACAJÁ,Cerrado,13.0,0.0,0.67,14.5,-8.55904,-47.77302
2026/05/27 17:34:00,NOAA-21,Brasil,BAHIA,COCOS,Cerrado,4.0,0.03,0.99,261.7,-14.78009,-45.61296
2026/05/27 17:34:00,NOAA-21,Brasil,MATO GROSSO,PORTO ESPERIDIÃO,Pantanal,6.0,0.0,1.0,5.9,-15.80313,-58.63657
2026/05/27 17:34:00,NOAA-21,Brasil,MATO GROSSO,TANGARÁ DA SERRA,Cerrado,8.0,0.0,0.8,4.2,-14.135,-58.51313
2026/05/27 17:34:00,NOAA-21,Brasil,MATO GROSSO,CÁCERES,Pantanal,8.0,0.0,0.33,6.8,-16.16249,-58.47553
2026/05/27 17:34:00,NOAA-21,Brasil,MATO GROSSO,NOVA MARINGÁ,Amazônia,10.0,0.0,0.28,10.3,-12.55038,-57.21904
2026/05/27 17:34:00,NOAA-21,Brasil,MATO GROSSO,TABAPORÃ,Amazônia,9.0,0.0,0.38,16.2,-11.51502,-56.12038
2026/05/27 17:34:00,NOAA-21,Brasil,MATO GROSSO,ARIPUANÃ,Amazônia,9.0,0.0,0.85,3.8,-10.28309,-58.92986
2026/05/27 17:34:00,NOAA-21,Brasil,MATO GROSSO,NOVA MARINGÁ,Amazônia,11.0,0.1,0.26,7.8,-11.80277,-57.35297
2026/05/27 17:34:00,NOAA-21,Brasil,TOCANTINS,LAGOA DA CONFUSÃO,Cerrado,27.0,0.0,1.0,8.2,-10.58423,-49.87854
2026/05/27 17:34:00,NOAA-21,Brasil,TOCANTINS,LAGOA DA CONFUSÃO,Cerrado,27.0,0.0,0.89,12.8,-10.66981,-49.69903
2026/05/27 17:34:00,NOAA-21,Brasil,MATO GROSSO,UNIÃO DO SUL,Amazônia,26.0,0.0,0.23,6.9,-11.27479,-53.96407
2026/05/27 17:34:00,NOAA-21,Brasil,TOCANTINS,PIUM,Cerrado,28.0,0.0,0.59,9.2,-10.37142,-49.89579
2026/05/27 17:34:00,NOAA-21,Brasil,MATO GROSSO,VILA RICA,Amazônia,28.0,0.0,0.4,8.7,-10.05369,-51.67914
2026/05/27 17:34:00,NOAA-21,Brasil,MATO GROSSO,SÃO FÉLIX DO ARAGUAIA,Amazônia,11.0,0.0,0.28,19.9,-11.35823,-52.96097
2026/05/27 17:34:00,NOAA-21,Brasil,TOCANTINS,PIUM,Cerrado,26.0,0.0,0.67,7.1,-10.40429,-49.81453
2026/05/27 17:34:00,NOAA-21,Brasil,MATO GROSSO,BRASNORTE,Amazônia,8.0,0.02,0.85,25.0,-11.6386,-58.24363
2026/05/27 17:34:00,NOAA-21,Brasil,RONDÔNIA,ALTA FLORESTA D'OESTE,Amazônia,9.0,0.0,0.34,5.2,-12.59969,-62.22994
2026/05/27 17:34:00,NOAA-21,Brasil,MATO GROSSO,NOVA MARINGÁ,Amazônia,10.0,0.1,0.33,5.3,-12.30745,-57.17789
2026/05/27 17:34:00,NOAA-21,Brasil,MATO GROSSO,SÃO FÉLIX DO ARAGUAIA,Amazônia,11.0,0.0,0.28,7.3,-11.35521,-52.96
2026/05/27 17:34:00,NOAA-21,Brasil,MATO GROSSO,PORTO DOS GAÚCHOS,Amazônia,10.0,0.0,0.31,22.1,-11.79079,-57.01065
2026/05/27 17:34:00,NOAA-21,Brasil,MATO GROSSO,TANGARÁ DA SERRA,Cerrado,7.0,0.0,0.81,7.9,-14.16313,-58.86879
2026/05/27 17:34:00,NOAA-21,Brasil,MATO GROSSO,GAÚCHA DO NORTE,Amazônia,29.0,0.0,0.98,11.5,-12.44735,-53.11512
2026/05/27 17:34:00,NOAA-21,Brasil,TOCANTINS,MIRACEMA DO TOCANTINS,Cerrado,21.0,0.0,0.76,20.6,-9.39416,-48.43544
2026/05/27 17:34:00,NOAA-21,Brasil,MATO GROSSO,CLÁUDIA,Amazônia,11.0,0.0,0.28,5.6,-11.729,-54.79992
2026/05/27 17:34:00,NOAA-21,Brasil,TOCANTINS,FORMOSO DO ARAGUAIA,Cerrado,4.0,0.0,1.0,7.0,-11.97484,-49.61631
2026/05/27 17:34:00,NOAA-21,Brasil,TOCANTINS,RIO SONO,Cerrado,29.0,0.0,0.93,23.2,-9.40152,-47.36688
2026/05/27 17:34:00,NOAA-21,Brasil,MATO GROSSO,POCONÉ,Pantanal,5.0,0.0,1.0,2.1,-16.33461,-56.7616
2026/05/27 17:34:00,NOAA-21,Brasil,PARÁ,SANTA MARIA DAS BARREIRAS,Amazônia,13.0,0.0,0.8,14.1,-8.43939,-49.71346
2026/05/27 17:34:00,NOAA-21,Brasil,MATO GROSSO,GAÚCHA DO NORTE,Amazônia,29.0,0.0,1.0,14.2,-12.4482,-53.11987
2026/05/27 17:34:00,NOAA-21,Brasil,MATO GROSSO,NOVA MARINGÁ,Amazônia,11.0,0.1,0.26,28.1,-11.80633,-57.35237
2026/05/27 17:34:00,NOAA-21,Brasil,GOIÁS,ALTO PARAÍSO DE GOIÁS,Cerrado,4.0,0.0,0.91,8.6,-14.12978,-47.74232
2026/05/27 17:34:00,NOAA-21,Brasil,MATO GROSSO,PARANATINGA,Amazônia,12.0,0.0,0.37,35.5,-12.7247,-54.19643
2026/05/27 17:34:00,NOAA-21,Brasil,MATO GROSSO,PARANATINGA,Cerrado,9.0,0.0,0.96,3.4,-13.95513,-53.8674
2026/05/27 17:34:00,NOAA-21,Brasil,MATO GROSSO,ALTO BOA VISTA,Cerrado,26.0,0.0,0.6,5.0,-11.89999,-51.66513
2026/05/27 17:34:00,NOAA-21,Brasil,TOCANTINS,PONTE ALTA DO TOCANTINS,Cerrado,4.0,0.0,0.63,6.1,-10.94211,-47.42334
2026/05/27 17:34:00,NOAA-21,Brasil,MATO GROSSO,NOVA UBIRATÃ,Amazônia,11.0,0.32,0.42,9.2,-12.68325,-54.58164
2026/05/27 17:34:00,NOAA-21,Brasil,PARÁ,SÃO FÉLIX DO XINGU,Amazônia,14.0,0.0,0.71,4.6,-8.88976,-51.79661
2026/05/27 17:34:00,NOAA-21,Brasil,MATO GROSSO,PORTO DOS GAÚCHOS,Amazônia,9.0,0.0,0.27,11.2,-11.55654,-56.95555
2026/05/27 17:34:00,NOAA-21,Brasil,MATO GROSSO,GAÚCHA DO NORTE,Amazônia,29.0,0.0,0.96,18.1,-12.46182,-53.11412
2026/05/27 17:34:00,NOAA-21,Brasil,MATO GROSSO,CÁCERES,Pantanal,8.0,0.0,0.57,10.1,-16.16531,-58.49364
2026/05/27 17:34:00,NOAA-21,Brasil,TOCANTINS,MATEIROS,Cerrado,4.0,0.0,0.89,8.8,-10.842,-46.85251
2026/05/27 17:34:00,NOAA-21,Brasil,TOCANTINS,MATEIROS,Cerrado,4.0,0.0,0.89,15.0,-10.87236,-46.86022
2026/05/27 17:34:00,NOAA-21,Brasil,DISTRITO FEDERAL,BRASÍLIA,Cerrado,10.0,0.0,0.97,13.7,-15.69581,-47.99216
2026/05/27 17:34:00,NOAA-21,Brasil,MATO GROSSO,NOVA UBIRATÃ,Amazônia,12.0,0.0,0.31,9.4,-12.27846,-54.08313
2026/05/27 17:34:00,NOAA-21,Brasil,MATO GROSSO,PORTO DOS GAÚCHOS,Amazônia,10.0,0.0,0.31,11.9,-11.79441,-57.01005
2026/05/27 17:34:00,NOAA-21,Brasil,TOCANTINS,DUERÉ,Cerrado,17.0,0.0,0.96,29.2,-11.18768,-49.67762
2026/05/27 17:34:00,NOAA-21,Brasil,MATO GROSSO,SÃO JOSÉ DO XINGU,Amazônia,12.0,0.0,1.0,3.8,-10.56638,-52.24646
2026/05/27 17:34:00,NOAA-21,Brasil,MATO GROSSO,SÃO FÉLIX DO ARAGUAIA,Amazônia,12.0,0.0,0.27,11.0,-11.47115,-52.91973
2026/05/27 17:34:00,NOAA-21,Brasil,TOCANTINS,CARIRI DO TOCANTINS,Cerrado,4.0,0.0,0.81,6.2,-12.01611,-49.2748
2026/05/27 17:34:00,NOAA-21,Brasil,TOCANTINS,MATEIROS,Cerrado,4.0,0.0,1.0,15.8,-10.90845,-46.78972
2026/05/27 17:34:00,NOAA-21,Brasil,TOCANTINS,NOVO ACORDO,Cerrado,29.0,0.0,0.77,10.5,-10.04691,-47.34259
2026/05/27 17:34:00,NOAA-21,Brasil,PARÁ,SÃO FÉLIX DO XINGU,Amazônia,12.0,0.0,0.74,7.2,-8.89525,-51.88631
2026/05/27 17:34:00,NOAA-21,Brasil,PARÁ,SANTA MARIA DAS BARREIRAS,Amazônia,13.0,0.0,0.62,14.1,-8.43853,-49.7088
2026/05/27 17:34:00,NOAA-21,Brasil,TOCANTINS,DOIS IRMÃOS DO TOCANTINS,Cerrado,13.0,0.0,0.47,6.6,-9.12844,-49.16417
2026/05/27 17:34:00,NOAA-21,Brasil,MATO GROSSO,SÃO JOSÉ DO XINGU,Amazônia,12.0,0.0,1.0,1.9,-10.56634,-52.24712
2026/05/27 17:34:00,NOAA-21,Brasil,TOCANTINS,MATEIROS,Cerrado,4.0,0.0,1.0,11.2,-10.95275,-46.76398
2026/05/27 17:34:00,NOAA-21,Brasil,PARÁ,SÃO FÉLIX DO XINGU,Amazônia,14.0,0.0,0.75,3.5,-8.94061,-51.83668
2026/05/27 17:34:00,NOAA-21,Brasil,TOCANTINS,MATEIROS,Cerrado,4.0,0.0,0.89,10.5,-10.84224,-46.85006
2026/05/27 17:34:00,NOAA-21,Brasil,TOCANTINS,DUERÉ,Cerrado,18.0,0.0,0.94,25.5,-11.18269,-49.68298
2026/05/27 17:34:00,NOAA-21,Brasil,TOCANTINS,RIO SONO,Cerrado,29.0,0.0,0.79,22.5,-9.68306,-47.38119
2026/05/27 17:34:00,NOAA-21,Brasil,MATO GROSSO,NOVA MARINGÁ,Amazônia,10.0,0.1,0.32,12.3,-12.30388,-57.1785
2026/05/27 17:34:00,NOAA-21,Brasil,MATO GROSSO,PORTO ESPERIDIÃO,Pantanal,4.0,0.0,1.0,2.8,-15.86016,-58.63074
2026/05/27 17:34:00,NOAA-21,Brasil,MATO GROSSO,PORTO DOS GAÚCHOS,Amazônia,9.0,0.0,0.53,8.8,-11.72824,-56.83546
2026/05/27 17:34:00,NOAA-21,Brasil,MATO GROSSO,PARANATINGA,Amazônia,10.0,0.3,0.36,9.8,-13.37775,-54.26962
2026/05/27 17:34:00,NOAA-21,Brasil,MATO GROSSO,PORTO ESPERIDIÃO,Pantanal,6.0,0.0,1.0,15.0,-15.80094,-58.64434
2026/05/27 17:34:00,NOAA-21,Brasil,MATO GROSSO,TANGARÁ DA SERRA,Cerrado,8.0,0.0,0.81,14.9,-14.14339,-58.50774
2026/05/27 17:34:00,NOAA-21,Brasil,TOCANTINS,PIUM,Cerrado,26.0,0.0,0.84,9.0,-10.39764,-49.81142
2026/05/27 17:34:00,NOAA-21,Brasil,TOCANTINS,SÃO FÉLIX DO TOCANTINS,Cerrado,30.0,0.0,0.96,42.3,-10.10574,-47.02983
2026/05/27 17:34:00,NOAA-21,Brasil,TOCANTINS,NOVO ACORDO,Cerrado,29.0,0.0,0.72,19.0,-10.04437,-47.32973
2026/05/27 17:34:00,NOAA-21,Brasil,TOCANTINS,NOVO ACORDO,Cerrado,29.0,0.0,0.72,23.7,-10.04485,-47.32773
2026/05/27 17:34:00,NOAA-21,Brasil,GOIÁS,SÃO DOMINGOS,Cerrado,4.0,0.0,1.0,6.6,-13.59781,-46.5556
2026/05/27 17:34:00,NOAA-21,Brasil,TOCANTINS,NOVO ACORDO,Cerrado,29.0,0.0,0.74,19.0,-10.04567,-47.33632
2026/05/27 17:34:00,NOAA-21,Brasil,MATO GROSSO,PORTO DOS GAÚCHOS,Amazônia,9.0,0.0,0.84,8.8,-11.73262,-56.83918
2026/05/27 17:34:00,NOAA-21,Brasil,MATO GROSSO,QUERÊNCIA,Amazônia,25.0,0.0,0.52,18.0,-12.00746,-52.29362
2026/05/27 17:34:00,NOAA-21,Brasil,MATO GROSSO,NOVA CANAÃ DO NORTE,Amazônia,8.0,0.0,1.0,7.5,-10.746,-55.71576
2026/05/27 17:34:00,NOAA-21,Brasil,TOCANTINS,SANTA RITA DO TOCANTINS,Cerrado,17.0,0.0,0.79,10.3,-11.04778,-49.60081
2026/05/27 17:34:00,NOAA-21,Brasil,PARÁ,SANTA MARIA DAS BARREIRAS,Amazônia,15.0,0.0,1.0,8.0,-8.79933,-50.49543
2026/05/27 17:34:00,NOAA-21,Brasil,TOCANTINS,GOIATINS,Cerrado,13.0,0.0,0.81,42.0,-8.19875,-47.41853
2026/05/27 17:34:00,NOAA-21,Brasil,MATO GROSSO,SÃO FÉLIX DO ARAGUAIA,Amazônia,12.0,0.0,0.27,8.7,-11.45933,-52.91951
2026/05/27 17:34:00,NOAA-21,Brasil,TOCANTINS,MATEIROS,Cerrado,4.0,0.0,0.89,15.0,-10.87777,-46.85149
2026/05/27 17:34:00,NOAA-21,Brasil,TOCANTINS,SÃO FÉLIX DO TOCANTINS,Cerrado,30.0,0.0,0.96,25.4,-10.10685,-47.03167
2026/05/27 17:34:00,NOAA-21,Brasil,GOIÁS,ALTO PARAÍSO DE GOIÁS,Cerrado,4.0,0.0,0.95,8.2,-14.1283,-47.74459
2026/05/27 17:34:00,NOAA-21,Brasil,MATO GROSSO,ÁGUA BOA,Cerrado,9.0,0.0,1.0,6.7,-14.18018,-52.88618
2026/05/27 17:34:00,NOAA-21,Brasil,MATO GROSSO,PORTO ESPERIDIÃO,Pantanal,4.0,0.0,1.0,2.8,-15.86072,-58.63435
2026/05/27 17:34:00,NOAA-21,Brasil,MATO GROSSO,GAÚCHA DO NORTE,Amazônia,29.0,0.0,0.94,7.1,-12.43541,-53.12719
2026/05/27 17:34:00,NOAA-21,Brasil,TOCANTINS,MATEIROS,Cerrado,16.0,0.0,0.97,9.4,-10.63174,-46.90878
2026/05/27 17:34:00,NOAA-21,Brasil,TOCANTINS,GOIATINS,Cerrado,12.0,0.0,0.71,42.7,-8.01798,-47.77637
2026/05/27 17:34:00,NOAA-21,Brasil,MATO GROSSO,NOVA UBIRATÃ,Amazônia,12.0,0.0,0.31,14.2,-12.27492,-54.08813
2026/05/27 17:34:00,NOAA-21,Brasil,TOCANTINS,SÃO SALVADOR DO TOCANTINS,Cerrado,4.0,0.0,0.7,10.9,-12.51551,-48.27573
2026/05/27 17:34:00,NOAA-21,Brasil,TOCANTINS,PALMAS,Cerrado,4.0,0.0,0.51,9.6,-10.25853,-48.1495
2026/05/27 17:34:00,NOAA-21,Brasil,MATO GROSSO,SÃO FÉLIX DO ARAGUAIA,Amazônia,28.0,0.0,0.54,4.6,-11.67123,-51.68658
2026/05/27 17:34:00,NOAA-21,Brasil,MATO GROSSO,CANARANA,Amazônia,24.0,0.0,0.9,14.1,-13.34066,-52.92916
2026/05/27 17:34:00,NOAA-21,Brasil,MATO GROSSO,NOVA UBIRATÃ,Amazônia,12.0,0.0,0.31,17.9,-12.2792,-54.08734
2026/05/27 17:34:00,NOAA-21,Brasil,TOCANTINS,RIO SONO,Cerrado,29.0,0.0,0.79,21.2,-9.68435,-47.38766
2026/05/27 17:34:00,NOAA-21,Brasil,TOCANTINS,MIRACEMA DO TOCANTINS,Cerrado,22.0,0.0,0.76,20.6,-9.38768,-48.4366
2026/05/27 17:34:00,NOAA-21,Brasil,MATO GROSSO,NOVO SANTO ANTÔNIO,Cerrado,13.0,0.0,1.0,64.8,-12.33012,-51.07216
2026/05/27 17:34:00,NOAA-21,Brasil,MATO GROSSO,PORTO DOS GAÚCHOS,Amazônia,11.0,0.0,0.3,14.1,-11.94349,-57.04329
2026/05/27 17:34:00,NOAA-21,Brasil,MATO GROSSO,NOVA UBIRATÃ,Amazônia,11.0,0.55,0.26,13.3,-12.54957,-54.58578
2026/05/27 17:34:00,NOAA-21,Brasil,TOCANTINS,SÃO SALVADOR DO TOCANTINS,Cerrado,4.0,0.0,0.7,8.8,-12.51712,-48.27613
2026/05/27 17:34:00,NOAA-21,Brasil,PARÁ,SÃO FÉLIX DO XINGU,Amazônia,13.0,0.0,0.75,3.5,-8.91206,-51.85931
2026/05/27 17:34:00,NOAA-21,Brasil,MATO GROSSO,NOVO SANTO ANTÔNIO,Cerrado,12.0,0.0,1.0,79.0,-12.33137,-51.07868
2026/05/27 17:34:00,NOAA-21,Brasil,TOCANTINS,TAGUATINGA,Cerrado,4.0,0.0,0.61,7.0,-12.46348,-46.52137
2026/05/27 17:34:00,NOAA-21,Brasil,TOCANTINS,SÃO SALVADOR DO TOCANTINS,Cerrado,4.0,0.0,0.7,10.9,-12.51035,-48.28198
2026/05/27 17:34:00,NOAA-21,Brasil,TOCANTINS,TALISMÃ,Cerrado,4.0,0.0,1.0,7.9,-12.76407,-49.31953
2026/05/27 17:34:00,NOAA-21,Brasil,MATO GROSSO,JUÍNA,Cerrado,10.0,0.0,0.28,5.1,-12.25886,-59.32747
2026/05/27 17:34:00,NOAA-21,Brasil,GOIÁS,MUTUNÓPOLIS,Cerrado,4.0,0.0,0.77,3.5,-13.74362,-49.31451
2026/05/27 17:34:00,NOAA-21,Brasil,MATO GROSSO,TANGARÁ DA SERRA,Cerrado,8.0,0.0,0.8,6.1,-14.13386,-58.50585
2026/05/27 17:34:00,NOAA-21,Brasil,TOCANTINS,RIO SONO,Cerrado,29.0,0.0,0.94,14.4,-9.40187,-47.36805
2026/05/27 17:34:00,NOAA-21,Brasil,MATO GROSSO,GAÚCHA DO NORTE,Amazônia,29.0,0.0,0.99,10.8,-12.45274,-53.11901
2026/05/27 17:34:00,NOAA-21,Brasil,MATO GROSSO,NOVA UBIRATÃ,Amazônia,11.0,0.56,0.26,5.2,-12.5489,-54.58197
2026/05/27 17:34:00,NOAA-21,Brasil,TOCANTINS,LAGOA DA CONFUSÃO,Cerrado,27.0,0.0,0.78,7.1,-10.66395,-49.70019
2026/05/27 17:34:00,NOAA-21,Brasil,TOCANTINS,GOIATINS,Cerrado,12.0,0.0,0.71,30.6,-8.04938,-47.82767
2026/05/27 17:34:00,NOAA-21,Brasil,MATO GROSSO,PARANATINGA,Amazônia,10.0,0.3,0.36,26.8,-13.37708,-54.2658
2026/05/27 17:34:00,NOAA-21,Brasil,MATO GROSSO,JUARA,Amazônia,10.0,0.0,0.31,3.8,-11.87621,-57.82358
2026/05/27 17:34:00,NOAA-21,Brasil,MATO GROSSO,NOVA MARINGÁ,Amazônia,10.0,0.0,0.28,6.3,-12.54328,-57.22025
2026/05/27 17:34:00,NOAA-21,Brasil,MATO GROSSO,NOVA UBIRATÃ,Amazônia,11.0,0.58,0.26,10.8,-12.54678,-54.59412
2026/05/27 17:34:00,NOAA-21,Brasil,MATO GROSSO,NOVA MARINGÁ,Amazônia,10.0,0.0,0.28,6.3,-12.5426,-57.21614
2026/05/27 17:34:00,NOAA-21,Brasil,MATO GROSSO,MARCELÂNDIA,Amazônia,21.0,0.0,0.29,6.1,-10.87227,-53.73896
2026/05/27 17:34:00,NOAA-21,Brasil,TOCANTINS,MATEIROS,Cerrado,4.0,0.0,0.89,9.1,-10.84341,-46.85936
2026/05/27 17:34:00,NOAA-21,Brasil,MATO GROSSO,JUARA,Amazônia,10.0,0.0,0.31,11.5,-11.86229,-57.82597
2026/05/27 17:34:00,NOAA-21,Brasil,MATO GROSSO,MARCELÂNDIA,Amazônia,21.0,0.0,0.29,4.9,-10.87144,-53.73433
2026/05/27 17:34:00,NOAA-21,Brasil,MATO GROSSO,MARCELÂNDIA,Amazônia,12.0,0.0,0.45,4.6,-11.0092,-54.31194
2026/05/27 17:34:00,NOAA-21,Brasil,MATO GROSSO,GAÚCHA DO NORTE,Amazônia,29.0,0.0,0.98,15.6,-12.46549,-53.10854
2026/05/27 17:34:00,NOAA-21,Brasil,MATO GROSSO,PARANATINGA,Cerrado,5.0,0.1,0.64,8.3,-14.29698,-54.6833
2026/05/27 17:34:00,NOAA-21,Brasil,TOCANTINS,TAGUATINGA,Cerrado,4.0,0.0,0.69,6.7,-12.46404,-46.52327
2026/05/27 17:34:00,NOAA-21,Brasil,MATO GROSSO,ÁGUA BOA,Cerrado,10.0,0.0,0.9,23.8,-13.69097,-52.59868
2026/05/27 17:34:00,NOAA-21,Brasil,MATO GROSSO,LUCIARA,Cerrado,20.0,0.0,1.0,13.3,-10.9762,-51.22124
2026/05/27 17:34:00,NOAA-21,Brasil,TOCANTINS,DUERÉ,Cerrado,16.0,0.0,0.95,18.5,-11.18988,-49.68538
2026/05/27 17:34:00,NOAA-21,Brasil,MATO GROSSO,CAMPO VERDE,Cerrado,7.0,0.0,0.6,22.3,-15.71216,-55.29411
2026/05/27 17:34:00,NOAA-21,Brasil,MATO GROSSO,GAÚCHA DO NORTE,Amazônia,29.0,0.0,0.98,27.1,-12.46184,-53.11729
2026/05/27 17:34:00,NOAA-21,Brasil,TOCANTINS,LAGOA DA CONFUSÃO,Cerrado,27.0,0.0,1.0,22.3,-10.57956,-49.88321
2026/05/27 17:34:00,NOAA-21,Brasil,MATO GROSSO,BRASNORTE,Amazônia,8.0,0.04,1.0,3.6,-11.63982,-58.25126
2026/05/27 17:34:00,NOAA-21,Brasil,MATO GROSSO,CLÁUDIA,Amazônia,11.0,0.0,0.3,8.5,-11.74548,-54.79697
2026/05/27 17:34:00,NOAA-21,Brasil,MATO GROSSO,CANARANA,Amazônia,25.0,0.0,0.93,14.1,-13.3415,-52.93377
2026/05/27 17:34:00,NOAA-21,Brasil,MATO GROSSO,GAÚCHA DO NORTE,Amazônia,29.0,0.0,1.0,23.4,-12.46554,-53.11168
2026/05/27 17:34:00,NOAA-21,Brasil,TOCANTINS,TOCANTÍNIA,Cerrado,12.0,0.0,0.69,15.6,-9.63928,-48.03767
2026/05/27 17:34:00,NOAA-21,Brasil,MATO GROSSO,NOVA CANAÃ DO NORTE,Amazônia,8.0,0.0,1.0,5.6,-10.74936,-55.71801
2026/05/27 17:34:00,NOAA-21,Brasil,DISTRITO FEDERAL,BRASÍLIA,Cerrado,10.0,0.0,0.98,15.4,-15.69484,-47.98748
2026/05/27 17:34:00,NOAA-21,Brasil,TOCANTINS,CONCEIÇÃO DO TOCANTINS,Cerrado,4.0,0.0,0.62,27.4,-11.96695,-47.37947
2026/05/27 17:34:00,NOAA-21,Brasil,GOIÁS,URUAÇU,Cerrado,4.0,0.0,1.0,3.0,-14.70923,-49.14707
2026/05/27 17:34:00,NOAA-21,Brasil,TOCANTINS,MONTE SANTO DO TOCANTINS,Cerrado,26.0,0.0,1.0,5.4,-9.96943,-48.95937
2026/05/27 17:34:00,NOAA-21,Brasil,BAHIA,FORMOSA DO RIO PRETO,Cerrado,4.0,0.0,0.98,17.5,-11.20748,-46.40385
2026/05/27 17:34:00,NOAA-21,Brasil,TOCANTINS,MATEIROS,Cerrado,4.0,0.0,0.9,17.4,-10.79227,-46.88755
2026/05/27 17:34:00,NOAA-21,Brasil,TOCANTINS,FORMOSO DO ARAGUAIA,Cerrado,4.0,0.0,0.66,5.3,-11.95063,-49.30483
2026/05/27 17:34:00,NOAA-21,Brasil,TOCANTINS,DUERÉ,Cerrado,17.0,0.0,0.97,25.5,-11.1885,-49.68184
2026/05/27 17:34:00,NOAA-21,Brasil,TOCANTINS,GOIATINS,Cerrado,12.0,0.0,0.77,30.6,-8.04819,-47.8215
2026/05/27 17:34:00,NOAA-21,Brasil,MATO GROSSO,PORTO DOS GAÚCHOS,Amazônia,9.0,0.0,0.27,9.2,-11.54865,-56.93038
2026/05/27 17:34:00,NOAA-21,Brasil,GOIÁS,MIMOSO DE GOIÁS,Cerrado,5.0,0.0,1.0,10.1,-15.0075,-48.31482
2026/05/27 17:34:00,NOAA-21,Brasil,MATO GROSSO,CÁCERES,Pantanal,9.0,0.0,0.3,4.9,-16.16192,-58.47191
2026/05/27 17:34:00,NOAA-21,Brasil,MATO GROSSO,TABAPORÃ,Amazônia,9.0,0.0,0.38,16.2,-11.51964,-56.12453
2026/05/27 17:34:00,NOAA-21,Brasil,TOCANTINS,LAGOA DA CONFUSÃO,Cerrado,27.0,0.0,1.0,19.4,-10.57924,-49.88386
2026/05/27 17:34:00,NOAA-21,Brasil,MATO GROSSO,BRASNORTE,Amazônia,8.0,0.04,0.93,3.6,-11.63921,-58.24745
2026/05/27 17:34:00,NOAA-21,Brasil,MATO GROSSO,CLÁUDIA,Amazônia,11.0,0.0,0.58,11.8,-11.74265,-54.8052
2026/05/27 17:34:00,NOAA-21,Brasil,TOCANTINS,LAGOA DA CONFUSÃO,Cerrado,27.0,0.0,1.0,64.7,-10.65639,-49.72394
2026/05/27 17:34:00,NOAA-21,Brasil,TOCANTINS,MATEIROS,Cerrado,14.0,0.0,0.96,13.8,-10.64404,-46.89444
2026/05/27 17:34:00,NOAA-21,Brasil,PARÁ,CUMARU DO NORTE,Amazônia,12.0,0.0,0.74,5.0,-8.89625,-51.86202
2026/05/27 17:34:00,NOAA-21,Brasil,MATO GROSSO,CONFRESA,Amazônia,12.0,0.0,1.0,2.7,-10.50108,-51.86846
2026/05/27 17:34:00,NOAA-21,Brasil,MATO GROSSO,MARCELÂNDIA,Amazônia,11.0,0.0,0.34,19.8,-10.59935,-53.48052
2026/05/27 17:34:00,NOAA-21,Brasil,TOCANTINS,TOCANTÍNIA,Cerrado,8.0,0.0,0.84,22.8,-9.34793,-48.26521
2026/05/27 17:34:00,NOAA-21,Brasil,PARÁ,SANTA MARIA DAS BARREIRAS,Amazônia,14.0,0.0,1.0,6.2,-8.94567,-50.41204
2026/05/27 17:34:00,NOAA-21,Brasil,TOCANTINS,RIO SONO,Cerrado,29.0,0.0,0.9,16.2,-9.40022,-47.36045
2026/05/27 17:34:00,NOAA-21,Brasil,TOCANTINS,FORMOSO DO ARAGUAIA,Cerrado,4.0,0.0,0.66,13.2,-11.94815,-49.30174
2026/05/27 17:34:00,NOAA-21,Brasil,MATO GROSSO,TANGARÁ DA SERRA,Cerrado,8.0,0.0,0.77,4.0,-14.18371,-58.41467
2026/05/27 17:34:00,NOAA-21,Brasil,GOIÁS,MUTUNÓPOLIS,Cerrado,4.0,0.0,0.92,6.6,-13.738,-49.31601
2026/05/27 17:34:00,NOAA-21,Brasil,MATO GROSSO,PORTO DOS GAÚCHOS,Amazônia,9.0,0.0,0.29,7.2,-11.63878,-56.86238
2026/05/27 17:34:00,NOAA-21,Brasil,MATO GROSSO,PEIXOTO DE AZEVEDO,Amazônia,11.0,0.0,0.64,5.4,-10.54065,-53.54801
2026/05/27 17:34:00,NOAA-21,Brasil,MATO GROSSO,MARCELÂNDIA,Amazônia,11.0,0.0,0.31,19.8,-10.59848,-53.47572
2026/05/27 17:34:00,NOAA-21,Brasil,MATO GROSSO,MARCELÂNDIA,Amazônia,12.0,0.0,0.22,10.9,-10.91277,-54.1225
2026/05/27 17:34:00,NOAA-21,Brasil,PARÁ,SÃO FÉLIX DO XINGU,Amazônia,13.0,0.0,0.75,3.5,-8.91146,-51.856
2026/05/27 17:34:00,NOAA-21,Brasil,TOCANTINS,ITACAJÁ,Cerrado,13.0,0.0,0.67,14.2,-8.55974,-47.77015
2026/05/27 17:34:00,NOAA-21,Brasil,MATO GROSSO,NOVA MARINGÁ,Amazônia,10.0,0.0,0.28,11.0,-12.54057,-57.20382
2026/05/27 17:34:00,NOAA-21,Brasil,MATO GROSSO,PARANATINGA,Amazônia,10.0,0.3,0.36,7.4,-13.3819,-54.26886
2026/05/27 17:34:00,NOAA-21,Brasil,MATO GROSSO,NOVA MARINGÁ,Amazônia,11.0,0.1,0.26,7.8,-11.80345,-57.3571
2026/05/27 17:34:00,NOAA-21,Brasil,TOCANTINS,PIUM,Cerrado,28.0,0.0,0.6,9.2,-10.37223,-49.9
2026/05/27 17:34:00,NOAA-21,Brasil,MATO GROSSO,CLÁUDIA,Amazônia,11.0,0.0,0.28,10.3,-11.72965,-54.80368
2026/05/27 17:34:00,NOAA-21,Brasil,PARÁ,SANTANA DO ARAGUAIA,Amazônia,21.0,0.0,0.87,5.7,-9.59448,-50.98781
2026/05/27 17:34:00,NOAA-21,Brasil,TOCANTINS,MATEIROS,Cerrado,4.0,0.0,0.89,10.6,-10.86552,-46.86193
2026/05/27 17:34:00,NOAA-21,Brasil,MATO GROSSO,PARANATINGA,Cerrado,9.0,0.0,0.94,3.4,-13.95934,-53.86659
2026/05/27 17:34:00,NOAA-21,Brasil,TOCANTINS,ITAPORÃ DO TOCANTINS,Amazônia,12.0,0.0,0.86,2.0,-8.48086,-48.71455
2026/05/27 17:34:00,NOAA-21,Brasil,MATO GROSSO,PORTO DOS GAÚCHOS,Amazônia,9.0,0.0,0.31,15.3,-11.72167,-56.84109
2026/05/27 17:34:00,NOAA-21,Brasil,MATO GROSSO,TAPURAH,Amazônia,11.0,0.0,0.41,10.0,-12.72328,-56.56366
2026/05/27 17:34:00,NOAA-21,Brasil,TOCANTINS,MATEIROS,Cerrado,4.0,0.0,0.9,15.0,-10.87103,-46.8537
2026/05/27 17:34:00,NOAA-21,Brasil,TOCANTINS,FÁTIMA,Cerrado,5.0,0.0,0.82,12.3,-10.77589,-48.80716
2026/05/27 17:34:00,NOAA-21,Brasil,MATO GROSSO,GAÚCHA DO NORTE,Amazônia,29.0,0.0,0.92,12.1,-12.4519,-53.11427
2026/05/27 17:34:00,NOAA-21,Brasil,MATO GROSSO,PORTO ESPERIDIÃO,Pantanal,7.0,0.0,1.0,15.0,-15.79762,-58.64489
2026/05/27 17:34:00,NOAA-21,Brasil,MATO GROSSO,TANGARÁ DA SERRA,Cerrado,8.0,0.0,0.8,14.5,-14.13778,-58.50894
2026/05/27 17:34:00,NOAA-21,Brasil,GOIÁS,MIMOSO DE GOIÁS,Cerrado,5.0,0.0,1.0,9.9,-15.00406,-48.31474
2026/05/27 17:34:00,NOAA-21,Brasil,MATO GROSSO,GAÚCHA DO NORTE,Amazônia,29.0,0.0,0.97,10.8,-12.45729,-53.11815
2026/05/27 17:34:00,NOAA-21,Brasil,MATO GROSSO,NOVA MARINGÁ,Amazônia,10.0,0.0,0.28,6.5,-12.54192,-57.21203
2026/05/27 17:34:00,NOAA-21,Brasil,MATO GROSSO,TANGARÁ DA SERRA,Cerrado,8.0,0.0,0.8,4.7,-14.13835,-58.51258
2026/05/27 17:34:00,NOAA-21,Brasil,MATO GROSSO,ARIPUANÃ,Amazônia,9.0,0.0,1.0,2.9,-10.30163,-59.11533
2026/05/27 17:34:00,NOAA-21,Brasil,MATO GROSSO,CLÁUDIA,Amazônia,11.0,0.0,0.28,8.5,-11.74483,-54.79318
2026/05/27 17:34:00,NOAA-21,Brasil,MATO GROSSO,BRASNORTE,Amazônia,8.0,0.07,1.0,3.7,-11.63638,-58.25182
2026/05/27 17:34:00,NOAA-21,Brasil,TOCANTINS,MATEIROS,Cerrado,4.0,0.0,0.81,12.2,-10.79911,-46.88584
2026/05/27 17:34:00,NOAA-21,Brasil,MATO GROSSO,SÃO FÉLIX DO ARAGUAIA,Amazônia,12.0,0.0,0.27,16.9,-11.46178,-52.92148
2026/05/27 17:34:00,NOAA-21,Brasil,MATO GROSSO,VILA RICA,Amazônia,28.0,0.0,0.38,4.4,-10.05949,-51.68133
2026/05/27 17:34:00,NOAA-21,Brasil,MATO GROSSO,PORTO DOS GAÚCHOS,Amazônia,9.0,0.0,0.27,16.0,-11.54936,-56.9347
2026/05/27 17:34:00,NOAA-21,Brasil,MATO GROSSO,NOVA MARINGÁ,Amazônia,10.0,0.0,0.82,2.0,-12.05364,-57.42109
2026/05/27 17:34:00,NOAA-21,Brasil,MATO GROSSO,PARANATINGA,Cerrado,5.0,0.1,0.63,3.1,-14.2976,-54.68682
2026/05/27 17:34:00,NOAA-21,Brasil,MATO GROSSO,PORTO DOS GAÚCHOS,Amazônia,10.0,0.0,0.31,22.1,-11.79148,-57.0149
2026/05/27 17:34:00,NOAA-21,Brasil,MATO GROSSO,PARANATINGA,Amazônia,12.0,0.0,0.41,13.6,-12.7254,-54.2004
2026/05/27 17:34:00,NOAA-21,Brasil,MATO GROSSO,GAÚCHA DO NORTE,Amazônia,29.0,0.0,0.93,18.1,-12.45727,-53.11498
2026/05/27 17:34:00,NOAA-21,Brasil,TOCANTINS,MIRACEMA DO TOCANTINS,Cerrado,21.0,0.0,0.76,23.9,-9.3952,-48.4409
2026/05/27 17:34:00,NOAA-21,Brasil,TOCANTINS,SANTA MARIA DO TOCANTINS,Cerrado,24.0,0.0,0.98,9.6,-8.92316,-47.54934
2026/05/27 17:34:00,NOAA-21,Brasil,MATO GROSSO,BRASNORTE,Amazônia,8.0,0.01,0.67,25.0,-11.64203,-58.24306
2026/05/27 17:34:00,NOAA-21,Brasil,TOCANTINS,FÁTIMA,Cerrado,5.0,0.0,0.93,12.8,-10.77481,-48.80873
2026/05/27 17:34:00,NOAA-21,Brasil,MATO GROSSO,SÃO FÉLIX DO ARAGUAIA,Amazônia,12.0,0.0,0.27,10.3,-11.44866,-52.92918
2026/05/27 17:34:00,NOAA-21,Brasil,TOCANTINS,PONTE ALTA DO TOCANTINS,Cerrado,4.0,0.0,0.64,7.1,-10.94536,-47.42406
2026/05/27 17:34:00,NOAA-21,Brasil,MATO GROSSO,PORTO DOS GAÚCHOS,Amazônia,9.0,0.0,0.48,12.8,-11.72752,-56.83111
2026/05/27 17:34:00,NOAA-21,Brasil,TOCANTINS,DUERÉ,Cerrado,18.0,0.0,0.81,4.7,-11.18682,-49.70404
2026/05/27 17:34:00,NOAA-21,Brasil,TOCANTINS,DUERÉ,Cerrado,18.0,0.0,0.95,18.5,-11.18327,-49.68232
2026/05/27 17:34:00,NOAA-21,Brasil,TOCANTINS,DUERÉ,Cerrado,16.0,0.0,0.98,18.5,-11.18908,-49.68116
2026/05/27 17:34:00,NOAA-21,Brasil,MATO GROSSO,PORTO DOS GAÚCHOS,Amazônia,9.0,0.0,0.79,8.8,-11.7319,-56.83484
2026/05/27 17:34:00,NOAA-21,Brasil,MATO GROSSO,NOVO SÃO JOAQUIM,Cerrado,4.0,0.27,0.92,7.4,-15.08777,-52.85833
2026/05/27 17:34:00,NOAA-21,Brasil,TOCANTINS,MATEIROS,Cerrado,15.0,0.0,0.97,13.7,-10.63841,-46.90231
2026/05/27 17:34:00,NOAA-21,Brasil,MATO GROSSO,VILA RICA,Amazônia,28.0,0.0,0.82,5.5,-10.04907,-51.68339
2026/05/27 17:34:00,NOAA-21,Brasil,MATO GROSSO,GAÚCHA DO NORTE,Amazônia,29.0,0.0,0.91,18.1,-12.46094,-53.10939
2026/05/27 17:34:00,NOAA-21,Brasil,MATO GROSSO,LUCIARA,Cerrado,21.0,0.0,0.9,10.9,-10.96033,-51.22433
2026/05/27 17:34:00,NOAA-21,Brasil,PARÁ,SÃO FÉLIX DO XINGU,Amazônia,14.0,0.0,0.71,3.8,-8.88916,-51.79333
2026/05/27 17:34:00,NOAA-21,Brasil,TOCANTINS,FORTALEZA DO TABOCÃO,Amazônia,13.0,0.0,1.0,4.5,-9.02268,-48.59983
2026/05/27 17:34:00,NOAA-21,Brasil,TOCANTINS,MATEIROS,Cerrado,4.0,0.0,1.0,14.6,-10.91395,-46.78579
2026/05/27 17:34:00,NOAA-21,Brasil,MATO GROSSO,PORTO ESPERIDIÃO,Pantanal,6.0,0.0,1.0,5.9,-15.80257,-58.63296
2026/05/27 17:34:00,NOAA-21,Brasil,MATO GROSSO,PARANATINGA,Amazônia,12.0,0.0,0.36,27.7,-12.72751,-54.18765
2026/05/27 17:34:00,NOAA-21,Brasil,TOCANTINS,MATEIROS,Cerrado,4.0,0.0,0.81,12.6,-10.77425,-46.90494
2026/05/27 17:34:00,NOAA-21,Brasil,PARÁ,SANTANA DO ARAGUAIA,Amazônia,20.0,0.0,1.0,5.7,-9.59516,-50.99142
2026/05/27 17:34:00,NOAA-21,Brasil,TOCANTINS,LAGOA DA CONFUSÃO,Cerrado,16.0,0.0,0.73,5.0,-10.74438,-49.89907
2026/05/27 17:34:00,NOAA-21,Brasil,MATO GROSSO,PARANATINGA,Amazônia,10.0,0.3,0.36,18.7,-13.38122,-54.26504
2026/05/27 17:34:00,NOAA-21,Brasil,MATO GROSSO,ARIPUANÃ,Amazônia,9.0,0.0,1.0,11.0,-10.67958,-58.94871
2026/05/27 17:34:00,NOAA-21,Brasil,TOCANTINS,LAGOA DA CONFUSÃO,Cerrado,27.0,0.0,1.0,17.0,-10.57843,-49.87968
2026/05/27 17:34:00,NOAA-21,Brasil,BAHIA,COCOS,Cerrado,4.0,0.0,0.99,28.3,-14.77864,-45.60623
2026/05/27 17:34:00,NOAA-21,Brasil,MATO GROSSO,SÃO FÉLIX DO ARAGUAIA,Amazônia,12.0,0.0,0.27,12.4,-11.45085,-52.92637
2026/05/27 17:34:00,NOAA-21,Brasil,TOCANTINS,SANTA RITA DO TOCANTINS,Cerrado,16.0,0.0,0.79,7.9,-11.04528,-49.59533
2026/05/27 17:34:00,NOAA-21,Brasil,TOCANTINS,MATEIROS,Cerrado,15.0,0.0,0.97,20.1,-10.63731,-46.90084
2026/05/27 17:34:00,NOAA-21,Brasil,TOCANTINS,LAGOA DA CONFUSÃO,Cerrado,27.0,0.0,0.97,17.0,-10.57762,-49.87548
2026/05/27 17:34:00,NOAA-21,Brasil,TOCANTINS,LAGOA DA CONFUSÃO,Cerrado,27.0,0.0,1.0,68.8,-10.65752,-49.72324
2026/05/27 17:34:00,NOAA-21,Brasil,MATO GROSSO,JUARA,Amazônia,10.0,0.0,0.31,20.6,-11.87209,-57.82026
2026/05/27 17:34:00,NOAA-21,Brasil,MATO GROSSO,TANGARÁ DA SERRA,Cerrado,10.0,0.0,0.73,2.0,-14.48183,-58.77494
2026/05/27 17:34:00,NOAA-21,Brasil,MATO GROSSO,QUERÊNCIA,Amazônia,12.0,0.0,0.23,18.6,-12.28919,-52.48034
2026/05/27 17:34:00,NOAA-21,Brasil,MATO GROSSO,VILA RICA,Amazônia,28.0,0.0,0.53,5.5,-10.05429,-51.68238
2026/05/27 17:34:00,NOAA-21,Brasil,TOCANTINS,SÃO SALVADOR DO TOCANTINS,Cerrado,4.0,0.0,0.7,8.8,-12.51193,-48.28243
2026/05/27 17:34:00,NOAA-21,Brasil,PARÁ,SÃO FÉLIX DO XINGU,Amazônia,14.0,0.0,0.74,8.1,-8.91689,-51.8259
2026/05/27 17:34:00,NOAA-21,Brasil,TOCANTINS,SÃO FÉLIX DO TOCANTINS,Cerrado,30.0,0.0,0.96,25.4,-10.10554,-47.02504
2026/05/27 17:34:00,NOAA-21,Brasil,MATO GROSSO,LUCIARA,Cerrado,14.0,0.0,0.84,3.5,-11.13012,-50.97544
2026/05/27 17:34:00,NOAA-21,Brasil,TOCANTINS,LAGOA DA CONFUSÃO,Cerrado,26.0,0.0,1.0,19.4,-10.58005,-49.88805
2026/05/27 17:34:00,NOAA-21,Brasil,BAHIA,COCOS,Cerrado,4.0,0.08,1.0,232.5,-14.78024,-45.61801
2026/05/27 17:34:00,NOAA-21,Brasil,TOCANTINS,MATEIROS,Cerrado,4.0,0.0,0.94,6.5,-10.75091,-46.82592
2026/05/27 17:34:00,NOAA-21,Brasil,MATO GROSSO,BRASNORTE,Amazônia,8.0,0.0,0.79,25.0,-11.63799,-58.23981
2026/05/27 17:34:00,NOAA-21,Brasil,MATO GROSSO,ARIPUANÃ,Amazônia,9.0,0.0,1.0,16.9,-10.68296,-58.94813
2026/05/27 17:34:00,NOAA-21,Brasil,MATO GROSSO,PORTO ESPERIDIÃO,Pantanal,6.0,0.0,1.0,5.9,-15.80589,-58.63241
2026/05/27 17:34:00,NOAA-21,Brasil,MATO GROSSO,CARLINDA,Amazônia,11.0,0.0,0.61,2.3,-9.78737,-55.7732
2026/05/27 17:34:00,NOAA-21,Brasil,MATO GROSSO,NOVA MARINGÁ,Amazônia,10.0,0.0,0.28,6.3,-12.53973,-57.22085
2026/05/27 17:34:00,NOAA-21,Brasil,MATO GROSSO,TANGARÁ DA SERRA,Cerrado,8.0,0.0,0.8,14.5,-14.13722,-58.5053
2026/05/27 17:34:00,NOAA-21,Brasil,MATO GROSSO,QUERÊNCIA,Amazônia,25.0,0.0,0.78,6.9,-12.00467,-52.29697
2026/05/27 17:34:00,NOAA-21,Brasil,TOCANTINS,SANTA RITA DO TOCANTINS,Cerrado,17.0,0.0,0.79,10.7,-11.04697,-49.59657
2026/05/27 17:34:00,NOAA-21,Brasil,MATO GROSSO,BRASNORTE,Amazônia,8.0,0.02,0.85,3.6,-11.64264,-58.24689
2026/05/27 17:34:00,NOAA-21,Brasil,MATO GROSSO,TANGARÁ DA SERRA,Cerrado,8.0,0.0,0.8,6.1,-14.13443,-58.50949
2026/05/27 17:34:00,NOAA-21,Brasil,MATO GROSSO,SÃO FÉLIX DO ARAGUAIA,Amazônia,11.0,0.0,0.3,10.1,-11.35989,-52.95912
2026/05/27 17:34:00,NOAA-21,Brasil,MATO GROSSO,PORTO DOS GAÚCHOS,Amazônia,11.0,0.0,0.3,13.9,-11.94192,-57.04277
2026/05/27 17:34:00,NOAA-21,Brasil,MATO GROSSO,LUCIARA,Cerrado,19.0,0.0,1.0,5.3,-10.98149,-51.22022
2026/05/27 17:34:00,NOAA-21,Brasil,MATO GROSSO,CAMPO VERDE,Cerrado,8.0,0.0,0.67,22.3,-15.71134,-55.28941
2026/05/27 17:34:00,NOAA-21,Brasil,GOIÁS,ALTO PARAÍSO DE GOIÁS,Cerrado,6.0,0.0,0.97,13.5,-14.07071,-47.55076
2026/05/27 17:34:00,NOAA-21,Brasil,MATO GROSSO,NOVA MARINGÁ,Amazônia,10.0,0.0,0.28,8.0,-12.54411,-57.20319
2026/05/27 17:34:00,NOAA-21,Brasil,TOCANTINS,MATEIROS,Cerrado,4.0,0.0,0.89,17.4,-10.79334,-46.89281
2026/05/27 17:34:00,NOAA-21,Brasil,MATO GROSSO,CAMPINÁPOLIS,Cerrado,4.0,0.0,1.0,8.2,-14.45809,-52.91155
2026/05/27 17:34:00,NOAA-21,Brasil,MATO GROSSO,MARCELÂNDIA,Amazônia,12.0,0.0,0.22,6.9,-10.91357,-54.12434
2026/05/27 17:34:00,NOAA-21,Brasil,MATO GROSSO,SANTA CRUZ DO XINGU,Amazônia,9.0,0.0,0.33,3.8,-10.1427,-52.13273
2026/05/27 17:34:00,NOAA-21,Brasil,MATO GROSSO,NOVO SANTO ANTÔNIO,Cerrado,13.0,0.0,1.0,64.8,-12.33075,-51.07543
2026/05/27 17:34:00,NOAA-21,Brasil,MATO GROSSO,CLÁUDIA,Amazônia,11.0,0.0,0.33,10.1,-11.73789,-54.80223
2026/05/27 17:34:00,NOAA-21,Brasil,TOCANTINS,ITACAJÁ,Cerrado,13.0,0.0,0.66,6.9,-8.52605,-47.67057
2026/05/27 17:34:00,NOAA-21,Brasil,RONDÔNIA,CORUMBIARA,Amazônia,9.0,0.0,1.0,4.8,-12.7083,-61.05522
2026/05/27 17:34:00,NOAA-21,Brasil,PARÁ,SANTA MARIA DAS BARREIRAS,Amazônia,14.0,0.0,1.0,8.6,-8.94641,-50.41478
2026/05/27 17:34:00,NOAA-21,Brasil,MATO GROSSO,MARCELÂNDIA,Amazônia,12.0,0.0,0.19,9.7,-11.1508,-54.30885
2026/05/27 17:34:00,NOAA-21,Brasil,MATO GROSSO,LUCIARA,Cerrado,19.0,0.0,1.0,5.3,-10.98616,-51.21585
2026/05/27 17:34:00,NOAA-21,Brasil,MATO GROSSO,JUÍNA,Cerrado,10.0,0.0,0.28,3.0,-12.26107,-59.34173
2026/05/27 17:34:00,NOAA-21,Brasil,TOCANTINS,PONTE ALTA DO BOM JESUS,Cerrado,4.0,0.0,0.77,6.3,-11.79008,-46.44978
2026/05/27 17:34:00,NOAA-21,Brasil,PARÁ,SÃO FÉLIX DO XINGU,Amazônia,12.0,0.0,0.74,10.4,-8.89468,-51.88319
2026/05/27 17:34:00,NOAA-21,Brasil,MATO GROSSO,NOVA MARINGÁ,Amazônia,11.0,0.1,0.26,28.1,-11.80988,-57.35174
2026/05/27 17:34:00,NOAA-21,Brasil,TOCANTINS,GOIATINS,Cerrado,12.0,0.0,0.75,37.2,-8.04811,-47.82366
2026/05/27 17:34:00,NOAA-21,Brasil,MINAS GERAIS,JANUÁRIA,Cerrado,7.0,0.0,0.99,7.0,-14.9809,-45.45277
2026/05/27 17:34:00,NOAA-21,Brasil,MATO GROSSO,TANGARÁ DA SERRA,Cerrado,8.0,0.0,0.75,3.7,-14.2212,-58.41221
2026/05/27 17:34:00,NOAA-21,Brasil,BAHIA,COCOS,Cerrado,4.0,0.1,1.0,232.5,-14.78173,-45.62471
2026/05/27 17:34:00,NOAA-21,Brasil,TOCANTINS,LAGOA DA CONFUSÃO,Cerrado,19.0,0.0,0.88,5.9,-10.92972,-49.89498
2026/05/27 17:34:00,NOAA-21,Brasil,TOCANTINS,PARAÍSO DO TOCANTINS,Cerrado,29.0,0.0,1.0,3.7,-10.2054,-48.90871
2026/05/27 17:34:00,NOAA-21,Brasil,MATO GROSSO,JUARA,Amazônia,10.0,0.0,0.31,20.6,-11.87273,-57.82418
2026/05/27 17:34:00,NOAA-21,Brasil,RONDÔNIA,ALTA FLORESTA D'OESTE,Amazônia,9.0,0.0,0.34,5.2,-12.60314,-62.22944
2026/05/27 17:34:00,NOAA-21,Brasil,MATO GROSSO,TABAPORÃ,Amazônia,9.0,0.0,0.26,5.7,-11.04117,-56.925
2026/05/27 17:34:00,NOAA-21,Brasil,TOCANTINS,GOIATINS,Cerrado,12.0,0.0,0.67,44.1,-8.01772,-47.77421
2026/05/27 17:34:00,NOAA-21,Brasil,TOCANTINS,BREJINHO DE NAZARÉ,Cerrado,5.0,0.0,0.69,14.6,-10.83684,-48.76506
2026/05/27 17:34:00,NOAA-21,Brasil,MATO GROSSO,GAÚCHA DO NORTE,Amazônia,29.0,0.0,0.89,12.1,-12.45645,-53.11341
2026/05/27 17:34:00,NOAA-21,Brasil,TOCANTINS,MATEIROS,Cerrado,4.0,0.0,1.0,19.4,-10.91535,-46.79253
2026/05/27 17:34:00,NOAA-21,Brasil,BAHIA,COCOS,Cerrado,3.0,0.1,1.0,113.2,-14.783,-45.62638
2026/05/27 17:34:00,NOAA-21,Brasil,MATO GROSSO,GAÚCHA DO NORTE,Amazônia,29.0,0.0,1.0,15.6,-12.46636,-53.11327
2026/05/27 17:34:00,NOAA-21,Brasil,MATO GROSSO,SÃO FÉLIX DO ARAGUAIA,Cerrado,18.0,0.0,1.0,3.0,-11.63943,-50.8636
2026/05/27 17:34:00,NOAA-21,Brasil,TOCANTINS,LAGOA DA CONFUSÃO,Cerrado,26.0,0.0,1.0,22.3,-10.58034,-49.88741
2026/05/27 17:34:00,NOAA-21,Brasil,MATO GROSSO,PARANATINGA,Amazônia,12.0,0.0,0.36,35.5,-12.72822,-54.19168
2026/05/27 17:34:00,NOAA-21,Brasil,TOCANTINS,MATEIROS,Cerrado,4.0,0.0,0.89,10.5,-10.84359,-46.85682
2026/05/27 17:34:00,NOAA-21,Brasil,BAHIA,COCOS,Cerrado,4.0,0.1,1.0,261.7,-14.78156,-45.61975
2026/05/27 17:34:00,NOAA-21,Brasil,MATO GROSSO,NOVA MARINGÁ,Amazônia,10.0,0.0,0.28,6.5,-12.54124,-57.20792
2026/05/27 17:34:00,NOAA-21,Brasil,TOCANTINS,FORMOSO DO ARAGUAIA,Cerrado,4.0,0.0,0.66,4.3,-11.94478,-49.30614
2026/05/27 17:34:00,NOAA-21,Brasil,TOCANTINS,FORMOSO DO ARAGUAIA,Cerrado,4.0,0.0,0.66,8.2,-11.94899,-49.30593
2026/05/27 17:34:00,NOAA-21,Brasil,MATO GROSSO,SÃO FÉLIX DO ARAGUAIA,Amazônia,12.0,0.0,0.27,8.7,-11.46023,-52.92461
2026/05/27 17:34:00,NOAA-21,Brasil,MATO GROSSO,SÃO JOSÉ DO XINGU,Amazônia,11.0,0.0,1.0,9.8,-10.35595,-52.51107
2026/05/27 17:34:00,NOAA-21,Brasil,TOCANTINS,LAGOA DA CONFUSÃO,Cerrado,27.0,0.0,0.87,22.1,-10.66897,-49.69473
2026/05/27 17:34:00,NOAA-21,Brasil,MATO GROSSO,PARANATINGA,Amazônia,10.0,0.3,0.36,9.8,-13.3736,-54.27037
2026/05/27 17:34:00,NOAA-21,Brasil,MATO GROSSO,PORTO DOS GAÚCHOS,Amazônia,11.0,0.0,0.3,11.6,-11.9311,-57.04465
2026/05/27 17:34:00,NOAA-21,Brasil,TOCANTINS,NOVO JARDIM,Cerrado,4.0,0.0,0.83,17.7,-11.83111,-46.68333
2026/05/27 17:34:00,NOAA-21,Brasil,MATO GROSSO,TANGARÁ DA SERRA,Cerrado,8.0,0.0,0.81,14.5,-14.14114,-58.50838
2026/05/27 17:34:00,NOAA-21,Brasil,TOCANTINS,LAGOA DA CONFUSÃO,Cerrado,27.0,0.0,1.0,29.1,-10.57878,-49.87902
2026/05/27 17:34:00,NOAA-21,Brasil,TOCANTINS,NOVO ACORDO,Cerrado,29.0,0.0,0.75,12.6,-10.04619,-47.33431
2026/05/27 17:34:00,NOAA-21,Brasil,MATO GROSSO,VILA BELA DA SANTÍSSIMA TRINDADE,Amazônia,8.0,0.0,0.93,3.5,-16.2186,-59.66261
2026/05/27 17:34:00,NOAA-21,Brasil,TOCANTINS,CONCEIÇÃO DO TOCANTINS,Cerrado,4.0,0.0,0.62,52.7,-11.97354,-47.37819
2026/05/27 17:34:00,NOAA-21,Brasil,GOIÁS,ALTO PARAÍSO DE GOIÁS,Cerrado,6.0,0.0,0.94,12.6,-14.07422,-47.55218
2026/05/27 17:34:00,NOAA-21,Brasil,MATO GROSSO,CAMPINÁPOLIS,Cerrado,4.0,0.0,1.0,38.8,-14.46254,-52.9107
2026/05/27 17:34:00,NOAA-21,Brasil,MATO GROSSO,PORTO ESPERIDIÃO,Pantanal,7.0,0.0,0.99,8.1,-15.79466,-58.64574
2026/05/27 17:34:00,NOAA-21,Brasil,TOCANTINS,SANTA RITA DO TOCANTINS,Cerrado,17.0,0.0,0.79,7.9,-11.04612,-49.59959
2026/05/27 17:34:00,NOAA-21,Brasil,TOCANTINS,FORMOSO DO ARAGUAIA,Cerrado,4.0,0.0,1.0,14.2,-11.97405,-49.61223
2026/05/27 17:34:00,NOAA-21,Brasil,TOCANTINS,MONTE SANTO DO TOCANTINS,Cerrado,26.0,0.0,1.0,9.9,-9.96744,-48.959
2026/05/27 17:34:00,NOAA-21,Brasil,MATO GROSSO,GAÚCHA DO NORTE,Amazônia,29.0,0.0,1.0,11.7,-12.46269,-53.11885
2026/05/27 17:34:00,NOAA-21,Brasil,TOCANTINS,NOVO ACORDO,Cerrado,29.0,0.0,0.78,12.6,-10.04748,-47.34067
2026/05/27 17:37:00,NOAA-21,Brasil,AMAZONAS,MANICORÉ,Amazônia,8.0,0.0,1.0,9.7,-7.99706,-61.70933
2026/05/27 17:37:00,NOAA-21,Brasil,PARÁ,OURILÂNDIA DO NORTE,Amazônia,12.0,0.0,0.54,5.7,-7.67131,-51.73109
2026/05/27 17:37:00,NOAA-21,Brasil,PARÁ,CUMARU DO NORTE,Amazônia,9.0,0.0,1.0,4.8,-8.05313,-50.67307
2026/05/27 17:37:00,NOAA-21,Brasil,AMAZONAS,MANICORÉ,Amazônia,9.0,0.0,0.75,4.1,-8.28892,-61.61703
2026/05/27 17:37:00,NOAA-21,Brasil,AMAZONAS,MANICORÉ,Amazônia,8.0,0.0,0.72,4.8,-8.38718,-61.86246
2026/05/27 17:37:00,NOAA-21,Brasil,AMAZONAS,MANICORÉ,Amazônia,9.0,0.0,0.76,6.9,-8.26852,-61.61657
2026/05/27 17:37:00,NOAA-21,Brasil,AMAZONAS,MANICORÉ,Amazônia,9.0,0.0,0.7,9.0,-8.40547,-61.62346
2026/05/27 17:37:00,NOAA-21,Brasil,AMAZONAS,MANICORÉ,Amazônia,8.0,0.0,0.62,2.5,-8.26211,-61.66393
2026/05/27 17:37:00,NOAA-21,Brasil,AMAZONAS,MANICORÉ,Amazônia,8.0,0.0,0.71,19.4,-8.38491,-61.86998
2026/05/27 17:37:00,NOAA-21,Brasil,PARÁ,CUMARU DO NORTE,Amazônia,13.0,0.0,0.58,5.7,-8.54106,-51.51166
2026/05/27 17:37:00,NOAA-21,Brasil,PARÁ,ÁGUA AZUL DO NORTE,Amazônia,11.0,0.0,0.69,28.9,-6.99636,-50.46472
2026/05/27 17:37:00,NOAA-21,Brasil,AMAZONAS,MANICORÉ,Amazônia,8.0,0.0,0.72,2.7,-8.40743,-61.81633
2026/05/27 17:37:00,NOAA-21,Brasil,PARÁ,PLACAS,Amazônia,2.0,0.0,0.06,14.1,-3.65138,-54.80641
2026/05/27 17:37:00,NOAA-21,Brasil,TOCANTINS,DARCINÓPOLIS,Cerrado,11.0,0.0,0.47,30.2,-6.64105,-47.87571
2026/05/27 17:37:00,NOAA-21,Brasil,AMAZONAS,MANICORÉ,Amazônia,9.0,0.0,0.72,4.4,-8.47038,-61.80611
2026/05/27 17:37:00,NOAA-21,Brasil,AMAZONAS,MANICORÉ,Amazônia,8.0,0.0,0.77,2.3,-8.27815,-61.65791
2026/05/27 17:37:00,NOAA-21,Brasil,AMAZONAS,BORBA,Amazônia,0.0,0.0,0.02,3.5,-4.02634,-58.93315
2026/05/27 17:37:00,NOAA-21,Brasil,AMAZONAS,MANICORÉ,Amazônia,8.0,0.0,0.71,19.4,-8.3877,-61.86597
2026/05/27 17:37:00,NOAA-21,Brasil,AMAZONAS,MANICORÉ,Amazônia,9.0,0.0,0.76,4.1,-8.28561,-61.61753
2026/05/27 17:37:00,NOAA-21,Brasil,PARÁ,SÃO FÉLIX DO XINGU,Amazônia,6.0,0.0,0.54,6.5,-5.39626,-50.79591
2026/05/27 17:37:00,NOAA-21,Brasil,PARÁ,OURILÂNDIA DO NORTE,Amazônia,11.0,0.0,0.37,4.2,-8.34838,-51.91562
2026/05/27 17:37:00,NOAA-21,Brasil,PARÁ,CANAÃ DOS CARAJÁS,Amazônia,12.0,0.0,1.0,6.6,-6.42523,-50.18147
2026/05/27 17:37:00,NOAA-21,Brasil,PARÁ,TRAIRÃO,Amazônia,2.0,0.0,0.0,5.9,-4.67137,-55.92738
2026/05/27 17:37:00,NOAA-21,Brasil,PARÁ,OURILÂNDIA DO NORTE,Amazônia,11.0,0.0,0.46,7.4,-8.20342,-52.03957
2026/05/27 17:37:00,NOAA-21,Brasil,PARÁ,CUMARU DO NORTE,Amazônia,14.0,0.0,1.0,11.0,-8.52549,-51.57972
2026/05/27 17:37:00,NOAA-21,Brasil,AMAZONAS,MANICORÉ,Amazônia,9.0,0.0,0.76,6.8,-8.28177,-61.61455
2026/05/27 17:37:00,NOAA-21,Brasil,PARÁ,SÃO GERALDO DO ARAGUAIA,Amazônia,10.0,0.0,1.0,20.1,-6.24976,-48.50594
2026/05/27 17:37:00,NOAA-21,Brasil,AMAZONAS,BORBA,Amazônia,0.0,0.0,-999.0,7.1,-3.99656,-58.95474
2026/05/27 17:37:00,NOAA-21,Brasil,PARÁ,SÃO FÉLIX DO XINGU,Amazônia,4.0,0.0,0.14,5.0,-5.27886,-50.94858
2026/05/27 17:37:00,NOAA-21,Brasil,AMAZONAS,MANICORÉ,Amazônia,8.0,0.0,0.76,4.0,-8.26159,-61.66043
2026/05/27 17:37:00,NOAA-21,Brasil,PARÁ,AVEIRO,Amazônia,2.0,0.0,0.06,6.8,-4.00049,-55.52118
2026/05/27 17:37:00,NOAA-21,Brasil,AMAZONAS,MANICORÉ,Amazônia,8.0,0.0,0.74,10.0,-8.33226,-61.74533
2026/05/27 17:37:00,NOAA-21,Brasil,AMAZONAS,MANICORÉ,Amazônia,8.0,0.0,0.73,3.2,-8.34869,-61.8324
2026/05/27 17:37:00,NOAA-21,Brasil,PARÁ,CUMARU DO NORTE,Amazônia,14.0,0.0,1.0,11.0,-8.5309,-51.57878
2026/05/27 17:37:00,NOAA-21,Brasil,PARÁ,OURILÂNDIA DO NORTE,Amazônia,11.0,0.0,0.46,6.0,-8.20816,-52.03571
2026/05/27 17:37:00,NOAA-21,Brasil,PARÁ,CUMARU DO NORTE,Amazônia,13.0,0.0,0.28,37.0,-8.56339,-51.51135
2026/05/27 17:37:00,NOAA-21,Brasil,ACRE,FEIJÓ,Amazônia,8.0,0.0,0.17,4.5,-8.54776,-70.47465
2026/05/27 17:37:00,NOAA-21,Brasil,AMAZONAS,MANICORÉ,Amazônia,9.0,0.0,0.75,4.0,-8.28787,-61.61006
2026/05/27 17:37:00,NOAA-21,Brasil,AMAZONAS,MANICORÉ,Amazônia,8.0,0.0,0.72,18.3,-8.39382,-61.86145
2026/05/27 17:37:00,NOAA-21,Brasil,TOCANTINS,ARAGUAÍNA,Amazônia,12.0,0.0,1.0,10.6,-7.43153,-49.02062
2026/05/27 17:37:00,NOAA-21,Brasil,AMAZONAS,MANICORÉ,Amazônia,9.0,0.0,0.71,75.4,-8.46322,-61.80361
2026/05/27 17:37:00,NOAA-21,Brasil,PARÁ,CUMARU DO NORTE,Amazônia,13.0,0.0,0.63,16.5,-8.54713,-51.51426
2026/05/27 17:37:00,NOAA-21,Brasil,AMAZONAS,MANICORÉ,Amazônia,9.0,0.0,0.77,2.3,-8.2893,-61.64194
2026/05/27 17:37:00,NOAA-21,Brasil,AMAZONAS,MANICORÉ,Amazônia,9.0,0.0,0.77,8.7,-8.29698,-61.64791
2026/05/27 17:37:00,NOAA-21,Brasil,PARÁ,OURILÂNDIA DO NORTE,Amazônia,11.0,0.0,0.46,4.2,-8.22631,-52.01538
2026/05/27 17:37:00,NOAA-21,Brasil,AMAZONAS,LÁBREA,Amazônia,9.0,0.0,0.71,3.5,-9.08899,-66.00624
2026/05/27 17:37:00,NOAA-21,Brasil,PARÁ,PLACAS,Amazônia,2.0,0.0,0.04,8.2,-3.64937,-54.80432
2026/05/27 17:37:00,NOAA-21,Brasil,AMAZONAS,MANICORÉ,Amazônia,8.0,0.0,0.73,19.7,-8.36705,-61.81886
2026/05/27 17:37:00,NOAA-21,Brasil,AMAZONAS,MANICORÉ,Amazônia,9.0,0.0,0.76,6.9,-8.26468,-61.61359
2026/05/27 17:37:00,NOAA-21,Brasil,AMAZONAS,MANICORÉ,Amazônia,8.0,0.0,0.85,5.3,-7.86256,-61.49158
2026/05/27 17:37:00,NOAA-21,Brasil,MATO GROSSO,APIACÁS,Amazônia,9.0,0.0,0.62,9.1,-9.35783,-57.534
2026/05/27 17:37:00,NOAA-21,Brasil,TOCANTINS,DARCINÓPOLIS,Cerrado,11.0,0.0,0.53,28.5,-6.63922,-47.8738
2026/05/27 17:37:00,NOAA-21,Brasil,PARÁ,SÃO FÉLIX DO XINGU,Amazônia,6.0,0.0,0.87,6.5,-5.39548,-50.79145
2026/05/27 17:37:00,NOAA-21,Brasil,AMAZONAS,BOCA DO ACRE,Amazônia,9.0,0.0,0.18,18.5,-8.74757,-68.69167
2026/05/27 17:37:00,NOAA-21,Brasil,AMAZONAS,MANICORÉ,Amazônia,8.0,0.0,0.2,6.1,-7.88474,-61.79789
2026/05/27 17:37:00,NOAA-21,Brasil,AMAZONAS,MANICORÉ,Amazônia,9.0,0.0,0.72,8.8,-8.47196,-61.81663
2026/05/27 17:37:00,NOAA-21,Brasil,AMAZONAS,MANICORÉ,Amazônia,9.0,0.0,0.54,10.1,-8.17538,-61.49555
2026/05/27 17:37:00,NOAA-21,Brasil,AMAZONAS,MANICORÉ,Amazônia,9.0,0.0,0.75,6.8,-8.28124,-61.61106
2026/05/27 17:37:00,NOAA-21,Brasil,PARÁ,CUMARU DO NORTE,Amazônia,9.0,0.0,0.56,9.5,-7.65889,-51.05263
2026/05/27 17:37:00,NOAA-21,Brasil,PARÁ,CUMARU DO NORTE,Amazônia,14.0,0.0,1.0,11.0,-8.53026,-51.57527
2026/05/27 17:37:00,NOAA-21,Brasil,AMAZONAS,MANICORÉ,Amazônia,9.0,0.0,0.71,7.2,-8.46864,-61.81714
2026/05/27 17:37:00,NOAA-21,Brasil,AMAZONAS,MANICORÉ,Amazônia,9.0,0.0,0.71,10.0,-8.46811,-61.81363
2026/05/27 17:37:00,NOAA-21,Brasil,PARÁ,OURILÂNDIA DO NORTE,Amazônia,11.0,0.0,0.33,3.6,-8.34969,-51.91614
2026/05/27 17:37:00,NOAA-21,Brasil,PARÁ,OURILÂNDIA DO NORTE,Amazônia,11.0,0.0,0.53,5.8,-7.69553,-51.74133
2026/05/27 17:37:00,NOAA-21,Brasil,AMAZONAS,MANICORÉ,Amazônia,8.0,0.0,1.0,3.3,-7.86203,-61.48811
2026/05/27 17:37:00,NOAA-21,Brasil,AMAZONAS,MANICORÉ,Amazônia,9.0,0.0,0.71,10.0,-8.46759,-61.81012
2026/05/27 17:37:00,NOAA-21,Brasil,PARÁ,CANAÃ DOS CARAJÁS,Amazônia,12.0,0.0,1.0,11.6,-6.42557,-50.1854
2026/05/27 17:37:00,NOAA-21,Brasil,AMAZONAS,MANICORÉ,Amazônia,8.0,0.0,0.72,17.8,-8.39662,-61.85744
2026/05/27 17:37:00,NOAA-21,Brasil,AMAZONAS,MANICORÉ,Amazônia,8.0,0.0,0.72,2.7,-8.40411,-61.81683
2026/05/27 17:37:00,NOAA-21,Brasil,AMAZONAS,MANICORÉ,Amazônia,8.0,0.0,0.72,6.4,-8.38887,-61.78329
2026/05/27 17:37:00,NOAA-21,Brasil,AMAZONAS,MANICORÉ,Amazônia,9.0,0.0,0.75,4.0,-8.28839,-61.61354
2026/05/27 17:37:00,NOAA-21,Brasil,RONDÔNIA,PORTO VELHO,Amazônia,5.0,0.0,0.26,5.1,-8.45202,-63.40921
2026/05/27 17:37:00,NOAA-21,Brasil,PARÁ,OURILÂNDIA DO NORTE,Amazônia,11.0,0.0,0.6,6.9,-7.64712,-51.66574
2026/05/27 17:37:00,NOAA-21,Brasil,AMAZONAS,MANICORÉ,Amazônia,8.0,0.0,0.71,3.2,-8.41739,-61.81481
2026/05/27 17:37:00,NOAA-21,Brasil,PARÁ,CUMARU DO NORTE,Amazônia,9.0,0.0,0.56,9.7,-7.66153,-51.05249
2026/05/27 17:37:00,NOAA-21,Brasil,PARÁ,OURILÂNDIA DO NORTE,Amazônia,11.0,0.0,0.6,8.9,-7.64252,-51.66538
2026/05/27 17:37:00,NOAA-21,Brasil,AMAZONAS,MANICORÉ,Amazônia,8.0,0.0,0.56,5.3,-7.86308,-61.49505
2026/05/27 17:37:00,NOAA-21,Brasil,AMAZONAS,MANICORÉ,Amazônia,8.0,0.0,0.74,5.4,-8.32397,-61.73667
2026/05/27 17:37:00,NOAA-21,Brasil,AMAZONAS,MANICORÉ,Amazônia,9.0,0.0,0.71,75.4,-8.46706,-61.80661
2026/05/27 17:37:00,NOAA-21,Brasil,PARÁ,CUMARU DO NORTE,Amazônia,9.0,0.0,0.56,6.8,-7.67982,-51.05652
2026/05/27 17:37:00,NOAA-21,Brasil,AMAZONAS,MANICORÉ,Amazônia,8.0,0.0,0.71,3.9,-8.38543,-61.8735
2026/05/27 17:37:00,NOAA-21,Brasil,AMAZONAS,MANICORÉ,Amazônia,8.0,0.0,0.72,4.8,-8.38665,-61.85895
2026/05/27 17:37:00,NOAA-21,Brasil,PARÁ,OURILÂNDIA DO NORTE,Amazônia,11.0,0.0,0.35,4.2,-8.34903,-51.91915
2026/05/27 17:37:00,NOAA-21,Brasil,PARÁ,SÃO FÉLIX DO XINGU,Amazônia,4.0,0.0,0.47,4.3,-6.29962,-52.95699
2026/05/27 17:37:00,NOAA-21,Brasil,PARÁ,CUMARU DO NORTE,Amazônia,13.0,0.0,0.8,26.5,-8.54585,-51.50716
2026/05/27 17:37:00,NOAA-21,Brasil,AMAZONAS,MANICORÉ,Amazônia,8.0,0.0,0.73,6.8,-8.36652,-61.81535
2026/05/27 17:37:00,NOAA-21,Brasil,AMAZONAS,MANICORÉ,Amazônia,9.0,0.0,0.73,5.6,-8.35787,-61.64499
2026/05/27 17:37:00,NOAA-21,Brasil,AMAZONAS,MANICORÉ,Amazônia,8.0,0.0,0.72,18.3,-8.38997,-61.85844
2026/05/27 17:37:00,NOAA-21,Brasil,PARÁ,RURÓPOLIS,Amazônia,2.0,0.0,0.01,5.1,-4.44449,-54.98653
2026/05/27 17:37:00,NOAA-21,Brasil,PARÁ,OURILÂNDIA DO NORTE,Amazônia,11.0,0.0,0.35,3.0,-8.34907,-51.91261
2026/05/27 17:37:00,NOAA-21,Brasil,PARÁ,ITAITUBA,Amazônia,4.0,0.0,0.03,4.4,-6.41466,-55.97655
2026/05/27 17:37:00,NOAA-21,Brasil,AMAZONAS,MANICORÉ,Amazônia,8.0,0.0,0.24,17.2,-7.88143,-61.79839
2026/05/27 17:37:00,NOAA-21,Brasil,AMAZONAS,MANICORÉ,Amazônia,8.0,0.0,0.72,6.4,-8.40954,-61.83036
2026/05/27 17:37:00,NOAA-21,Brasil,PARÁ,OURILÂNDIA DO NORTE,Amazônia,11.0,0.0,0.3,3.6,-8.3503,-51.91968
2026/05/27 17:37:00,NOAA-21,Brasil,AMAZONAS,MANICORÉ,Amazônia,8.0,0.0,0.71,4.8,-8.41181,-61.82283
2026/05/27 17:37:00,NOAA-21,Brasil,AMAZONAS,MANICORÉ,Amazônia,8.0,0.0,0.72,13.1,-8.37839,-61.7813
2026/05/27 17:37:00,NOAA-21,Brasil,AMAZONAS,MANICORÉ,Amazônia,8.0,0.0,0.72,18.3,-8.3905,-61.86195
2026/05/27 17:37:00,NOAA-21,Brasil,PARÁ,OURILÂNDIA DO NORTE,Amazônia,11.0,0.0,0.56,4.8,-7.6784,-51.7084
2026/05/27 17:37:00,NOAA-21,Brasil,AMAZONAS,CANUTAMA,Amazônia,8.0,0.0,0.22,8.3,-7.57712,-63.46295
2026/05/27 17:37:00,NOAA-21,Brasil,AMAZONAS,APUÍ,Amazônia,8.0,0.0,0.12,0.2,-7.83919,-60.0076
2026/05/27 17:37:00,NOAA-21,Brasil,AMAZONAS,MANICORÉ,Amazônia,9.0,0.0,0.74,7.3,-8.31339,-61.61963
2026/05/27 17:37:00,NOAA-21,Brasil,AMAZONAS,MANICORÉ,Amazônia,9.0,0.0,0.76,4.8,-8.27899,-61.61854
2026/05/27 17:37:00,NOAA-21,Brasil,AMAZONAS,MANICORÉ,Amazônia,8.0,0.0,0.65,7.0,-8.38211,-61.874
2026/05/27 17:37:00,NOAA-21,Brasil,PARÁ,SÃO FÉLIX DO XINGU,Amazônia,7.0,0.0,0.16,0.7,-6.5788,-53.29211
2026/05/27 17:37:00,NOAA-21,Brasil,AMAZONAS,MANICORÉ,Amazônia,8.0,0.0,0.73,10.0,-8.33558,-61.74483
2026/05/27 17:37:00,NOAA-21,Brasil,PARÁ,OURILÂNDIA DO NORTE,Amazônia,12.0,0.0,0.54,5.6,-7.66985,-51.73188
2026/05/27 17:37:00,NOAA-21,Brasil,PARÁ,CUMARU DO NORTE,Amazônia,13.0,0.0,0.92,26.5,-8.54649,-51.51071
2026/05/27 17:37:00,NOAA-21,Brasil,AMAZONAS,MANICORÉ,Amazônia,8.0,0.0,0.72,8.8,-8.37454,-61.7783
2026/05/27 17:37:00,NOAA-21,Brasil,AMAZONAS,MANICORÉ,Amazônia,8.0,0.0,0.72,18.3,-8.3933,-61.85794
2026/05/27 17:37:00,NOAA-21,Brasil,AMAZONAS,MANICORÉ,Amazônia,8.0,0.0,0.72,115.8,-8.37175,-61.78231
2026/05/27 17:37:00,NOAA-21,Brasil,AMAZONAS,MANICORÉ,Amazônia,9.0,0.0,0.7,9.0,-8.40216,-61.62396
2026/05/27 17:37:00,NOAA-21,Brasil,AMAZONAS,MANICORÉ,Amazônia,8.0,0.0,0.77,2.3,-8.28094,-61.65392
2026/05/27 17:37:00,NOAA-21,Brasil,AMAZONAS,MANICORÉ,Amazônia,9.0,0.0,0.71,4.4,-8.46986,-61.8026
2026/05/27 17:37:00,NOAA-21,Brasil,PARÁ,CANAÃ DOS CARAJÁS,Amazônia,12.0,0.0,1.0,6.6,-6.42608,-50.18618
2026/05/27 17:37:00,NOAA-21,Brasil,AMAZONAS,MANICORÉ,Amazônia,8.0,0.0,0.71,19.4,-8.38438,-61.86647
2026/05/27 17:37:00,NOAA-21,Brasil,ACRE,JORDÃO,Amazônia,6.0,0.0,0.17,7.2,-9.17919,-72.00542
2026/05/27 17:37:00,NOAA-21,Brasil,PARÁ,CUMARU DO NORTE,Amazônia,14.0,0.0,1.0,11.0,-8.52486,-51.57623
2026/05/27 17:37:00,NOAA-21,Brasil,PARÁ,CUMARU DO NORTE,Amazônia,13.0,0.0,0.36,23.4,-8.56277,-51.50786
2026/05/27 17:37:00,NOAA-21,Brasil,PARÁ,ÁGUA AZUL DO NORTE,Amazônia,11.0,0.0,0.66,27.4,-6.9936,-50.46663
2026/05/27 17:37:00,NOAA-21,Brasil,PARÁ,FLORESTA DO ARAGUAIA,Amazônia,12.0,0.0,0.72,3.5,-7.48052,-49.76194
2026/05/27 17:37:00,NOAA-21,Brasil,PARÁ,CUMARU DO NORTE,Amazônia,9.0,0.0,0.56,15.8,-7.68722,-51.0972
2026/05/27 17:37:00,NOAA-21,Brasil,PARÁ,SÃO GERALDO DO ARAGUAIA,Amazônia,11.0,0.0,1.0,8.2,-6.23998,-48.56856
2026/05/27 17:37:00,NOAA-21,Brasil,AMAZONAS,HUMAITÁ,Amazônia,9.0,0.0,0.18,2.8,-7.70366,-62.3334
2026/05/27 17:37:00,NOAA-21,Brasil,AMAZONAS,MANICORÉ,Amazônia,9.0,0.0,0.72,10.6,-8.47091,-61.80962
2026/05/27 17:37:00,NOAA-21,Brasil,PARÁ,OURILÂNDIA DO NORTE,Amazônia,11.0,0.0,0.46,6.9,-8.204,-52.04281
2026/05/27 17:39:00,NOAA-21,Brasil,AMAZONAS,MANACAPURU,Amazônia,0.0,1.78,0.03,2.8,-3.04235,-61.31206
2026/05/27 17:40:00,GOES-19,Brasil,TOCANTINS,LAGOA DA CONFUSÃO,Cerrado,26.0,0.0,1.0,109.0,-10.645,-49.729
2026/05/27 17:40:00,GOES-19,Brasil,BAHIA,BARREIRAS,Cerrado,2.0,0.0,0.75,81.0,-12.0093,-45.3546
2026/05/27 17:40:00,GOES-19,Brasil,TOCANTINS,MATEIROS,Cerrado,4.0,0.0,0.89,101.2,-10.8008,-46.8584
2026/05/27 17:40:00,GOES-19,Brasil,TOCANTINS,CONCEIÇÃO DO TOCANTINS,Cerrado,4.0,0.0,0.62,96.4,-11.9741,-47.3762
2026/05/27 17:40:00,GOES-19,Brasil,TOCANTINS,LAGOA DA CONFUSÃO,Cerrado,26.0,0.0,0.99,97.2,-10.586,-49.8858
2026/05/27 17:40:00,GOES-19,Brasil,TOCANTINS,MATEIROS,Cerrado,4.0,0.0,1.0,148.8,-10.9547,-46.7494
2026/05/27 17:40:00,GOES-19,Brasil,TOCANTINS,GOIATINS,Cerrado,12.0,0.0,0.78,54.9,-8.051,-47.8158
2026/05/27 17:40:00,GOES-19,Brasil,TOCANTINS,MATEIROS,Cerrado,4.0,0.0,0.77,117.5,-10.8005,-46.8809
2026/05/27 17:50:00,GOES-19,Brasil,TOCANTINS,LAGOA DA CONFUSÃO,Cerrado,27.0,0.0,1.0,149.3,-10.6639,-49.727
2026/05/27 17:50:00,GOES-19,Brasil,TOCANTINS,LAGOA DA CONFUSÃO,Cerrado,26.0,0.0,0.99,86.5,-10.586,-49.8858
2026/05/27 17:50:00,GOES-19,Brasil,TOCANTINS,CONCEIÇÃO DO TOCANTINS,Cerrado,4.0,0.0,0.62,128.7,-11.9741,-47.3762
2026/05/27 17:50:00,GOES-19,Brasil,TOCANTINS,LAGOA DA CONFUSÃO,Cerrado,26.0,0.0,1.0,77.5,-10.645,-49.729
2026/05/27 17:50:00,GOES-19,Brasil,MARANHÃO,BARRA DO CORDA,Cerrado,8.0,0.0,0.51,84.4,-5.7752,-45.128
2026/05/27 17:50:00,GOES-19,Brasil,MARANHÃO,LORETO,Cerrado,22.0,0.0,0.89,104.5,-7.0125,-45.0069
2026/05/27 17:50:00,GOES-19,Brasil,TOCANTINS,LAGOA DA CONFUSÃO,Cerrado,27.0,0.0,0.78,71.4,-10.6642,-49.7054
2026/05/27 17:50:00,GOES-19,Brasil,BAHIA,BARREIRAS,Cerrado,2.0,0.0,0.75,98.1,-12.0093,-45.3546
2026/05/27 17:50:00,GOES-19,Brasil,PARÁ,CUMARU DO NORTE,Amazônia,9.0,0.0,0.56,52.0,-7.6803,-51.1
2026/05/27 17:50:00,GOES-19,Brasil,TOCANTINS,LAGOA DA CONFUSÃO,Cerrado,27.0,0.0,1.0,72.6,-10.5671,-49.8879
2026/05/27 17:50:00,GOES-19,Brasil,TOCANTINS,NOVO ACORDO,Cerrado,29.0,0.0,0.93,58.4,-10.0542,-47.3264
2026/05/27 17:50:00,GOES-19,Brasil,TOCANTINS,MATEIROS,Cerrado,4.0,0.0,0.9,101.2,-10.877,-46.8489
2026/05/27 17:50:00,GOES-19,Brasil,BAHIA,FORMOSA DO RIO PRETO,Cerrado,4.0,0.0,0.99,92.6,-11.2078,-46.4014
2026/05/27 17:50:00,GOES-19,Brasil,TOCANTINS,MIRANORTE,Cerrado,26.0,0.0,0.63,56.7,-9.2821,-48.5944
2026/05/27 17:50:00,GOES-19,Brasil,TOCANTINS,MATEIROS,Cerrado,4.0,0.0,0.89,128.2,-10.8767,-46.8713
2026/05/27 18:00:00,GOES-19,Brasil,TOCANTINS,LAGOA DA CONFUSÃO,Cerrado,26.0,0.0,0.99,88.2,-10.586,-49.8858
2026/05/27 18:00:00,GOES-19,Brasil,BAHIA,BARREIRAS,Cerrado,2.0,0.0,0.75,82.4,-12.0093,-45.3546
2026/05/27 18:00:00,GOES-19,Brasil,TOCANTINS,CONCEIÇÃO DO TOCANTINS,Cerrado,4.0,0.0,0.62,139.5,-11.9741,-47.3762
2026/05/27 18:00:00,GOES-19,Brasil,TOCANTINS,MATEIROS,Cerrado,4.0,0.0,0.87,78.1,-10.7814,-46.8833
2026/05/27 18:00:00,GOES-19,Brasil,TOCANTINS,MIRACEMA DO TOCANTINS,Cerrado,21.0,0.0,0.76,87.9,-9.3972,-48.4305
2026/05/27 18:00:00,GOES-19,Brasil,TOCANTINS,LAGOA DA CONFUSÃO,Cerrado,27.0,0.0,0.78,61.2,-10.6642,-49.7054
2026/05/27 18:00:00,GOES-19,Brasil,TOCANTINS,MIRANORTE,Cerrado,25.0,0.0,0.8,54.3,-9.3009,-48.5925
2026/05/27 18:00:00,GOES-19,Brasil,MARANHÃO,BARRA DO CORDA,Cerrado,8.0,0.0,0.51,120.3,-5.7752,-45.128
2026/05/27 18:00:00,GOES-19,Brasil,TOCANTINS,LAGOA DA CONFUSÃO,Cerrado,27.0,0.0,1.0,118.5,-10.6639,-49.727
2026/05/27 18:00:00,GOES-19,Brasil,MARANHÃO,SÃO FÉLIX DE BALSAS,Cerrado,21.0,0.0,0.88,83.8,-7.0127,-44.9841
2026/05/27 18:00:00,GOES-19,Brasil,TOCANTINS,LAGOA DA CONFUSÃO,Cerrado,23.0,0.0,0.9,86.4,-10.834,-49.7515
2026/05/27 18:00:00,GOES-19,Brasil,TOCANTINS,LAGOA DA CONFUSÃO,Cerrado,26.0,0.0,1.0,134.7,-10.645,-49.729
2026/05/27 18:00:00,GOES-19,Brasil,TOCANTINS,LAGOA DA CONFUSÃO,Cerrado,23.0,0.0,0.89,60.9,-10.8529,-49.7494
2026/05/27 18:00:00,GOES-19,Brasil,TOCANTINS,MATEIROS,Cerrado,4.0,0.0,0.77,163.8,-10.8005,-46.8809
2026/05/27 18:00:00,GOES-19,Brasil,TOCANTINS,MATEIROS,Cerrado,4.0,0.0,1.0,90.4,-10.9162,-46.7767
2026/05/27 18:00:00,GOES-19,Brasil,BAHIA,FORMOSA DO RIO PRETO,Cerrado,4.0,0.0,0.99,78.2,-11.2078,-46.4014
2026/05/27 18:00:00,GOES-19,Brasil,TOCANTINS,MATEIROS,Cerrado,4.0,0.0,1.0,99.7,-10.9158,-46.7992
2026/05/27 18:04:00,NPP-375,Brasil,SÃO PAULO,ÁGUAS DE SANTA BÁRBARA,Cerrado,2.0,0.0,0.17,5.8,-22.79044,-49.34102
2026/05/27 18:04:00,NPP-375,Brasil,SANTA CATARINA,SÃO MIGUEL DO OESTE,Mata Atlântica,0.0,0.0,0.03,1.3,-26.77,-53.50698
2026/05/27 18:04:00,NPP-375,Brasil,MATO GROSSO DO SUL,TACURU,Mata Atlântica,2.0,0.1,0.88,2.3,-23.70732,-54.94742
2026/05/27 18:04:00,NPP-375,Brasil,RIO GRANDE DO SUL,ITAQUI,Pampa,2.0,0.0,0.78,3.0,-29.13062,-56.24458
2026/05/27 18:04:00,NPP-375,Brasil,PARANÁ,MARUMBI,Mata Atlântica,0.0,0.0,0.09,29.1,-23.70332,-51.66826
2026/05/27 18:04:00,NPP-375,Brasil,PARANÁ,MARUMBI,Mata Atlântica,0.0,0.0,0.09,37.4,-23.70448,-51.67303
2026/05/27 18:04:00,NPP-375,Brasil,PARANÁ,JANDAIA DO SUL,Mata Atlântica,0.0,0.0,0.09,10.4,-23.69845,-51.67469
2026/05/27 18:06:00,NPP-375,Brasil,GOIÁS,APORÉ,Cerrado,3.0,0.0,0.79,7.5,-18.80873,-51.71772
2026/05/27 18:06:00,NPP-375,Brasil,MATO GROSSO DO SUL,CORUMBÁ,Pantanal,9.0,0.0,0.9,2.0,-19.11316,-56.30528
2026/05/27 18:06:00,NPP-375,Brasil,GOIÁS,APORÉ,Cerrado,3.0,0.0,0.56,12.2,-18.81121,-51.71991
2026/05/27 18:06:00,NPP-375,Brasil,MATO GROSSO DO SUL,SELVÍRIA,Mata Atlântica,7.0,0.0,0.81,10.4,-20.471,-51.49195
2026/05/27 18:06:00,NPP-375,Brasil,GOIÁS,APORÉ,Cerrado,3.0,0.0,0.78,7.5,-18.81013,-51.72377
2026/05/27 18:06:00,NPP-375,Brasil,SÃO PAULO,JUNQUEIRÓPOLIS,Mata Atlântica,1.0,0.57,0.89,1.1,-21.43343,-51.38862
2026/05/27 18:06:00,NPP-375,Brasil,MATO GROSSO DO SUL,TERENOS,Cerrado,3.0,0.0,0.77,5.0,-20.73335,-54.83417
2026/05/27 18:09:00,NPP-375,Brasil,RONDÔNIA,CACOAL,Amazônia,9.0,0.0,1.0,3.2,-11.24161,-61.49806
2026/05/27 18:09:00,NPP-375,Brasil,MATO GROSSO,MARCELÂNDIA,Amazônia,11.0,0.0,0.31,8.5,-10.59777,-53.4756
2026/05/27 18:09:00,NPP-375,Brasil,MATO GROSSO,SÃO FÉLIX DO ARAGUAIA,Amazônia,12.0,0.0,0.27,9.0,-11.46746,-52.91888
2026/05/27 18:09:00,NPP-375,Brasil,MATO GROSSO,TABAPORÃ,Amazônia,9.0,0.0,0.38,8.4,-11.52083,-56.12224
2026/05/27 18:09:00,NPP-375,Brasil,MATO GROSSO,PORTO DOS GAÚCHOS,Amazônia,9.0,0.07,0.29,1.9,-11.49824,-57.26598
2026/05/27 18:09:00,NPP-375,Brasil,MATO GROSSO,NOVA MARINGÁ,Amazônia,10.0,0.0,0.28,15.7,-12.5443,-57.18907
2026/05/27 18:09:00,NPP-375,Brasil,MATO GROSSO,CAMPO VERDE,Cerrado,7.0,0.0,0.88,6.8,-15.71535,-55.29061
2026/05/27 18:09:00,NPP-375,Brasil,MATO GROSSO,TABAPORÃ,Amazônia,8.0,0.0,0.27,14.7,-10.82481,-56.5999
2026/05/27 18:09:00,NPP-375,Brasil,MATO GROSSO,NOVA MARINGÁ,Amazônia,11.0,0.1,0.26,15.9,-11.80414,-57.35328
2026/05/27 18:09:00,NPP-375,Brasil,MATO GROSSO,GAÚCHA DO NORTE,Amazônia,29.0,0.0,0.98,5.2,-12.46023,-53.11735
2026/05/27 18:09:00,NPP-375,Brasil,MATO GROSSO,CAMPO VERDE,Cerrado,7.0,0.0,0.49,4.5,-15.70914,-55.29065
2026/05/27 18:09:00,NPP-375,Brasil,MATO GROSSO,NOVA MARINGÁ,Amazônia,10.0,0.0,1.0,8.6,-12.06057,-57.41916
2026/05/27 18:09:00,NPP-375,Brasil,MATO GROSSO,TANGARÁ DA SERRA,Cerrado,7.0,0.0,0.82,21.6,-14.1621,-58.87488
2026/05/27 18:09:00,NPP-375,Brasil,MATO GROSSO,TANGARÁ DA SERRA,Cerrado,7.0,0.0,0.81,21.6,-14.16582,-58.86878
2026/05/27 18:09:00,NPP-375,Brasil,MATO GROSSO,NOVA UBIRATÃ,Amazônia,11.0,0.6,0.26,7.5,-12.54522,-54.59609
2026/05/27 18:09:00,NPP-375,Brasil,MATO GROSSO,PORTO ESPERIDIÃO,Pantanal,6.0,0.0,1.0,6.7,-15.80307,-58.63305
2026/05/27 18:09:00,NPP-375,Brasil,MATO GROSSO,JUARA,Amazônia,10.0,0.0,0.31,3.8,-11.87438,-57.82095
2026/05/27 18:09:00,NPP-375,Brasil,MATO GROSSO,SÃO FÉLIX DO ARAGUAIA,Amazônia,12.0,0.0,0.27,9.0,-11.46036,-52.92035
2026/05/27 18:09:00,NPP-375,Brasil,MATO GROSSO,PORTO DOS GAÚCHOS,Amazônia,9.0,0.0,0.81,14.7,-11.73227,-56.8385
2026/05/27 18:09:00,NPP-375,Brasil,MATO GROSSO,NOVA MARINGÁ,Amazônia,11.0,0.1,0.26,11.9,-11.80923,-57.35443
2026/05/27 18:09:00,NPP-375,Brasil,MATO GROSSO,CÁCERES,Pantanal,8.0,0.0,0.38,4.7,-16.16595,-58.49035
2026/05/27 18:09:00,NPP-375,Brasil,MATO GROSSO,CLÁUDIA,Amazônia,11.0,0.0,0.31,7.5,-11.74065,-54.80063
2026/05/27 18:09:00,NPP-375,Brasil,MATO GROSSO,POCONÉ,Pantanal,5.0,0.0,1.0,2.1,-16.33374,-56.76054
2026/05/27 18:09:00,NPP-375,Brasil,MATO GROSSO,TANGARÁ DA SERRA,Cerrado,8.0,0.0,0.8,26.8,-14.13247,-58.51073
2026/05/27 18:09:00,NPP-375,Brasil,MATO GROSSO,SAPEZAL,Cerrado,9.0,0.0,0.74,59.6,-12.60379,-58.67344
2026/05/27 18:09:00,NPP-375,Brasil,MATO GROSSO,NOVA UBIRATÃ,Amazônia,11.0,0.56,0.26,6.9,-12.54938,-54.58438
2026/05/27 18:09:00,NPP-375,Brasil,MATO GROSSO,TABAPORÃ,Amazônia,9.0,0.0,0.55,14.0,-11.50905,-56.1245
2026/05/27 18:09:00,NPP-375,Brasil,MATO GROSSO,CAMPO VERDE,Cerrado,7.0,0.0,0.69,6.8,-15.71617,-55.29464
2026/05/27 18:09:00,NPP-375,Brasil,MATO GROSSO,GAÚCHA DO NORTE,Amazônia,29.0,0.0,0.98,9.6,-12.42371,-53.14236
2026/05/27 18:09:00,NPP-375,Brasil,MATO GROSSO,CLÁUDIA,Amazônia,11.0,0.0,0.28,8.5,-11.73977,-54.79053
2026/05/27 18:09:00,NPP-375,Brasil,MATO GROSSO,JUARA,Amazônia,10.0,0.0,0.31,3.8,-11.87377,-57.81768
2026/05/27 18:09:00,NPP-375,Brasil,MATO GROSSO,PARANATINGA,Cerrado,9.0,0.1,0.92,5.2,-14.11484,-54.07666
2026/05/27 18:09:00,NPP-375,Brasil,MATO GROSSO,TANGARÁ DA SERRA,Cerrado,8.0,0.0,0.8,4.4,-14.13348,-58.51603
2026/05/27 18:09:00,NPP-375,Brasil,MATO GROSSO,SAPEZAL,Cerrado,9.0,0.0,0.78,43.9,-12.60257,-58.67628
2026/05/27 18:09:00,NPP-375,Brasil,MATO GROSSO,NOVA MARINGÁ,Amazônia,11.0,0.1,0.26,13.3,-11.80383,-57.35555
2026/05/27 18:09:00,NPP-375,Brasil,MATO GROSSO,PORTO ESTRELA,Cerrado,5.0,0.0,0.67,2.0,-15.64514,-57.15551
2026/05/27 18:09:00,NPP-375,Brasil,MATO GROSSO,CAMPINÁPOLIS,Cerrado,4.0,0.0,1.0,13.3,-14.45957,-52.90805
2026/05/27 18:09:00,NPP-375,Brasil,MATO GROSSO,NOVA UBIRATÃ,Amazônia,12.0,0.0,0.31,16.9,-12.27818,-54.0847
2026/05/27 18:09:00,NPP-375,Brasil,MATO GROSSO,TABAPORÃ,Amazônia,9.0,0.0,0.38,8.4,-11.51494,-56.12339
2026/05/27 18:09:00,NPP-375,Brasil,MATO GROSSO,PORTO ESPERIDIÃO,Pantanal,5.0,0.0,1.0,7.3,-15.82807,-58.61251
2026/05/27 18:09:00,NPP-375,Brasil,MATO GROSSO,MARCELÂNDIA,Amazônia,12.0,0.0,0.22,10.6,-10.91623,-54.12346
2026/05/27 18:09:00,NPP-375,Brasil,MATO GROSSO,PARANATINGA,Amazônia,12.0,0.0,0.36,13.0,-12.72798,-54.18615
2026/05/27 18:09:00,NPP-375,Brasil,MATO GROSSO,SAPEZAL,Cerrado,9.0,0.0,0.78,38.8,-12.60273,-58.66784
2026/05/27 18:09:00,NPP-375,Brasil,MATO GROSSO,TABAPORÃ,Amazônia,8.0,0.0,0.27,13.3,-10.82562,-56.60406
2026/05/27 18:09:00,NPP-375,Brasil,MATO GROSSO,TABAPORÃ,Amazônia,9.0,0.0,0.26,7.5,-11.04312,-56.92714
2026/05/27 18:09:00,NPP-375,Brasil,MATO GROSSO,NOVA MARINGÁ,Amazônia,10.0,0.0,0.28,16.9,-12.5396,-57.1937
2026/05/27 18:09:00,NPP-375,Brasil,MATO GROSSO,GAÚCHA DO NORTE,Amazônia,29.0,0.0,1.0,3.5,-12.46237,-53.12051
2026/05/27 18:09:00,NPP-375,Brasil,MATO GROSSO,POCONÉ,Pantanal,5.0,0.0,0.97,1.2,-16.28527,-56.6525
2026/05/27 18:09:00,NPP-375,Brasil,MATO GROSSO,TANGARÁ DA SERRA,Cerrado,7.0,0.0,0.83,21.6,-14.16679,-58.87389
2026/05/27 18:09:00,NPP-375,Brasil,MATO GROSSO,ÁGUA BOA,Cerrado,10.0,0.0,0.91,9.5,-13.69051,-52.59698
2026/05/27 18:09:00,NPP-375,Brasil,MATO GROSSO,TANGARÁ DA SERRA,Cerrado,8.0,0.0,0.8,36.5,-14.13528,-58.49913
2026/05/27 18:09:00,NPP-375,Brasil,MATO GROSSO,GAÚCHA DO NORTE,Amazônia,29.0,0.0,0.88,14.5,-12.41681,-53.14381
2026/05/27 18:09:00,NPP-375,Brasil,MATO GROSSO,NOVA MARINGÁ,Amazônia,10.0,0.0,0.28,11.3,-12.54098,-57.20073
2026/05/27 18:09:00,NPP-375,Brasil,MATO GROSSO,NOVA UBIRATÃ,Amazônia,11.0,0.31,0.35,8.9,-12.68271,-54.58067
2026/05/27 18:09:00,NPP-375,Brasil,MATO GROSSO,CÁCERES,Pantanal,9.0,0.0,0.28,8.9,-16.16209,-58.47029
2026/05/27 18:09:00,NPP-375,Brasil,MATO GROSSO,NOVA UBIRATÃ,Amazônia,11.0,0.57,0.26,5.7,-12.54812,-54.58386
2026/05/27 18:09:00,NPP-375,Brasil,MATO GROSSO,VILA BELA DA SANTÍSSIMA TRINDADE,Amazônia,8.0,0.0,0.87,9.4,-16.21997,-59.66331
2026/05/27 18:09:00,NPP-375,Brasil,MATO GROSSO,PORTO DOS GAÚCHOS,Amazônia,11.0,0.0,0.3,3.2,-11.94276,-57.04179
2026/05/27 18:09:00,NPP-375,Brasil,MATO GROSSO,ARIPUANÃ,Amazônia,9.0,0.0,1.0,10.2,-10.67919,-58.9445
2026/05/27 18:09:00,NPP-375,Brasil,MATO GROSSO,GAÚCHA DO NORTE,Amazônia,29.0,0.0,0.93,14.5,-12.40991,-53.14524
2026/05/27 18:09:00,NPP-375,Brasil,MATO GROSSO,BRASNORTE,Amazônia,8.0,0.01,0.73,6.0,-11.63976,-58.24155
2026/05/27 18:09:00,NPP-375,Brasil,MATO GROSSO,NOVA MARINGÁ,Amazônia,10.0,0.0,0.28,15.7,-12.5389,-57.19017
2026/05/27 18:09:00,NPP-375,Brasil,MATO GROSSO,PORTO DOS GAÚCHOS,Amazônia,10.0,0.0,0.31,7.4,-11.78955,-57.01444
2026/05/27 18:09:00,NPP-375,Brasil,MATO GROSSO,SAPEZAL,Cerrado,9.0,0.0,0.81,43.9,-12.60154,-58.67064
2026/05/27 18:09:00,NPP-375,Brasil,MATO GROSSO,PORTO DOS GAÚCHOS,Amazônia,10.0,0.0,0.31,7.6,-11.7944,-57.00978
2026/05/27 18:09:00,NPP-375,Brasil,MATO GROSSO,PORTO DOS GAÚCHOS,Amazônia,9.0,0.0,0.76,25.9,-11.73153,-56.83471
2026/05/27 18:09:00,NPP-375,Brasil,MATO GROSSO,JUARA,Amazônia,10.0,0.0,0.31,7.1,-11.86392,-57.82318
2026/05/27 18:09:00,NPP-375,Brasil,MATO GROSSO,PARANATINGA,Amazônia,12.0,0.0,0.37,13.0,-12.72916,-54.19181
2026/05/27 18:09:00,NPP-375,Brasil,MATO GROSSO,TABAPORÃ,Amazônia,8.0,0.0,0.27,13.3,-10.82642,-56.60818
2026/05/27 18:09:00,NPP-375,Brasil,MATO GROSSO,PORTO DOS GAÚCHOS,Amazônia,9.0,0.0,0.27,4.0,-11.54667,-56.9319
2026/05/27 18:09:00,NPP-375,Brasil,MATO GROSSO,MARCELÂNDIA,Amazônia,11.0,0.0,0.31,8.2,-10.59986,-53.47272
2026/05/27 18:09:00,NPP-375,Brasil,MATO GROSSO,NOVA MARINGÁ,Amazônia,11.0,0.1,0.26,15.9,-11.80954,-57.35215
2026/05/27 18:09:00,NPP-375,Brasil,MATO GROSSO,CAMPO VERDE,Cerrado,7.0,0.0,0.51,12.4,-15.70961,-55.29183
2026/05/27 18:09:00,NPP-375,Brasil,MATO GROSSO,CAMPO VERDE,Cerrado,7.0,0.0,0.75,12.5,-15.71574,-55.29348
2026/05/27 18:09:00,NPP-375,Brasil,MATO GROSSO,NOVA MARINGÁ,Amazônia,10.0,0.0,0.28,8.8,-12.54308,-57.22149
2026/05/27 18:09:00,NPP-375,Brasil,MATO GROSSO,NOVA MARINGÁ,Amazônia,10.0,0.0,0.28,15.7,-12.54361,-57.18557
2026/05/27 18:09:00,NPP-375,Brasil,MATO GROSSO,CLÁUDIA,Amazônia,11.0,0.0,0.29,14.3,-11.73558,-54.80234
2026/05/27 18:09:00,NPP-375,Brasil,RONDÔNIA,GUAJARÁ-MIRIM,Amazônia,9.0,0.0,0.29,0.6,-11.73223,-64.29707
2026/05/27 18:09:00,NPP-375,Brasil,MATO GROSSO,PORTO DOS GAÚCHOS,Amazônia,10.0,0.0,0.31,16.5,-11.78884,-57.01074
2026/05/27 18:09:00,NPP-375,Brasil,MATO GROSSO,NOVA MARINGÁ,Amazônia,10.0,0.0,0.28,7.1,-12.54511,-57.22179
2026/05/27 18:09:00,NPP-375,Brasil,MATO GROSSO,CLÁUDIA,Amazônia,11.0,0.0,0.28,7.5,-11.7343,-54.80193
2026/05/27 18:09:00,NPP-375,Brasil,MATO GROSSO,TANGARÁ DA SERRA,Cerrado,8.0,0.0,0.8,6.3,-14.14111,-58.50359
2026/05/27 18:09:00,NPP-375,Brasil,MATO GROSSO,NOVA MARINGÁ,Amazônia,10.0,0.0,0.28,16.9,-12.54498,-57.19257
2026/05/27 18:09:00,NPP-375,Brasil,MATO GROSSO,CLÁUDIA,Amazônia,11.0,0.0,0.28,16.7,-11.74612,-54.78924
2026/05/27 18:09:00,NPP-375,Brasil,MATO GROSSO,TANGARÁ DA SERRA,Cerrado,8.0,0.0,0.8,26.8,-14.13629,-58.50451
2026/05/27 18:09:00,NPP-375,Brasil,MATO GROSSO,CAMPINÁPOLIS,Cerrado,4.0,0.0,1.0,7.7,-14.45751,-52.90672
2026/05/27 18:09:00,NPP-375,Brasil,MATO GROSSO,SÃO FÉLIX DO ARAGUAIA,Amazônia,11.0,0.0,0.32,6.0,-11.35687,-52.95648
2026/05/27 18:09:00,NPP-375,Brasil,MATO GROSSO,PORTO ESPERIDIÃO,Pantanal,6.0,0.0,1.0,21.6,-15.80031,-58.64394
2026/05/27 18:09:00,NPP-375,Brasil,MATO GROSSO,NOVA UBIRATÃ,Amazônia,11.0,0.55,0.26,13.6,-12.55022,-54.59429
2026/05/27 18:09:00,NPP-375,Brasil,MATO GROSSO,TABAPORÃ,Amazônia,9.0,0.0,0.26,13.3,-11.03673,-56.92429
2026/05/27 18:09:00,NPP-375,Brasil,MATO GROSSO,TANGARÁ DA SERRA,Cerrado,10.0,0.0,0.81,4.6,-14.30171,-58.83566
2026/05/27 18:09:00,NPP-375,Brasil,MATO GROSSO,TABAPORÃ,Amazônia,9.0,0.0,0.38,8.4,-11.5158,-56.12777
2026/05/27 18:09:00,NPP-375,Brasil,MATO GROSSO,CLÁUDIA,Amazônia,11.0,0.0,0.28,8.5,-11.74087,-54.7959
2026/05/27 18:09:00,NPP-375,Brasil,MATO GROSSO,NOVA MARINGÁ,Amazônia,10.0,0.0,0.28,4.4,-12.53777,-57.19337
2026/05/27 18:09:00,NPP-375,Brasil,MATO GROSSO,COTRIGUAÇU,Amazônia,9.0,0.0,0.4,3.0,-9.76153,-58.78266
2026/05/27 18:09:00,NPP-375,Brasil,MATO GROSSO,TANGARÁ DA SERRA,Cerrado,7.0,0.0,0.83,21.6,-14.16113,-58.86978
2026/05/27 18:09:00,NPP-375,Brasil,MATO GROSSO,NOVA CANAÃ DO NORTE,Amazônia,8.0,0.0,1.0,2.2,-10.74634,-55.71442
2026/05/27 18:09:00,NPP-375,Brasil,MATO GROSSO,BRASNORTE,Amazônia,8.0,0.02,0.81,6.0,-11.64034,-58.24471
2026/05/27 18:09:00,NPP-375,Brasil,MATO GROSSO,SÃO FÉLIX DO ARAGUAIA,Amazônia,12.0,0.0,0.27,15.7,-11.47025,-52.91643
2026/05/27 18:09:00,NPP-375,Brasil,MATO GROSSO,NOVA MARINGÁ,Amazônia,11.0,0.1,0.26,11.9,-11.80856,-57.3508
2026/05/27 18:09:00,NPP-375,Brasil,MATO GROSSO,CLÁUDIA,Amazônia,11.0,0.0,0.28,13.2,-11.73963,-54.79547
2026/05/27 18:09:00,NPP-375,Brasil,MATO GROSSO,GAÚCHA DO NORTE,Amazônia,29.0,0.0,0.89,15.0,-12.42233,-53.13582
2026/05/27 18:09:00,NPP-375,Brasil,MATO GROSSO,NOVA CANAÃ DO NORTE,Amazônia,8.0,0.0,1.0,4.6,-10.74635,-55.7132
2026/05/27 18:09:00,NPP-375,Brasil,MATO GROSSO,BRASNORTE,Amazônia,8.0,0.0,0.71,9.2,-11.63918,-58.23841
2026/05/27 18:09:00,NPP-375,Brasil,MATO GROSSO,PORTO ESPERIDIÃO,Pantanal,5.0,0.0,1.0,3.4,-15.82638,-58.61491
2026/05/27 18:09:00,NPP-375,Brasil,MATO GROSSO,TANGARÁ DA SERRA,Cerrado,8.0,0.0,0.8,26.8,-14.1373,-58.50982
2026/05/27 18:09:00,NPP-375,Brasil,MATO GROSSO,JUARA,Amazônia,10.0,0.0,0.31,4.0,-11.85866,-57.82416
2026/05/27 18:09:00,NPP-375,Brasil,MATO GROSSO,TANGARÁ DA SERRA,Cerrado,8.0,0.0,0.71,19.6,-14.24143,-58.32963
2026/05/27 18:09:00,NPP-375,Brasil,RONDÔNIA,ALTA FLORESTA D'OESTE,Amazônia,9.0,0.0,0.34,6.9,-12.5964,-62.22857
2026/05/27 18:09:00,NPP-375,Brasil,MATO GROSSO,CLÁUDIA,Amazônia,11.0,0.0,0.28,19.5,-11.74491,-54.78875
2026/05/27 18:09:00,NPP-375,Brasil,MATO GROSSO,PARANATINGA,Amazônia,12.0,0.0,0.36,13.0,-12.72266,-54.193
2026/05/27 18:09:00,NPP-375,Brasil,MATO GROSSO,SÃO JOSÉ DO RIO CLARO,Amazônia,10.0,0.0,0.25,7.1,-13.14468,-56.80769
2026/05/27 18:09:00,NPP-375,Brasil,MATO GROSSO,SÃO FÉLIX DO ARAGUAIA,Amazônia,12.0,0.0,0.27,27.3,-11.47455,-52.91737
2026/05/27 18:09:00,NPP-375,Brasil,MATO GROSSO,SÃO FÉLIX DO ARAGUAIA,Amazônia,12.0,0.0,0.27,15.7,-11.46315,-52.91787
2026/05/27 18:09:00,NPP-375,Brasil,MATO GROSSO,PORTO ESTRELA,Cerrado,5.0,0.0,0.67,2.3,-15.64364,-57.15535
2026/05/27 18:09:00,NPP-375,Brasil,MATO GROSSO,TABAPORÃ,Amazônia,9.0,0.0,0.67,14.0,-11.5099,-56.12886
2026/05/27 18:10:00,GOES-19,Brasil,TOCANTINS,NATIVIDADE,Cerrado,4.0,0.0,0.6,82.6,-11.591,-47.4496
2026/05/27 18:10:00,GOES-19,Brasil,TOCANTINS,MIRANORTE,Cerrado,25.0,0.0,0.8,69.8,-9.3009,-48.5925
2026/05/27 18:10:00,GOES-19,Brasil,PARÁ,CUMARU DO NORTE,Amazônia,9.0,0.0,0.56,59.0,-7.6803,-51.1
2026/05/27 18:10:00,GOES-19,Brasil,MARANHÃO,SÃO FÉLIX DE BALSAS,Cerrado,21.0,0.0,0.88,82.4,-7.0127,-44.9841
2026/05/27 18:10:00,GOES-19,Brasil,TOCANTINS,CONCEIÇÃO DO TOCANTINS,Cerrado,4.0,0.0,0.62,168.5,-11.9741,-47.3762
2026/05/27 18:10:00,GOES-19,Brasil,TOCANTINS,MIRACEMA DO TOCANTINS,Cerrado,21.0,0.0,0.76,98.7,-9.3972,-48.4305
2026/05/27 18:10:00,GOES-19,Brasil,MARANHÃO,BARRA DO CORDA,Cerrado,8.0,0.0,0.51,140.1,-5.7752,-45.128
2026/05/27 18:10:00,GOES-19,Brasil,MARANHÃO,LORETO,Cerrado,22.0,0.0,0.89,100.0,-7.0125,-45.0069
2026/05/27 18:10:00,GOES-19,Brasil,TOCANTINS,RIO DOS BOIS,Cerrado,27.0,0.0,0.83,55.6,-9.3012,-48.5708
2026/05/27 18:10:00,GOES-19,Brasil,TOCANTINS,LAGOA DA CONFUSÃO,Cerrado,27.0,0.0,0.78,69.4,-10.6642,-49.7054
2026/05/27 18:10:00,GOES-19,Brasil,BAHIA,BARREIRAS,Cerrado,2.0,0.0,0.75,78.9,-12.0093,-45.3546
2026/05/27 18:10:00,GOES-19,Brasil,TOCANTINS,LAGOA DA CONFUSÃO,Cerrado,27.0,0.0,1.0,148.8,-10.6639,-49.727
2026/05/27 18:10:00,GOES-19,Brasil,TOCANTINS,LAGOA DA CONFUSÃO,Cerrado,23.0,0.0,0.9,71.1,-10.834,-49.7515
2026/05/27 18:10:00,GOES-19,Brasil,TOCANTINS,LAGOA DA CONFUSÃO,Cerrado,26.0,0.0,1.0,120.3,-10.645,-49.729
2026/05/27 18:10:00,GOES-19,Brasil,BAHIA,FORMOSA DO RIO PRETO,Cerrado,4.0,0.0,0.99,112.2,-11.2078,-46.4014
2026/05/27 18:10:00,GOES-19,Brasil,TOCANTINS,MIRACEMA DO TOCANTINS,Cerrado,21.0,0.0,0.81,61.5,-9.3969,-48.4523
2026/05/27 18:10:00,GOES-19,Brasil,TOCANTINS,MATEIROS,Cerrado,4.0,0.0,0.9,92.0,-10.877,-46.8489
2026/05/27 18:10:00,GOES-19,Brasil,MARANHÃO,BARRA DO CORDA,Cerrado,8.0,0.0,0.53,269.1,-5.7937,-45.1493
2026/05/27 18:10:00,GOES-19,Brasil,TOCANTINS,MATEIROS,Cerrado,4.0,0.0,0.89,263.8,-10.8767,-46.8713
2026/05/27 18:10:00,GOES-19,Brasil,TOCANTINS,MATEIROS,Cerrado,4.0,0.0,0.89,200.4,-10.8576,-46.8737
2026/05/27 18:10:00,GOES-19,Brasil,TOCANTINS,MATEIROS,Cerrado,4.0,0.0,0.89,92.6,-10.858,-46.8513
2026/05/27 18:10:00,GOES-19,Brasil,MARANHÃO,BARRA DO CORDA,Cerrado,8.0,0.0,0.42,89.3,-5.8124,-45.148
2026/05/27 18:10:00,GOES-19,Brasil,BAHIA,FORMOSA DO RIO PRETO,Cerrado,4.0,0.0,0.91,60.9,-11.2074,-46.424
2026/05/27 18:10:00,GOES-19,Brasil,PARÁ,CUMARU DO NORTE,Amazônia,13.0,0.0,0.58,78.7,-8.5541,-51.5149
2026/05/27 18:11:00,NPP-375,Brasil,RONDÔNIA,PORTO VELHO,Amazônia,9.0,0.0,0.43,5.4,-9.04398,-64.55989
2026/05/27 18:11:00,NPP-375,Brasil,AMAZONAS,MANICORÉ,Amazônia,9.0,0.0,0.76,7.8,-8.26298,-61.61197
2026/05/27 18:11:00,NPP-375,Brasil,AMAZONAS,NOVO ARIPUANÃ,Amazônia,2.0,0.0,0.05,3.0,-5.35498,-60.13091
2026/05/27 18:11:00,NPP-375,Brasil,AMAZONAS,MANICORÉ,Amazônia,9.0,0.0,0.71,26.4,-8.46841,-61.81734
2026/05/27 18:11:00,NPP-375,Brasil,AMAZONAS,MANICORÉ,Amazônia,9.0,0.0,0.72,9.4,-8.47628,-61.81191
2026/05/27 18:11:00,NPP-375,Brasil,AMAZONAS,MANICORÉ,Amazônia,9.0,0.0,0.58,4.5,-8.46502,-61.79724
2026/05/27 18:11:00,NPP-375,Brasil,ACRE,TARAUACÁ,Amazônia,8.0,0.0,0.15,7.0,-8.23915,-70.81906
2026/05/27 18:11:00,NPP-375,Brasil,AMAZONAS,MANICORÉ,Amazônia,8.0,0.0,0.72,40.8,-8.37281,-61.78758
2026/05/27 18:11:00,NPP-375,Brasil,AMAZONAS,MANICORÉ,Amazônia,9.0,0.0,0.7,8.5,-8.40504,-61.62695
2026/05/27 18:11:00,NPP-375,Brasil,AMAZONAS,MANICORÉ,Amazônia,8.0,0.0,0.71,13.0,-8.4158,-61.81787
2026/05/27 18:11:00,NPP-375,Brasil,PARÁ,PLACAS,Amazônia,2.0,0.0,0.06,18.5,-3.65066,-54.80648
2026/05/27 18:11:00,NPP-375,Brasil,AMAZONAS,MANICORÉ,Amazônia,8.0,0.0,0.73,3.4,-8.33096,-61.74878
2026/05/27 18:11:00,NPP-375,Brasil,AMAZONAS,MANICORÉ,Amazônia,9.0,0.0,0.71,6.5,-8.4657,-61.80127
2026/05/27 18:11:00,NPP-375,Brasil,AMAZONAS,MANICORÉ,Amazônia,9.0,0.0,0.71,6.5,-8.46638,-61.80528
2026/05/27 18:11:00,NPP-375,Brasil,ACRE,SENA MADUREIRA,Amazônia,8.0,0.0,0.15,4.5,-9.25771,-68.37221
2026/05/27 18:11:00,NPP-375,Brasil,RONDÔNIA,PORTO VELHO,Amazônia,5.0,0.0,0.26,4.8,-8.454,-63.40825
2026/05/27 18:11:00,NPP-375,Brasil,AMAZONAS,MANICORÉ,Amazônia,9.0,0.0,0.76,5.5,-8.2637,-61.61609
2026/05/27 18:11:00,NPP-375,Brasil,AMAZONAS,MANICORÉ,Amazônia,9.0,0.0,0.7,5.5,-8.4,-61.62354
2026/05/27 18:11:00,NPP-375,Brasil,AMAZONAS,MANICORÉ,Amazônia,8.0,0.0,0.74,4.6,-8.33457,-61.744
2026/05/27 18:11:00,NPP-375,Brasil,AMAZONAS,MANICORÉ,Amazônia,8.0,0.0,0.72,7.9,-8.37643,-61.78284
2026/05/27 18:11:00,NPP-375,Brasil,ACRE,TARAUACÁ,Amazônia,8.0,0.0,0.15,2.2,-8.23554,-70.8196
2026/05/27 18:11:00,NPP-375,Brasil,ACRE,FEIJÓ,Amazônia,3.0,0.0,0.19,22.4,-9.23783,-71.63487
2026/05/27 18:11:00,NPP-375,Brasil,AMAZONAS,LÁBREA,Amazônia,9.0,0.0,0.17,13.5,-8.6916,-67.04922
2026/05/27 18:11:00,NPP-375,Brasil,ACRE,FEIJÓ,Amazônia,8.0,0.0,0.35,3.2,-8.23307,-70.16
2026/05/27 18:11:00,NPP-375,Brasil,AMAZONAS,MANICORÉ,Amazônia,8.0,0.0,0.72,9.1,-8.40453,-61.81954
2026/05/27 18:11:00,NPP-375,Brasil,ACRE,BRASILÉIA,Amazônia,13.0,0.0,0.19,4.6,-10.6809,-69.08784
2026/05/27 18:11:00,NPP-375,Brasil,AMAZONAS,MANICORÉ,Amazônia,9.0,0.0,0.7,7.0,-8.40645,-61.63518
2026/05/27 18:11:00,NPP-375,Brasil,AMAZONAS,MANICORÉ,Amazônia,9.0,0.0,0.7,5.9,-8.40283,-61.64002
2026/05/27 18:11:00,NPP-375,Brasil,AMAZONAS,MANICORÉ,Amazônia,9.0,0.0,0.71,6.5,-8.46143,-61.802
2026/05/27 18:11:00,NPP-375,Brasil,AMAZONAS,MANICORÉ,Amazônia,8.0,0.0,0.72,3.3,-8.40386,-61.81552
2026/05/27 18:11:00,NPP-375,Brasil,AMAZONAS,MANICORÉ,Amazônia,8.0,0.0,0.74,5.4,-8.33027,-61.74472
2026/05/27 18:11:00,NPP-375,Brasil,AMAZONAS,MANICORÉ,Amazônia,8.0,0.0,0.72,7.9,-8.3771,-61.78687
2026/05/27 18:11:00,NPP-375,Brasil,AMAZONAS,MANICORÉ,Amazônia,8.0,0.0,0.72,40.8,-8.37214,-61.78355
2026/05/27 18:11:00,NPP-375,Brasil,ACRE,RIO BRANCO,Amazônia,9.0,0.0,0.97,2.9,-9.85613,-67.88029
2026/05/27 18:11:00,NPP-375,Brasil,AMAZONAS,MANICORÉ,Amazônia,9.0,0.0,0.72,7.4,-8.48122,-61.8152
2026/05/27 18:11:00,NPP-375,Brasil,AMAZONAS,MANICORÉ,Amazônia,8.0,0.0,0.97,8.7,-7.86388,-61.49016
2026/05/27 18:11:00,NPP-375,Brasil,AMAZONAS,MANICORÉ,Amazônia,8.0,0.0,0.74,10.5,-8.35015,-61.65261
2026/05/27 18:11:00,NPP-375,Brasil,AMAZONAS,CANUTAMA,Amazônia,6.0,0.0,0.28,2.7,-7.87953,-63.71611
2026/05/27 18:11:00,NPP-375,Brasil,AMAZONAS,MANICORÉ,Amazônia,9.0,0.0,0.72,12.0,-8.47695,-61.81593
2026/05/27 18:11:00,NPP-375,Brasil,AMAZONAS,MANICORÉ,Amazônia,9.0,0.0,0.76,5.9,-8.28106,-61.61319
2026/05/27 18:11:00,NPP-375,Brasil,AMAZONAS,MANICORÉ,Amazônia,9.0,0.0,0.77,4.4,-8.29615,-61.64906
2026/05/27 18:11:00,NPP-375,Brasil,ACRE,BRASILÉIA,Amazônia,14.0,0.0,0.26,2.2,-10.76571,-68.97906
2026/05/27 18:11:00,NPP-375,Brasil,AMAZONAS,MANICORÉ,Amazônia,9.0,0.0,0.72,3.5,-8.47065,-61.80457
2026/05/27 18:11:00,NPP-375,Brasil,AMAZONAS,MANICORÉ,Amazônia,9.0,0.0,0.76,3.3,-8.30048,-61.6483
2026/05/27 18:11:00,NPP-375,Brasil,ACRE,RODRIGUES ALVES,Amazônia,6.0,0.0,0.6,7.9,-7.87796,-72.95226
2026/05/27 18:11:00,NPP-375,Brasil,AMAZONAS,MANICORÉ,Amazônia,8.0,0.0,0.72,4.2,-8.39347,-61.85852
2026/05/27 18:11:00,NPP-375,Brasil,AMAZONAS,MANICORÉ,Amazônia,8.0,0.0,0.72,2.5,-8.385,-61.78143
2026/05/27 18:11:00,NPP-375,Brasil,AMAZONAS,MANICORÉ,Amazônia,8.0,0.0,0.72,6.0,-8.37146,-61.77953
2026/05/27 18:11:00,NPP-375,Brasil,AMAZONAS,MANICORÉ,Amazônia,8.0,0.0,0.72,4.4,-8.40657,-61.81528
2026/05/27 18:11:00,NPP-375,Brasil,AMAZONAS,MANICORÉ,Amazônia,8.0,0.0,0.72,2.6,-8.38432,-61.77737
2026/05/27 18:11:00,NPP-375,Brasil,AMAZONAS,MANICORÉ,Amazônia,9.0,0.0,0.72,5.1,-8.48481,-61.81046
2026/05/27 18:11:00,NPP-375,Brasil,AMAZONAS,MANICORÉ,Amazônia,9.0,0.0,0.71,3.5,-8.46997,-61.80053
2026/05/27 18:11:00,NPP-375,Brasil,AMAZONAS,MANICORÉ,Amazônia,8.0,0.0,0.72,8.2,-8.38987,-61.86323
2026/05/27 18:11:00,NPP-375,Brasil,AMAZONAS,MANICORÉ,Amazônia,9.0,0.0,0.76,6.2,-8.26804,-61.61537
2026/05/27 18:11:00,NPP-375,Brasil,AMAZONAS,MANICORÉ,Amazônia,8.0,0.0,0.72,8.1,-8.40299,-61.82001
2026/05/27 18:11:00,NPP-375,Brasil,AMAZONAS,BOCA DO ACRE,Amazônia,9.0,0.0,0.18,3.6,-8.7478,-68.69213
2026/05/27 18:11:00,NPP-375,Brasil,AMAZONAS,MANICORÉ,Amazônia,8.0,0.0,0.72,3.7,-8.38004,-61.7781
2026/05/27 18:11:00,NPP-375,Brasil,AMAZONAS,MANICORÉ,Amazônia,8.0,0.0,0.72,4.2,-8.3928,-61.85452
2026/05/27 18:11:00,NPP-375,Brasil,AMAZONAS,MANICORÉ,Amazônia,8.0,0.0,0.74,12.4,-8.3588,-61.65117
2026/05/27 18:11:00,NPP-375,Brasil,AMAZONAS,MANICORÉ,Amazônia,9.0,0.0,0.7,7.2,-8.40433,-61.62283
2026/05/27 18:11:00,NPP-375,Brasil,AMAZONAS,MANICORÉ,Amazônia,9.0,0.0,0.76,4.4,-8.26306,-61.6163
2026/05/27 18:11:00,NPP-375,Brasil,AMAZONAS,MANICORÉ,Amazônia,9.0,0.0,0.7,5.9,-8.40213,-61.63591
2026/05/27 18:11:00,NPP-375,Brasil,ACRE,FEIJÓ,Amazônia,3.0,0.0,0.19,25.1,-9.23851,-71.63961
2026/05/27 18:11:00,NPP-375,Brasil,AMAZONAS,MANICORÉ,Amazônia,9.0,0.0,0.7,8.5,-8.40574,-61.63106
2026/05/27 18:11:00,NPP-375,Brasil,RONDÔNIA,PORTO VELHO,Amazônia,3.0,0.0,1.0,4.1,-8.64442,-63.99868
2026/05/27 18:11:00,NPP-375,Brasil,AMAZONAS,BOCA DO ACRE,Amazônia,9.0,0.0,0.18,12.1,-8.74444,-68.69263
2026/05/27 18:11:00,NPP-375,Brasil,ACRE,TARAUACÁ,Amazônia,8.0,0.0,0.33,2.3,-8.54239,-71.47941
2026/05/27 18:11:00,NPP-375,Brasil,AMAZONAS,MANICORÉ,Amazônia,9.0,0.0,0.72,7.4,-8.48549,-61.81448
2026/05/27 18:11:00,NPP-375,Brasil,PARÁ,JACAREACANGA,Amazônia,3.0,0.0,0.71,3.7,-5.99416,-57.73978
2026/05/27 18:11:00,NPP-375,Brasil,AMAZONAS,MANICORÉ,Amazônia,9.0,0.0,0.76,6.6,-8.26237,-61.61217
2026/05/27 18:11:00,NPP-375,Brasil,ACRE,FEIJÓ,Amazônia,3.0,0.0,0.19,3.8,-9.24164,-71.63432
2026/05/27 18:11:00,NPP-375,Brasil,AMAZONAS,MANICORÉ,Amazônia,8.0,0.0,0.77,7.7,-8.28389,-61.65539
2026/05/27 18:11:00,NPP-375,Brasil,AMAZONAS,MANICORÉ,Amazônia,9.0,0.0,0.74,16.6,-8.35811,-61.64706
2026/05/27 18:11:00,NPP-375,Brasil,AMAZONAS,ATALAIA DO NORTE,Amazônia,3.0,0.0,0.14,1.3,-6.80104,-72.57594
2026/05/27 18:11:00,NPP-375,Brasil,ACRE,BRASILÉIA,Amazônia,13.0,0.0,0.23,3.6,-10.65916,-69.46046
2026/05/27 18:11:00,NPP-375,Brasil,RONDÔNIA,PORTO VELHO,Amazônia,5.0,0.0,0.26,4.6,-8.45229,-63.40668
2026/05/27 18:11:00,NPP-375,Brasil,AMAZONAS,MANICORÉ,Amazônia,9.0,0.0,0.7,5.9,-8.40142,-61.63178
2026/05/27 18:11:00,NPP-375,Brasil,ACRE,CRUZEIRO DO SUL,Amazônia,3.0,0.0,0.16,7.1,-7.97635,-72.53918
2026/05/27 18:11:00,NPP-375,Brasil,AMAZONAS,MANICORÉ,Amazônia,9.0,0.0,0.71,6.9,-8.46774,-61.81334
2026/05/27 18:11:00,NPP-375,Brasil,RONDÔNIA,ALTO PARAÍSO,Amazônia,9.0,0.0,1.0,5.0,-9.74757,-63.21129
2026/05/27 18:11:00,NPP-375,Brasil,AMAZONAS,MANICORÉ,Amazônia,9.0,0.0,0.7,7.0,-8.40716,-61.63927
2026/05/27 18:11:00,NPP-375,Brasil,AMAZONAS,MANICORÉ,Amazônia,8.0,0.0,0.72,3.8,-8.39773,-61.8578
2026/05/27 18:11:00,NPP-375,Brasil,AMAZONAS,MANICORÉ,Amazônia,8.0,0.0,0.72,3.7,-8.37575,-61.77882
2026/05/27 18:11:00,NPP-375,Brasil,ACRE,PORTO WALTER,Amazônia,3.0,0.0,0.64,2.5,-8.28015,-72.78381
2026/05/27 18:13:00,NPP-375,Brasil,PARÁ,ÓBIDOS,Amazônia,2.0,0.4,0.01,3.5,-1.27006,-55.74583
2026/05/27 18:20:00,GOES-19,Brasil,BAHIA,BARREIRAS,Cerrado,2.0,0.0,0.75,80.0,-12.0093,-45.3546
2026/05/27 18:20:00,GOES-19,Brasil,BAHIA,MUQUÉM DO SÃO FRANCISCO,Cerrado,4.0,0.0,0.97,132.0,-11.9493,-43.4019
2026/05/27 18:20:00,GOES-19,Brasil,TOCANTINS,NATIVIDADE,Cerrado,4.0,0.0,0.6,97.1,-11.591,-47.4496
2026/05/27 18:20:00,GOES-19,Brasil,TOCANTINS,LAGOA DA CONFUSÃO,Cerrado,26.0,0.0,1.0,94.5,-10.645,-49.729
2026/05/27 18:20:00,GOES-19,Brasil,BAHIA,IUIU,Cerrado,4.0,0.0,1.0,108.9,-14.4045,-43.5158
2026/05/27 18:20:00,GOES-19,Brasil,TOCANTINS,MIRACEMA DO TOCANTINS,Cerrado,21.0,0.0,0.76,106.1,-9.3972,-48.4305
2026/05/27 18:20:00,GOES-19,Brasil,TOCANTINS,LAGOA DA CONFUSÃO,Cerrado,27.0,0.0,1.0,190.1,-10.6639,-49.727
2026/05/27 18:20:00,GOES-19,Brasil,TOCANTINS,MIRANORTE,Cerrado,25.0,0.0,0.8,69.6,-9.3009,-48.5925
2026/05/27 18:20:00,GOES-19,Brasil,MARANHÃO,LORETO,Cerrado,22.0,0.0,0.89,102.6,-7.0125,-45.0069
2026/05/27 18:20:00,GOES-19,Brasil,MARANHÃO,BARRA DO CORDA,Cerrado,8.0,0.0,0.52,143.5,-5.8126,-45.1253
2026/05/27 18:20:00,GOES-19,Brasil,MARANHÃO,SÃO FÉLIX DE BALSAS,Cerrado,21.0,0.0,0.88,82.7,-7.0127,-44.9841
2026/05/27 18:20:00,GOES-19,Brasil,TOCANTINS,CONCEIÇÃO DO TOCANTINS,Cerrado,4.0,0.0,0.62,165.1,-11.9741,-47.3762
2026/05/27 18:20:00,GOES-19,Brasil,TOCANTINS,LAGOA DA CONFUSÃO,Cerrado,27.0,0.0,0.78,67.9,-10.6642,-49.7054
2026/05/27 18:20:00,GOES-19,Brasil,MARANHÃO,BARRA DO CORDA,Cerrado,8.0,0.0,0.42,89.0,-5.8124,-45.148
2026/05/27 18:20:00,GOES-19,Brasil,BAHIA,FORMOSA DO RIO PRETO,Cerrado,4.0,0.0,0.91,96.3,-11.2074,-46.424
2026/05/27 18:20:00,GOES-19,Brasil,TOCANTINS,MATEIROS,Cerrado,4.0,0.0,0.9,82.9,-10.877,-46.8489
2026/05/27 18:20:00,GOES-19,Brasil,TOCANTINS,MIRACEMA DO TOCANTINS,Cerrado,21.0,0.0,0.81,69.9,-9.3969,-48.4523
2026/05/27 18:20:00,GOES-19,Brasil,BAHIA,FORMOSA DO RIO PRETO,Cerrado,4.0,0.0,0.99,148.3,-11.2078,-46.4014
2026/05/27 18:20:00,GOES-19,Brasil,TOCANTINS,MATEIROS,Cerrado,4.0,0.0,0.89,125.7,-10.8767,-46.8713
2026/05/27 18:20:00,GOES-19,Brasil,PARÁ,CUMARU DO NORTE,Amazônia,13.0,0.0,0.58,83.9,-8.5541,-51.5149
2026/05/27 18:26:00,NOAA-20,Brasil,MATO GROSSO,TANGARÁ DA SERRA,Cerrado,8.0,0.0,0.71,5.8,-14.2436,-58.33168
2026/05/27 18:26:00,NOAA-20,Brasil,MATO GROSSO,LAMBARI D'OESTE,Amazônia,5.0,0.0,0.58,11.3,-15.38846,-57.5806
2026/05/27 18:26:00,NOAA-20,Brasil,MATO GROSSO,LAMBARI D'OESTE,Amazônia,5.0,0.0,0.5,12.9,-15.38383,-57.58164
2026/05/27 18:26:00,NOAA-20,Brasil,MATO GROSSO,VILA BELA DA SANTÍSSIMA TRINDADE,Amazônia,6.0,0.0,1.0,3.9,-14.40182,-60.21652
2026/05/27 18:26:00,NOAA-20,Brasil,MATO GROSSO,VILA BELA DA SANTÍSSIMA TRINDADE,Amazônia,8.0,0.0,1.0,6.1,-16.22122,-59.65972
2026/05/27 18:26:00,NOAA-20,Brasil,RONDÔNIA,ALTA FLORESTA D'OESTE,Amazônia,9.0,0.0,0.34,3.7,-12.59511,-62.22946
2026/05/27 18:26:00,NOAA-20,Brasil,MATO GROSSO,VILA BELA DA SANTÍSSIMA TRINDADE,Amazônia,8.0,0.0,0.86,6.6,-16.21937,-59.6641
2026/05/27 18:28:00,NOAA-20,Brasil,AMAZONAS,MANICORÉ,Amazônia,8.0,0.0,0.77,4.6,-8.29342,-61.65149
2026/05/27 18:28:00,NOAA-20,Brasil,AMAZONAS,MANICORÉ,Amazônia,8.0,0.0,0.72,11.8,-8.38537,-61.78006
2026/05/27 18:28:00,NOAA-20,Brasil,ACRE,SANTA ROSA DO PURUS,Amazônia,8.0,0.0,0.23,3.4,-9.39483,-70.47811
2026/05/27 18:28:00,NOAA-20,Brasil,AMAZONAS,MANICORÉ,Amazônia,8.0,0.0,0.77,4.6,-8.28702,-61.65272
2026/05/27 18:28:00,NOAA-20,Brasil,ACRE,FEIJÓ,Amazônia,8.0,0.0,0.17,3.7,-8.46524,-70.47268
2026/05/27 18:28:00,NOAA-20,Brasil,ACRE,FEIJÓ,Amazônia,3.0,0.0,0.19,13.3,-9.23616,-71.63644
2026/05/27 18:28:00,NOAA-20,Brasil,ACRE,FEIJÓ,Amazônia,9.0,0.0,0.7,3.8,-8.52301,-70.02456
2026/05/27 18:28:00,NOAA-20,Brasil,AMAZONAS,MANICORÉ,Amazônia,8.0,0.0,0.72,8.2,-8.40005,-61.85747
2026/05/27 18:28:00,NOAA-20,Brasil,ACRE,FEIJÓ,Amazônia,3.0,0.0,0.19,10.8,-9.239,-71.63214
2026/05/27 18:28:00,NOAA-20,Brasil,AMAZONAS,GUAJARÁ,Amazônia,8.0,0.0,0.17,13.4,-7.43619,-72.78191
2026/05/27 18:28:00,NOAA-20,Brasil,ACRE,CRUZEIRO DO SUL,Amazônia,3.0,0.0,0.16,9.2,-7.97554,-72.53699
2026/05/27 18:28:00,NOAA-20,Brasil,AMAZONAS,MANICORÉ,Amazônia,9.0,0.0,0.71,13.7,-8.46203,-61.80371
2026/05/27 18:28:00,NOAA-20,Brasil,AMAZONAS,MANICORÉ,Amazônia,8.0,0.0,0.73,4.8,-8.3328,-61.74631
2026/05/27 18:28:00,NOAA-20,Brasil,AMAZONAS,MANICORÉ,Amazônia,8.0,0.0,0.74,6.5,-8.33679,-61.74224
2026/05/27 18:28:00,NOAA-20,Brasil,ACRE,TARAUACÁ,Amazônia,8.0,0.0,0.15,4.0,-8.23963,-70.81657
2026/05/27 18:28:00,NOAA-20,Brasil,AMAZONAS,MANICORÉ,Amazônia,8.0,0.0,0.72,8.2,-8.39371,-61.85858
2026/05/27 18:28:00,NOAA-20,Brasil,AMAZONAS,MANICORÉ,Amazônia,8.0,0.0,0.74,6.5,-8.33042,-61.74344
2026/05/27 18:28:00,NOAA-20,Brasil,RONDÔNIA,ARIQUEMES,Amazônia,9.0,0.0,-999.0,3.9,-9.79454,-63.54636
2026/05/27 18:28:00,NOAA-20,Brasil,AMAZONAS,MANICORÉ,Amazônia,8.0,0.0,0.72,7.6,-8.39274,-61.85345
2026/05/27 18:28:00,NOAA-20,Brasil,ACRE,FEIJÓ,Amazônia,8.0,0.0,0.17,7.9,-8.46161,-70.47327
2026/05/27 18:28:00,NOAA-20,Brasil,ACRE,FEIJÓ,Amazônia,3.0,0.0,0.19,10.8,-9.24302,-71.63536
2026/05/27 18:28:00,NOAA-20,Brasil,ACRE,CRUZEIRO DO SUL,Amazônia,3.0,0.0,0.16,4.2,-7.85595,-72.26579
2026/05/27 18:28:00,NOAA-20,Brasil,RONDÔNIA,PORTO VELHO,Amazônia,3.0,0.0,1.0,2.6,-8.64562,-63.99691
2026/05/27 18:28:00,NOAA-20,Brasil,AMAZONAS,MANICORÉ,Amazônia,9.0,0.0,0.74,7.3,-8.35291,-61.64404
2026/05/27 18:28:00,NOAA-20,Brasil,AMAZONAS,MANICORÉ,Amazônia,9.0,0.0,0.74,8.7,-8.35392,-61.64936
2026/05/27 18:28:00,NOAA-20,Brasil,RONDÔNIA,SÃO MIGUEL DO GUAPORÉ,Amazônia,8.0,0.0,1.0,5.1,-11.86382,-62.76309
2026/05/27 18:28:00,NOAA-20,Brasil,AMAZONAS,MANICORÉ,Amazônia,8.0,0.0,0.74,4.8,-8.33179,-61.74109
2026/05/27 18:28:00,NOAA-20,Brasil,ACRE,CRUZEIRO DO SUL,Amazônia,3.0,0.0,0.16,9.2,-7.9761,-72.54059
2026/05/27 18:28:00,NOAA-20,Brasil,ACRE,FEIJÓ,Amazônia,8.0,0.0,0.17,6.5,-8.54727,-70.4725
2026/05/27 18:28:00,NOAA-20,Brasil,RONDÔNIA,THEOBROMA,Amazônia,8.0,0.0,0.49,6.1,-10.0507,-62.4581
2026/05/27 18:28:00,NOAA-20,Brasil,ACRE,PORTO WALTER,Amazônia,3.0,0.0,0.43,3.8,-8.25704,-72.79623
2026/05/27 18:28:00,NOAA-20,Brasil,ACRE,BRASILÉIA,Amazônia,14.0,0.0,0.19,2.1,-10.68097,-69.09086
2026/05/27 18:28:00,NOAA-20,Brasil,ACRE,SENA MADUREIRA,Amazônia,8.0,0.0,0.15,4.1,-9.25765,-68.37395
2026/05/27 18:28:00,NOAA-20,Brasil,ACRE,CRUZEIRO DO SUL,Amazônia,3.0,0.0,0.15,4.0,-7.73748,-72.27004
2026/05/27 18:28:00,NOAA-20,Brasil,ACRE,TARAUACÁ,Amazônia,8.0,0.0,0.11,20.8,-8.54554,-71.48248
2026/05/27 18:28:00,NOAA-20,Brasil,AMAZONAS,MANICORÉ,Amazônia,8.0,0.0,0.74,4.2,-8.34749,-61.65044
2026/05/27 18:28:00,NOAA-20,Brasil,ACRE,EPITACIOLÂNDIA,Amazônia,9.0,0.0,0.99,3.4,-10.89573,-68.57144
2026/05/27 18:28:00,NOAA-20,Brasil,RONDÔNIA,GUAJARÁ-MIRIM,Amazônia,8.0,0.0,0.38,4.5,-11.04485,-65.15178
2026/05/27 18:28:00,NOAA-20,Brasil,ACRE,TARAUACÁ,Amazônia,9.0,0.0,0.15,10.8,-8.14674,-70.63802
2026/05/27 18:28:00,NOAA-20,Brasil,ACRE,FEIJÓ,Amazônia,3.0,0.0,0.19,10.8,-9.23959,-71.6359
2026/05/27 18:28:00,NOAA-20,Brasil,AMAZONAS,MANICORÉ,Amazônia,8.0,0.0,0.73,4.8,-8.33918,-61.74515
2026/05/27 18:28:00,NOAA-20,Brasil,RONDÔNIA,SÃO MIGUEL DO GUAPORÉ,Amazônia,8.0,0.0,1.0,5.5,-11.86064,-62.76281
2026/05/27 18:28:00,NOAA-20,Brasil,ACRE,FEIJÓ,Amazônia,4.0,0.0,0.19,10.8,-9.24243,-71.63159
2026/05/27 18:28:00,NOAA-20,Brasil,AMAZONAS,MANICORÉ,Amazônia,8.0,0.0,0.72,10.6,-8.4059,-61.81912
2026/05/27 18:28:00,NOAA-20,Brasil,RONDÔNIA,NOVA MAMORÉ,Amazônia,9.0,0.0,1.0,1.6,-10.1361,-64.89532
2026/05/27 18:30:00,GOES-19,Brasil,TOCANTINS,MIRANORTE,Cerrado,25.0,0.0,0.8,55.7,-9.3009,-48.5925
2026/05/27 18:30:00,GOES-19,Brasil,MARANHÃO,BARRA DO CORDA,Cerrado,7.0,0.0,0.7,79.5,-5.7941,-45.104
2026/05/27 18:30:00,GOES-19,Brasil,MARANHÃO,BARRA DO CORDA,Cerrado,8.0,0.0,0.52,400.3,-5.7939,-45.1267
2026/05/27 18:30:00,GOES-19,Brasil,MARANHÃO,SÃO FÉLIX DE BALSAS,Cerrado,21.0,0.0,0.88,78.3,-7.0127,-44.9841
2026/05/27 18:30:00,GOES-19,Brasil,BAHIA,MUQUÉM DO SÃO FRANCISCO,Cerrado,4.0,0.0,0.98,102.1,-11.9301,-43.405
2026/05/27 18:30:00,GOES-19,Brasil,TOCANTINS,LAGOA DA CONFUSÃO,Cerrado,27.0,0.0,0.78,63.5,-10.6642,-49.7054
2026/05/27 18:30:00,GOES-19,Brasil,MARANHÃO,LORETO,Cerrado,22.0,0.0,0.89,114.6,-7.0125,-45.0069
2026/05/27 18:30:00,GOES-19,Brasil,TOCANTINS,NATIVIDADE,Cerrado,4.0,0.0,0.6,93.3,-11.591,-47.4496
2026/05/27 18:30:00,GOES-19,Brasil,PARÁ,CUMARU DO NORTE,Amazônia,13.0,0.0,0.18,46.2,-8.5354,-51.5163
2026/05/27 18:30:00,GOES-19,Brasil,TOCANTINS,MIRACEMA DO TOCANTINS,Cerrado,21.0,0.0,0.76,90.7,-9.3972,-48.4305
2026/05/27 18:30:00,GOES-19,Brasil,TOCANTINS,LAGOA DA CONFUSÃO,Cerrado,27.0,0.0,1.0,213.7,-10.6639,-49.727
2026/05/27 18:30:00,GOES-19,Brasil,TOCANTINS,CONCEIÇÃO DO TOCANTINS,Cerrado,4.0,0.0,0.62,161.1,-11.9741,-47.3762
2026/05/27 18:30:00,GOES-19,Brasil,TOCANTINS,LAGOA DA CONFUSÃO,Cerrado,26.0,0.0,1.0,103.2,-10.645,-49.729
2026/05/27 18:30:00,GOES-19,Brasil,BAHIA,MUQUÉM DO SÃO FRANCISCO,Cerrado,4.0,0.0,0.96,96.1,-11.9498,-43.3781
2026/05/27 18:30:00,GOES-19,Brasil,BAHIA,IUIU,Cerrado,4.0,0.0,1.0,112.5,-14.4045,-43.5158
2026/05/27 18:30:00,GOES-19,Brasil,BAHIA,BARREIRAS,Cerrado,2.0,0.0,0.75,95.0,-12.0093,-45.3546
2026/05/27 18:30:00,GOES-19,Brasil,MARANHÃO,BARRA DO CORDA,Cerrado,8.0,0.0,0.52,144.4,-5.8126,-45.1253
2026/05/27 18:30:00,GOES-19,Brasil,BAHIA,MUQUÉM DO SÃO FRANCISCO,Cerrado,4.0,0.0,0.97,163.1,-11.9493,-43.4019
2026/05/27 18:30:00,GOES-19,Brasil,TOCANTINS,MIRANORTE,Cerrado,26.0,0.0,0.63,58.9,-9.2821,-48.5944
2026/05/27 18:30:00,GOES-19,Brasil,TOCANTINS,MATEIROS,Cerrado,4.0,0.0,0.89,103.9,-10.858,-46.8513
2026/05/27 18:30:00,GOES-19,Brasil,BAHIA,FORMOSA DO RIO PRETO,Cerrado,4.0,0.0,0.99,81.4,-11.2078,-46.4014
2026/05/27 18:30:00,GOES-19,Brasil,TOCANTINS,PIUM,Cerrado,28.0,0.0,0.66,67.1,-10.3781,-49.8864
2026/05/27 18:30:00,GOES-19,Brasil,TOCANTINS,MATEIROS,Cerrado,4.0,0.0,0.89,332.0,-10.8576,-46.8737
2026/05/27 18:30:00,GOES-19,Brasil,TOCANTINS,MATEIROS,Cerrado,4.0,0.0,0.89,307.9,-10.8767,-46.8713
2026/05/27 18:30:00,GOES-19,Brasil,TOCANTINS,PIUM,Cerrado,28.0,0.0,0.63,67.5,-10.3592,-49.8883
2026/05/27 18:30:00,GOES-19,Brasil,TOCANTINS,PONTE ALTA DO TOCANTINS,Cerrado,4.0,0.0,0.66,117.0,-10.8763,-46.8938
2026/05/27 18:30:00,GOES-19,Brasil,TOCANTINS,MATEIROS,Cerrado,4.0,0.0,0.9,79.9,-10.877,-46.8489
2026/05/27 18:30:00,GOES-19,Brasil,TOCANTINS,MIRACEMA DO TOCANTINS,Cerrado,21.0,0.0,0.81,74.0,-9.3969,-48.4523
2026/05/27 18:30:00,GOES-19,Brasil,PIAUÍ,RIBEIRO GONÇALVES,Cerrado,24.0,0.0,0.9,92.9,-7.7605,-45.302
2026/05/27 18:30:00,GOES-19,Brasil,MARANHÃO,BARRA DO CORDA,Cerrado,8.0,0.0,0.42,107.4,-5.8124,-45.148
2026/05/27 18:30:00,GOES-19,Brasil,PARÁ,CUMARU DO NORTE,Amazônia,13.0,0.0,0.58,62.8,-8.5541,-51.5149
2026/05/27 18:40:00,GOES-19,Brasil,TOCANTINS,MIRACEMA DO TOCANTINS,Cerrado,21.0,0.0,0.76,100.7,-9.3972,-48.4305
2026/05/27 18:40:00,GOES-19,Brasil,TOCANTINS,NATIVIDADE,Cerrado,4.0,0.0,0.6,79.7,-11.591,-47.4496
2026/05/27 18:40:00,GOES-19,Brasil,TOCANTINS,LAGOA DA CONFUSÃO,Cerrado,26.0,0.0,1.0,92.9,-10.645,-49.729
2026/05/27 18:40:00,GOES-19,Brasil,TOCANTINS,LAGOA DA CONFUSÃO,Cerrado,15.0,0.0,0.37,63.0,-10.7563,-49.889
2026/05/27 18:40:00,GOES-19,Brasil,TOCANTINS,LAGOA DA CONFUSÃO,Cerrado,27.0,0.0,0.78,68.7,-10.6642,-49.7054
2026/05/27 18:40:00,GOES-19,Brasil,MARANHÃO,SÃO FÉLIX DE BALSAS,Cerrado,21.0,0.0,0.88,82.2,-7.0127,-44.9841
2026/05/27 18:40:00,GOES-19,Brasil,TOCANTINS,MIRANORTE,Cerrado,25.0,0.0,0.8,61.4,-9.3009,-48.5925
2026/05/27 18:40:00,GOES-19,Brasil,BAHIA,BARREIRAS,Cerrado,2.0,0.0,0.75,83.7,-12.0093,-45.3546
2026/05/27 18:40:00,GOES-19,Brasil,BAHIA,MUQUÉM DO SÃO FRANCISCO,Cerrado,4.0,0.0,0.96,77.2,-11.9498,-43.3781
2026/05/27 18:40:00,GOES-19,Brasil,TOCANTINS,CONCEIÇÃO DO TOCANTINS,Cerrado,4.0,0.0,0.62,163.9,-11.9741,-47.3762
2026/05/27 18:40:00,GOES-19,Brasil,TOCANTINS,LAGOA DA CONFUSÃO,Cerrado,27.0,0.0,1.0,172.4,-10.6639,-49.727
2026/05/27 18:40:00,GOES-19,Brasil,BAHIA,IUIU,Cerrado,4.0,0.0,1.0,91.5,-14.4045,-43.5158
2026/05/27 18:40:00,GOES-19,Brasil,MARANHÃO,LORETO,Cerrado,22.0,0.0,0.89,108.2,-7.0125,-45.0069
2026/05/27 18:40:00,GOES-19,Brasil,TOCANTINS,MIRACEMA DO TOCANTINS,Cerrado,24.0,0.0,0.8,57.8,-9.3783,-48.4324
2026/05/27 18:40:00,GOES-19,Brasil,BAHIA,MUQUÉM DO SÃO FRANCISCO,Cerrado,4.0,0.0,0.97,113.0,-11.9493,-43.4019
2026/05/27 18:40:00,GOES-19,Brasil,TOCANTINS,MIRANORTE,Cerrado,26.0,0.0,0.63,57.7,-9.2821,-48.5944
2026/05/27 18:40:00,GOES-19,Brasil,MARANHÃO,BARRA DO CORDA,Cerrado,8.0,0.0,0.52,535.7,-5.7939,-45.1267
2026/05/27 18:40:00,GOES-19,Brasil,PIAUÍ,RIBEIRO GONÇALVES,Cerrado,24.0,0.0,0.9,59.0,-7.7605,-45.302
2026/05/27 18:40:00,GOES-19,Brasil,MARANHÃO,BARRA DO CORDA,Cerrado,8.0,0.0,0.53,314.5,-5.7937,-45.1493
2026/05/27 18:40:00,GOES-19,Brasil,MARANHÃO,FERNANDO FALCÃO,Cerrado,9.0,0.0,1.0,70.9,-6.2957,-45.4737
2026/05/27 18:40:00,GOES-19,Brasil,MARANHÃO,BARRA DO CORDA,Cerrado,8.0,0.0,0.52,260.4,-5.8126,-45.1253
2026/05/27 18:40:00,GOES-19,Brasil,PARÁ,CUMARU DO NORTE,Amazônia,13.0,0.0,0.58,66.4,-8.5541,-51.5149
2026/05/27 18:40:00,GOES-19,Brasil,MARANHÃO,BARRA DO CORDA,Cerrado,8.0,0.0,0.51,114.7,-5.7752,-45.128
2026/05/27 18:40:00,GOES-19,Brasil,TOCANTINS,MIRACEMA DO TOCANTINS,Cerrado,21.0,0.0,0.81,72.1,-9.3969,-48.4523
2026/05/27 18:40:00,GOES-19,Brasil,MARANHÃO,BARRA DO CORDA,Cerrado,8.0,0.0,0.42,138.7,-5.8124,-45.148
2026/05/27 18:47:00,AQUA_M-T,Brasil,MINAS GERAIS,MONTE CARMELO,Cerrado,4.0,0.0,1.0,22.9,-18.88687,-47.29673
2026/05/27 18:47:00,AQUA_M-T,Brasil,DISTRITO FEDERAL,BRASÍLIA,Cerrado,10.0,0.0,0.97,21.9,-15.70154,-47.98667
2026/05/27 18:47:00,AQUA_M-T,Brasil,MINAS GERAIS,JACUTINGA,Mata Atlântica,2.0,0.19,0.44,3.6,-22.34377,-46.6232
2026/05/27 18:47:00,AQUA_M-T,Brasil,MINAS GERAIS,MONTE CARMELO,Cerrado,4.0,0.0,1.0,5.4,-18.89564,-47.29528
2026/05/27 18:47:00,AQUA_M-T,Brasil,GOIÁS,LUZIÂNIA,Cerrado,4.0,0.0,0.99,15.9,-16.37163,-48.14189
2026/05/27 18:47:00,AQUA_M-T,Brasil,BAHIA,COCOS,Cerrado,4.0,0.1,0.99,41.2,-14.78271,-45.63993
2026/05/27 18:47:00,AQUA_M-T,Brasil,BAHIA,COCOS,Cerrado,4.0,0.1,1.0,17.2,-14.77309,-45.64161
2026/05/27 18:47:00,AQUA_M-T,Brasil,GOIÁS,FLORES DE GOIÁS,Cerrado,6.0,0.02,1.0,20.9,-14.88828,-46.82825
2026/05/27 18:47:00,AQUA_M-T,Brasil,BAHIA,COCOS,Cerrado,4.0,0.09,1.0,25.6,-14.79057,-45.62736
2026/05/27 18:47:00,AQUA_M-T,Brasil,MINAS GERAIS,SÃO JOÃO BATISTA DO GLÓRIA,Cerrado,6.0,0.0,0.95,4.9,-20.41283,-46.4398
2026/05/27 18:47:00,AQUA_M-T,Brasil,MINAS GERAIS,DIAMANTINA,Cerrado,5.0,0.0,0.91,20.6,-18.22063,-43.60425
2026/05/27 18:47:00,AQUA_M-T,Brasil,GOIÁS,LUZIÂNIA,Cerrado,4.0,0.0,1.0,5.3,-16.3703,-48.13281
2026/05/27 18:47:00,AQUA_M-T,Brasil,SÃO PAULO,COLÔMBIA,Cerrado,8.0,0.0,0.97,5.9,-20.20268,-48.74235
2026/05/27 18:47:00,AQUA_M-T,Brasil,GOIÁS,MIMOSO DE GOIÁS,Cerrado,5.0,0.0,1.0,10.4,-15.01207,-48.32163
2026/05/27 18:47:00,AQUA_M-T,Brasil,MINAS GERAIS,PRESIDENTE OLEGÁRIO,Cerrado,4.0,0.0,0.66,9.1,-18.08149,-46.37098
2026/05/27 18:47:00,AQUA_M-T,Brasil,MATO GROSSO DO SUL,SELVÍRIA,Mata Atlântica,7.0,0.0,1.0,10.2,-20.47704,-51.49604
2026/05/27 18:47:00,AQUA_M-T,Brasil,MATO GROSSO DO SUL,TERENOS,Cerrado,3.0,0.0,0.92,19.8,-20.7375,-54.83948
2026/05/27 18:47:00,AQUA_M-T,Brasil,MATO GROSSO DO SUL,FIGUEIRÃO,Cerrado,5.0,0.0,1.0,17.0,-18.86625,-53.58638
2026/05/27 18:47:00,AQUA_M-T,Brasil,MINAS GERAIS,JANUÁRIA,Cerrado,6.0,0.0,0.98,11.9,-14.97801,-45.45637
2026/05/27 18:47:00,AQUA_M-T,Brasil,MINAS GERAIS,PRATINHA,Cerrado,5.0,0.0,0.24,5.8,-19.78451,-46.25441
2026/05/27 18:47:00,AQUA_M-T,Brasil,DISTRITO FEDERAL,BRASÍLIA,Cerrado,10.0,0.0,0.97,16.6,-15.70288,-47.99574
2026/05/27 18:47:00,AQUA_M-T,Brasil,MINAS GERAIS,SÃO PEDRO DA UNIÃO,Mata Atlântica,7.0,0.0,0.6,9.7,-21.07886,-46.57122
2026/05/27 18:47:00,AQUA_M-T,Brasil,SÃO PAULO,BOTUCATU,Cerrado,0.0,0.0,0.04,8.5,-22.92111,-48.68938
2026/05/27 18:47:00,AQUA_M-T,Brasil,MINAS GERAIS,PATROCÍNIO,Cerrado,4.0,0.0,1.0,20.8,-18.8855,-47.2875
2026/05/27 18:47:00,AQUA_M-T,Brasil,SÃO PAULO,PRESIDENTE ALVES,Mata Atlântica,3.0,0.1,0.88,16.8,-22.14693,-49.42165
2026/05/27 18:47:00,AQUA_M-T,Brasil,MINAS GERAIS,JACUTINGA,Mata Atlântica,2.0,0.2,0.69,3.9,-22.34516,-46.63263
2026/05/27 18:47:00,AQUA_M-T,Brasil,BAHIA,COCOS,Cerrado,4.0,0.1,1.0,97.5,-14.78094,-45.62901
2026/05/27 18:47:00,AQUA_M-T,Brasil,GOIÁS,APORÉ,Cerrado,3.0,0.0,0.72,28.5,-18.81181,-51.72407
2026/05/27 18:47:00,AQUA_M-T,Brasil,SÃO PAULO,PAULO DE FARIA,Mata Atlântica,8.0,0.0,0.92,5.7,-20.19443,-49.56079
2026/05/27 18:47:00,AQUA_M-T,Brasil,MINAS GERAIS,DIAMANTINA,Cerrado,5.0,0.0,0.9,16.2,-18.22466,-43.61008
2026/05/27 18:47:00,AQUA_M-T,Brasil,MINAS GERAIS,SÃO JOÃO BATISTA DO GLÓRIA,Cerrado,6.0,0.0,0.99,4.4,-20.40544,-46.45074
2026/05/27 18:47:00,AQUA_M-T,Brasil,MINAS GERAIS,PATROCÍNIO,Cerrado,4.0,0.0,1.0,5.1,-18.89427,-47.28605
2026/05/27 18:47:00,AQUA_M-T,Brasil,SÃO PAULO,PRESIDENTE ALVES,Mata Atlântica,3.0,0.1,0.47,13.5,-22.15189,-49.42671
2026/05/27 18:47:00,AQUA_M-T,Brasil,MINAS GERAIS,ROMARIA,Cerrado,5.0,0.0,1.0,7.0,-18.87579,-47.64783
2026/05/27 18:49:00,AQUA_M-T,Brasil,MATO GROSSO,LUCIARA,Cerrado,15.0,0.0,1.0,6.0,-10.88822,-50.76573
2026/05/27 18:49:00,AQUA_M-T,Brasil,TOCANTINS,CHAPADA DA NATIVIDADE,Cerrado,4.0,0.0,0.7,5.6,-11.62262,-47.90687
2026/05/27 18:49:00,AQUA_M-T,Brasil,MATO GROSSO,ÁGUA BOA,Cerrado,11.0,0.0,0.9,7.6,-13.69314,-52.60878
2026/05/27 18:49:00,AQUA_M-T,Brasil,PARÁ,ÁGUA AZUL DO NORTE,Amazônia,11.0,0.0,0.66,11.2,-6.99625,-50.4743
2026/05/27 18:49:00,AQUA_M-T,Brasil,MATO GROSSO,PARANATINGA,Amazônia,10.0,0.3,0.36,40.1,-13.3804,-54.26106
2026/05/27 18:49:00,AQUA_M-T,Brasil,BAHIA,BAIANÓPOLIS,Cerrado,4.0,0.0,0.56,15.4,-12.60927,-44.53455
2026/05/27 18:49:00,AQUA_M-T,Brasil,PARÁ,ALTAMIRA,Amazônia,7.0,0.0,0.87,9.8,-6.53285,-55.06866
2026/05/27 18:49:00,AQUA_M-T,Brasil,TOCANTINS,MATEIROS,Cerrado,4.0,0.0,0.85,102.4,-10.79751,-46.87796
2026/05/27 18:49:00,AQUA_M-T,Brasil,MATO GROSSO,NOVO SANTO ANTÔNIO,Cerrado,12.0,0.0,0.99,6.6,-12.33507,-51.08038
2026/05/27 18:49:00,AQUA_M-T,Brasil,TOCANTINS,LAGOA DA CONFUSÃO,Cerrado,27.0,0.0,1.0,61.6,-10.65346,-49.72441
2026/05/27 18:49:00,AQUA_M-T,Brasil,TOCANTINS,PORTO NACIONAL,Cerrado,4.0,0.0,0.45,10.5,-10.96311,-48.31501
2026/05/27 18:49:00,AQUA_M-T,Brasil,PARÁ,CUMARU DO NORTE,Amazônia,9.0,0.0,0.56,12.2,-7.68845,-51.11501
2026/05/27 18:49:00,AQUA_M-T,Brasil,TOCANTINS,PARAÍSO DO TOCANTINS,Cerrado,29.0,0.0,0.95,4.0,-10.23195,-48.86298
2026/05/27 18:49:00,AQUA_M-T,Brasil,MARANHÃO,BARRA DO CORDA,Cerrado,8.0,0.0,0.51,99.1,-5.81573,-45.127
2026/05/27 18:49:00,AQUA_M-T,Brasil,BAHIA,MUQUÉM DO SÃO FRANCISCO,Cerrado,4.0,0.0,0.97,236.0,-11.94853,-43.40232
2026/05/27 18:49:00,AQUA_M-T,Brasil,PARÁ,CANAÃ DOS CARAJÁS,Amazônia,12.0,0.0,1.0,6.8,-6.42609,-50.18463
2026/05/27 18:49:00,AQUA_M-T,Brasil,TOCANTINS,MIRANORTE,Cerrado,23.0,0.0,0.74,6.4,-9.55563,-48.67
2026/05/27 18:49:00,AQUA_M-T,Brasil,MARANHÃO,RIBAMAR FIQUENE,Cerrado,7.0,0.0,1.0,20.8,-5.96026,-47.3005
2026/05/27 18:49:00,AQUA_M-T,Brasil,MATO GROSSO,ÁGUA BOA,Cerrado,10.0,0.0,0.91,12.3,-13.69147,-52.59612
2026/05/27 18:49:00,AQUA_M-T,Brasil,TOCANTINS,SÃO SALVADOR DO TOCANTINS,Cerrado,4.0,0.0,0.71,10.6,-12.52091,-48.28123
2026/05/27 18:49:00,AQUA_M-T,Brasil,TOCANTINS,ALMAS,Cerrado,4.0,0.0,0.98,11.3,-11.81869,-47.25064
2026/05/27 18:49:00,AQUA_M-T,Brasil,BAHIA,JABORANDI,Cerrado,4.0,0.49,0.96,6.6,-14.24734,-45.82476
2026/05/27 18:49:00,AQUA_M-T,Brasil,MATO GROSSO,SÃO JOSÉ DO XINGU,Amazônia,11.0,0.0,1.0,12.5,-10.38051,-52.53017
2026/05/27 18:49:00,AQUA_M-T,Brasil,PARÁ,SÃO FÉLIX DO XINGU,Amazônia,5.0,0.0,0.93,6.2,-6.56213,-52.20253
2026/05/27 18:49:00,AQUA_M-T,Brasil,MATO GROSSO,TABAPORÃ,Amazônia,9.0,0.0,0.38,132.1,-11.51556,-56.142
2026/05/27 18:49:00,AQUA_M-T,Brasil,MARANHÃO,LORETO,Cerrado,23.0,0.0,0.89,91.3,-7.01748,-45.01148
2026/05/27 18:49:00,AQUA_M-T,Brasil,MATO GROSSO,VILA RICA,Amazônia,28.0,0.0,0.57,12.7,-10.05906,-51.68587
2026/05/27 18:49:00,AQUA_M-T,Brasil,TOCANTINS,NOVO ACORDO,Cerrado,25.0,0.0,0.68,7.6,-10.26803,-47.26882
2026/05/27 18:49:00,AQUA_M-T,Brasil,MATO GROSSO,MARCELÂNDIA,Amazônia,12.0,0.0,0.22,63.0,-10.91904,-54.11529
2026/05/27 18:49:00,AQUA_M-T,Brasil,TOCANTINS,LIZARDA,Cerrado,28.0,0.0,0.82,9.5,-9.95352,-47.0853
2026/05/27 18:49:00,AQUA_M-T,Brasil,TOCANTINS,LAGOA DA CONFUSÃO,Cerrado,27.0,0.0,0.93,7.4,-10.67199,-49.70589
2026/05/27 18:49:00,AQUA_M-T,Brasil,TOCANTINS,CONCEIÇÃO DO TOCANTINS,Cerrado,4.0,0.0,0.62,54.3,-11.96776,-47.38043
2026/05/27 18:49:00,AQUA_M-T,Brasil,PARÁ,SANTA MARIA DAS BARREIRAS,Amazônia,15.0,0.0,0.98,12.0,-8.7447,-50.24002
2026/05/27 18:49:00,AQUA_M-T,Brasil,BAHIA,WANDERLEY,Cerrado,4.0,0.0,0.94,9.6,-11.84552,-43.96125
2026/05/27 18:49:00,AQUA_M-T,Brasil,TOCANTINS,SANDOLÂNDIA,Cerrado,4.0,0.0,0.9,12.8,-12.35957,-50.02714
2026/05/27 18:49:00,AQUA_M-T,Brasil,TOCANTINS,RIO DOS BOIS,Cerrado,26.0,0.0,0.71,18.3,-9.28523,-48.59013
2026/05/27 18:49:00,AQUA_M-T,Brasil,MATO GROSSO,ALTO BOA VISTA,Amazônia,25.0,0.0,0.62,9.0,-11.90044,-51.67292
2026/05/27 18:49:00,AQUA_M-T,Brasil,MATO GROSSO,PARANATINGA,Amazônia,12.0,0.0,0.37,118.3,-12.72923,-54.19292
2026/05/27 18:49:00,AQUA_M-T,Brasil,TOCANTINS,MATEIROS,Cerrado,15.0,0.0,0.97,10.8,-10.63623,-46.9054
2026/05/27 18:49:00,AQUA_M-T,Brasil,TOCANTINS,CONCEIÇÃO DO TOCANTINS,Cerrado,4.0,0.0,1.0,7.4,-12.26106,-47.48164
2026/05/27 18:49:00,AQUA_M-T,Brasil,PARÁ,OURILÂNDIA DO NORTE,Amazônia,11.0,0.0,0.6,6.9,-7.64933,-51.67193
2026/05/27 18:49:00,AQUA_M-T,Brasil,TOCANTINS,MATEIROS,Cerrado,4.0,0.0,0.75,15.3,-10.80693,-46.87622
2026/05/27 18:49:00,AQUA_M-T,Brasil,BAHIA,COTEGIPE,Cerrado,4.0,0.0,0.88,24.0,-11.74192,-44.51905
2026/05/27 18:49:00,AQUA_M-T,Brasil,PARÁ,OURILÂNDIA DO NORTE,Amazônia,11.0,0.0,0.46,8.2,-8.20978,-52.04181
2026/05/27 18:49:00,AQUA_M-T,Brasil,TOCANTINS,COUTO MAGALHÃES,Cerrado,13.0,0.0,0.57,14.3,-8.51929,-49.27945
2026/05/27 18:49:00,AQUA_M-T,Brasil,TOCANTINS,SANTA RITA DO TOCANTINS,Cerrado,17.0,0.0,0.79,5.4,-11.05231,-49.59641
2026/05/27 18:49:00,AQUA_M-T,Brasil,PARÁ,OURILÂNDIA DO NORTE,Amazônia,11.0,0.0,0.46,9.7,-8.24011,-52.00074
2026/05/27 18:49:00,AQUA_M-T,Brasil,MATO GROSSO,SANTA CRUZ DO XINGU,Amazônia,9.0,0.0,0.33,7.3,-10.15052,-52.13252
2026/05/27 18:49:00,AQUA_M-T,Brasil,TOCANTINS,LIZARDA,Cerrado,35.0,0.0,0.86,6.5,-9.49729,-46.84609
2026/05/27 18:49:00,AQUA_M-T,Brasil,MARANHÃO,BARRA DO CORDA,Cerrado,8.0,0.0,0.27,204.0,-5.8131,-45.13836
2026/05/27 18:49:00,AQUA_M-T,Brasil,TOCANTINS,MATEIROS,Cerrado,4.0,0.0,0.68,12.4,-10.77541,-46.89883
2026/05/27 18:49:00,AQUA_M-T,Brasil,MATO GROSSO,LUCIARA,Cerrado,16.0,0.0,1.0,12.0,-10.87923,-50.76706
2026/05/27 18:49:00,AQUA_M-T,Brasil,MARANHÃO,BARRA DO CORDA,Cerrado,8.0,0.0,0.52,750.6,-5.80408,-45.1291
2026/05/27 18:49:00,AQUA_M-T,Brasil,TOCANTINS,LAGOA DA CONFUSÃO,Cerrado,25.0,0.0,1.0,9.0,-10.75252,-49.76632
2026/05/27 18:49:00,AQUA_M-T,Brasil,MATO GROSSO,MARCELÂNDIA,Amazônia,11.0,0.0,0.31,29.4,-10.60173,-53.47477
2026/05/27 18:49:00,AQUA_M-T,Brasil,TOCANTINS,LAGOA DA CONFUSÃO,Cerrado,27.0,0.0,0.92,113.6,-10.65475,-49.73329
2026/05/27 18:49:00,AQUA_M-T,Brasil,TOCANTINS,MATEIROS,Cerrado,4.0,0.0,0.86,12.6,-10.77701,-46.90923
2026/05/27 18:49:00,AQUA_M-T,Brasil,BAHIA,BARREIRAS,Cerrado,2.0,0.0,0.74,13.2,-12.01405,-45.36234
2026/05/27 18:49:00,AQUA_M-T,Brasil,BAHIA,BARREIRAS,Cerrado,2.0,0.0,0.75,46.7,-12.00182,-45.3516
2026/05/27 18:49:00,AQUA_M-T,Brasil,TOCANTINS,MATEIROS,Cerrado,4.0,0.0,0.74,6.1,-10.87631,-46.88649
2026/05/27 18:49:00,AQUA_M-T,Brasil,PARÁ,CUMARU DO NORTE,Amazônia,9.0,0.0,0.56,15.2,-7.68714,-51.10598
2026/05/27 18:49:00,AQUA_M-T,Brasil,MATO GROSSO,CONFRESA,Amazônia,12.0,0.0,1.0,5.6,-10.62565,-51.92108
2026/05/27 18:49:00,AQUA_M-T,Brasil,TOCANTINS,TALISMÃ,Cerrado,4.0,0.0,1.0,9.5,-12.76589,-49.31868
2026/05/27 18:49:00,AQUA_M-T,Brasil,MATO GROSSO,TABAPORÃ,Amazônia,9.0,0.0,0.39,91.8,-11.51281,-56.12043
2026/05/27 18:49:00,AQUA_M-T,Brasil,TOCANTINS,BARRA DO OURO,Cerrado,12.0,0.0,0.52,21.1,-7.80343,-47.59514
2026/05/27 18:49:00,AQUA_M-T,Brasil,TOCANTINS,RIO SONO,Cerrado,29.0,0.0,0.78,19.3,-9.69486,-47.39736
2026/05/27 18:49:00,AQUA_M-T,Brasil,BAHIA,BARREIRAS,Cerrado,2.0,0.0,0.75,25.9,-12.00381,-45.36407
2026/05/27 18:49:00,AQUA_M-T,Brasil,MATO GROSSO,NOVA UBIRATÃ,Amazônia,12.0,0.0,0.31,22.5,-12.27907,-54.08614
2026/05/27 18:49:00,AQUA_M-T,Brasil,MATO GROSSO,NOVA MARINGÁ,Amazônia,10.0,0.0,0.28,69.5,-12.54624,-57.21231
2026/05/27 18:49:00,AQUA_M-T,Brasil,MATO GROSSO,NOVO SANTO ANTÔNIO,Cerrado,13.0,0.0,1.0,6.1,-12.33366,-51.07046
2026/05/27 18:49:00,AQUA_M-T,Brasil,TOCANTINS,CARIRI DO TOCANTINS,Cerrado,4.0,0.0,0.82,7.8,-12.0203,-49.27218
2026/05/27 18:49:00,AQUA_M-T,Brasil,MARANHÃO,BARRA DO CORDA,Cerrado,8.0,0.0,0.52,219.0,-5.79243,-45.13113
2026/05/27 18:49:00,AQUA_M-T,Brasil,MATO GROSSO,SAPEZAL,Cerrado,9.0,0.0,0.71,146.0,-12.61088,-58.66973
2026/05/27 18:49:00,AQUA_M-T,Brasil,TOCANTINS,ITACAJÁ,Cerrado,13.0,0.0,0.67,19.6,-8.57103,-47.77737
2026/05/27 18:49:00,AQUA_M-T,Brasil,TOCANTINS,LAGOA DA CONFUSÃO,Cerrado,27.0,0.0,1.0,64.8,-10.66222,-49.72308
2026/05/27 18:49:00,AQUA_M-T,Brasil,GOIÁS,ALTO PARAÍSO DE GOIÁS,Cerrado,6.0,0.0,0.84,8.5,-14.07561,-47.55804
2026/05/27 18:49:00,AQUA_M-T,Brasil,BAHIA,BARREIRAS,Cerrado,2.0,0.0,0.74,104.4,-12.01207,-45.34986
2026/05/27 18:49:00,AQUA_M-T,Brasil,MATO GROSSO,CANARANA,Amazônia,25.0,0.0,0.86,14.5,-13.34685,-52.93243
2026/05/27 18:49:00,AQUA_M-T,Brasil,TOCANTINS,DIVINÓPOLIS DO TOCANTINS,Cerrado,12.0,0.0,0.97,17.7,-9.80444,-49.1605
2026/05/27 18:49:00,AQUA_M-T,Brasil,TOCANTINS,MIRACEMA DO TOCANTINS,Cerrado,20.0,0.0,0.76,68.2,-9.403,-48.44683
2026/05/27 18:49:00,AQUA_M-T,Brasil,MATO GROSSO,GAÚCHA DO NORTE,Amazônia,29.0,0.0,0.74,15.0,-12.4294,-53.15385
2026/05/27 18:49:00,AQUA_M-T,Brasil,TOCANTINS,LAGOA DA CONFUSÃO,Cerrado,16.0,0.0,0.99,29.4,-10.75444,-49.90255
2026/05/27 18:49:00,AQUA_M-T,Brasil,PARÁ,CUMARU DO NORTE,Amazônia,14.0,0.0,1.0,35.1,-8.53046,-51.57584
2026/05/27 18:49:00,AQUA_M-T,Brasil,PARÁ,CUMARU DO NORTE,Amazônia,13.0,0.0,0.76,58.4,-8.55793,-51.50711
2026/05/27 18:49:00,AQUA_M-T,Brasil,TOCANTINS,PARAÍSO DO TOCANTINS,Cerrado,29.0,0.0,1.0,4.5,-10.2122,-48.91171
2026/05/27 18:49:00,AQUA_M-T,Brasil,TOCANTINS,TAGUATINGA,Cerrado,4.0,0.0,0.82,9.6,-12.46523,-46.52573
2026/05/27 18:49:00,AQUA_M-T,Brasil,TOCANTINS,CONCEIÇÃO DO TOCANTINS,Cerrado,4.0,0.0,0.72,12.6,-11.98817,-47.15041
2026/05/27 18:49:00,AQUA_M-T,Brasil,MATO GROSSO,BARRA DO BUGRES,Amazônia,5.0,0.0,0.8,32.9,-15.3882,-57.57407
2026/05/27 18:49:00,AQUA_M-T,Brasil,TOCANTINS,BREJINHO DE NAZARÉ,Cerrado,5.0,0.0,0.83,25.2,-10.84658,-48.77105
2026/05/27 18:49:00,AQUA_M-T,Brasil,TOCANTINS,LAGOA DA CONFUSÃO,Cerrado,27.0,0.0,0.99,124.5,-10.66352,-49.73196
2026/05/27 18:49:00,AQUA_M-T,Brasil,TOCANTINS,ALMAS,Cerrado,4.0,0.0,0.91,9.7,-11.39496,-47.19882
2026/05/27 18:49:00,AQUA_M-T,Brasil,TOCANTINS,SANTA RITA DO TOCANTINS,Cerrado,23.0,0.0,0.69,10.1,-11.05781,-49.69559
2026/05/27 18:49:00,AQUA_M-T,Brasil,MATO GROSSO,NOVA UBIRATÃ,Amazônia,12.0,0.0,0.31,38.3,-12.28072,-54.09114
2026/05/27 18:49:00,AQUA_M-T,Brasil,PARÁ,CUMARU DO NORTE,Amazônia,14.0,0.0,1.0,27.3,-8.53184,-51.58534
2026/05/27 18:49:00,AQUA_M-T,Brasil,TOCANTINS,MONTE SANTO DO TOCANTINS,Cerrado,26.0,0.0,1.0,6.3,-9.9684,-48.95921
2026/05/27 18:49:00,AQUA_M-T,Brasil,PARÁ,CUMARU DO NORTE,Amazônia,13.0,0.0,0.17,12.2,-8.56699,-51.5058
2026/05/27 18:49:00,AQUA_M-T,Brasil,BAHIA,SÃO DESIDÉRIO,Cerrado,4.0,0.0,0.76,28.6,-12.70327,-44.80497
2026/05/27 18:49:00,AQUA_M-T,Brasil,TOCANTINS,MIRACEMA DO TOCANTINS,Cerrado,21.0,0.0,0.77,28.3,-9.39406,-48.4482
2026/05/27 18:49:00,AQUA_M-T,Brasil,PARÁ,OURILÂNDIA DO NORTE,Amazônia,11.0,0.0,0.47,6.0,-8.2415,-52.0106
2026/05/27 18:49:00,AQUA_M-T,Brasil,PARÁ,CUMARU DO NORTE,Amazônia,13.0,0.0,0.33,35.5,-8.55022,-51.51793
2026/05/27 18:49:00,AQUA_M-T,Brasil,TOCANTINS,CENTENÁRIO,Cerrado,26.0,0.0,0.74,17.9,-8.97238,-47.50943
2026/05/27 18:49:00,AQUA_M-T,Brasil,BAHIA,JABORANDI,Cerrado,4.0,0.44,0.94,6.0,-14.24559,-45.81388
2026/05/27 18:49:00,AQUA_M-T,Brasil,TOCANTINS,LAGOA DA CONFUSÃO,Cerrado,23.0,0.0,0.89,5.7,-10.8503,-49.74584
2026/05/27 18:49:00,AQUA_M-T,Brasil,MATO GROSSO,NOVA UBIRATÃ,Amazônia,11.0,0.55,0.26,18.0,-12.55027,-54.598
2026/05/27 18:49:00,AQUA_M-T,Brasil,GOIÁS,NOVA IGUAÇU DE GOIÁS,Cerrado,4.0,0.0,0.86,21.1,-14.30844,-49.25331
2026/05/27 18:49:00,AQUA_M-T,Brasil,MATO GROSSO,GAÚCHA DO NORTE,Amazônia,29.0,0.0,1.0,16.5,-12.42762,-53.14071
2026/05/27 18:49:00,AQUA_M-T,Brasil,MATO GROSSO,SÃO FÉLIX DO ARAGUAIA,Amazônia,12.0,0.0,0.27,22.6,-11.46695,-52.91958
2026/05/27 18:49:00,AQUA_M-T,Brasil,PARÁ,CONCEIÇÃO DO ARAGUAIA,Amazônia,11.0,0.0,1.0,41.8,-8.1187,-49.56996
2026/05/27 18:49:00,AQUA_M-T,Brasil,TOCANTINS,LAGOA DA CONFUSÃO,Cerrado,23.0,0.0,0.93,16.7,-10.84153,-49.74717
2026/05/27 18:49:00,AQUA_M-T,Brasil,PARÁ,CONCEIÇÃO DO ARAGUAIA,Amazônia,12.0,0.0,1.0,5.1,-7.72981,-49.31799
2026/05/27 18:49:00,AQUA_M-T,Brasil,MATO GROSSO,CLÁUDIA,Amazônia,11.0,0.0,0.74,23.2,-11.74136,-54.81105
2026/05/27 18:49:00,AQUA_M-T,Brasil,TOCANTINS,PALMEIRANTE,Cerrado,5.0,0.0,0.53,25.9,-7.92577,-48.27601
2026/05/27 18:49:00,AQUA_M-T,Brasil,TOCANTINS,SANTA RITA DO TOCANTINS,Cerrado,17.0,0.0,0.88,16.0,-11.07085,-48.91586
2026/05/27 18:49:00,AQUA_M-T,Brasil,BAHIA,SÃO DESIDÉRIO,Cerrado,4.0,0.0,0.76,68.0,-12.70106,-44.79166
2026/05/27 18:49:00,AQUA_M-T,Brasil,MATO GROSSO,SÃO FÉLIX DO ARAGUAIA,Amazônia,12.0,0.0,0.28,19.7,-11.47888,-52.93049
2026/05/27 18:49:00,AQUA_M-T,Brasil,MATO GROSSO,UNIÃO DO SUL,Amazônia,28.0,0.0,0.24,9.7,-11.34249,-53.94429
2026/05/27 18:49:00,AQUA_M-T,Brasil,TOCANTINS,LAGOA DA CONFUSÃO,Cerrado,15.0,0.0,0.6,30.1,-10.75314,-49.89363
2026/05/27 18:49:00,AQUA_M-T,Brasil,TOCANTINS,ABREULÂNDIA,Cerrado,12.0,0.0,0.47,5.3,-9.60749,-49.32076
2026/05/27 18:49:00,AQUA_M-T,Brasil,PARÁ,SANTANA DO ARAGUAIA,Amazônia,15.0,0.0,0.92,5.9,-9.16759,-50.03799
2026/05/27 18:49:00,AQUA_M-T,Brasil,MATO GROSSO,TABAPORÃ,Amazônia,8.0,0.0,0.27,35.5,-10.83143,-56.61788
2026/05/27 18:49:00,AQUA_M-T,Brasil,MARANHÃO,BARRA DO CORDA,Cerrado,8.0,0.0,0.52,276.3,-5.79889,-45.12449
2026/05/27 18:49:00,AQUA_M-T,Brasil,GOIÁS,NOVA IGUAÇU DE GOIÁS,Cerrado,4.0,0.0,0.88,18.9,-14.30714,-49.24425
2026/05/27 18:49:00,AQUA_M-T,Brasil,MATO GROSSO,CAMPINÁPOLIS,Cerrado,4.0,0.0,1.0,18.8,-14.46745,-52.91071
2026/05/27 18:49:00,AQUA_M-T,Brasil,TOCANTINS,COUTO MAGALHÃES,Cerrado,14.0,0.0,0.49,7.3,-8.51796,-49.27056
2026/05/27 18:49:00,AQUA_M-T,Brasil,BAHIA,BAIANÓPOLIS,Cerrado,4.0,0.0,0.53,22.1,-12.60699,-44.52062
2026/05/27 18:49:00,AQUA_M-T,Brasil,TOCANTINS,RIO DOS BOIS,Cerrado,26.0,0.0,0.94,28.1,-9.29277,-48.5796
2026/05/27 18:49:00,AQUA_M-T,Brasil,MARANHÃO,BARRA DO CORDA,Cerrado,8.0,0.0,0.25,206.0,-5.80654,-45.14502
2026/05/27 18:49:00,AQUA_M-T,Brasil,TOCANTINS,ITACAJÁ,Cerrado,13.0,0.0,0.67,8.6,-8.56952,-47.76749
2026/05/27 18:49:00,AQUA_M-T,Brasil,TOCANTINS,SANDOLÂNDIA,Cerrado,4.0,0.0,0.61,8.8,-12.3609,-50.0363
2026/05/27 18:49:00,AQUA_M-T,Brasil,TOCANTINS,LAGOA DA CONFUSÃO,Cerrado,27.0,0.0,0.91,18.1,-10.6707,-49.69701
2026/05/27 18:49:00,AQUA_M-T,Brasil,PARÁ,CONCEIÇÃO DO ARAGUAIA,Amazônia,11.0,0.0,0.91,7.1,-8.12616,-49.5598
2026/05/27 18:49:00,AQUA_M-T,Brasil,MATO GROSSO,UNIÃO DO SUL,Amazônia,28.0,0.0,0.24,11.8,-11.33144,-53.94566
2026/05/27 18:49:00,AQUA_M-T,Brasil,TOCANTINS,MATEIROS,Cerrado,4.0,0.0,0.8,289.1,-10.79914,-46.88825
2026/05/27 18:49:00,AQUA_M-T,Brasil,TOCANTINS,MIRANORTE,Cerrado,26.0,0.0,0.45,7.0,-9.2866,-48.5993
2026/05/27 18:49:00,AQUA_M-T,Brasil,MATO GROSSO,MARCELÂNDIA,Amazônia,11.0,0.0,1.0,12.0,-10.99103,-54.49223
2026/05/27 18:49:00,AQUA_M-T,Brasil,BAHIA,RIACHÃO DAS NEVES,Cerrado,3.0,0.0,0.9,12.0,-11.6278,-45.19168
2026/05/27 18:49:00,AQUA_M-T,Brasil,BAHIA,WANDERLEY,Cerrado,4.0,0.0,0.99,12.5,-11.84816,-43.97701
2026/05/27 18:49:00,AQUA_M-T,Brasil,MATO GROSSO,SÃO FÉLIX DO ARAGUAIA,Amazônia,12.0,0.0,0.27,71.8,-11.47717,-52.91815
2026/05/27 18:49:00,AQUA_M-T,Brasil,TOCANTINS,LIZARDA,Cerrado,32.0,0.0,0.99,11.5,-9.14945,-46.86068
2026/05/27 18:49:00,AQUA_M-T,Brasil,MARANHÃO,BARRA DO CORDA,Cerrado,8.0,0.0,0.52,270.6,-5.81053,-45.12245
2026/05/27 18:49:00,AQUA_M-T,Brasil,MATO GROSSO,PORTO DOS GAÚCHOS,Amazônia,9.0,0.0,0.54,19.7,-11.72831,-56.83232
2026/05/27 18:49:00,AQUA_M-T,Brasil,PARÁ,CUMARU DO NORTE,Amazônia,9.0,0.0,0.56,23.9,-7.67959,-51.11642
2026/05/27 18:49:00,AQUA_M-T,Brasil,PARÁ,CUMARU DO NORTE,Amazônia,13.0,0.0,0.17,14.4,-8.56835,-51.51527
2026/05/27 18:49:00,AQUA_M-T,Brasil,TOCANTINS,LIZARDA,Cerrado,27.0,0.0,0.85,34.2,-9.95192,-47.07494
2026/05/27 18:49:00,AQUA_M-T,Brasil,TOCANTINS,LIZARDA,Cerrado,29.0,0.0,0.86,9.3,-9.02705,-47.19877
2026/05/27 18:49:00,AQUA_M-T,Brasil,TOCANTINS,CHAPADA DE AREIA,Cerrado,15.0,0.0,0.59,7.0,-10.20442,-49.18356
2026/05/27 18:49:00,AQUA_M-T,Brasil,TOCANTINS,NOVO JARDIM,Cerrado,4.0,0.0,0.84,15.6,-11.83238,-46.68494
2026/05/27 18:49:00,AQUA_M-T,Brasil,PARÁ,SANTANA DO ARAGUAIA,Amazônia,16.0,0.0,1.0,9.6,-9.58495,-51.07231
2026/05/27 18:49:00,AQUA_M-T,Brasil,MATO GROSSO,LUCIARA,Cerrado,14.0,0.0,0.9,14.6,-11.12929,-50.97287
2026/05/27 18:49:00,AQUA_M-T,Brasil,TOCANTINS,MATEIROS,Cerrado,27.0,0.0,0.98,8.3,-10.31274,-46.49083
2026/05/27 18:49:00,AQUA_M-T,Brasil,TOCANTINS,LAGOA DA CONFUSÃO,Cerrado,27.0,0.0,1.0,4.3,-10.57644,-49.88718
2026/05/27 18:49:00,AQUA_M-T,Brasil,TOCANTINS,COLMÉIA,Amazônia,12.0,0.0,1.0,6.2,-8.66468,-48.83204
2026/05/27 18:49:00,AQUA_M-T,Brasil,PARÁ,SÃO FÉLIX DO XINGU,Amazônia,6.0,0.0,0.65,22.1,-5.39799,-50.79562
2026/05/27 18:49:00,AQUA_M-T,Brasil,TOCANTINS,APARECIDA DO RIO NEGRO,Cerrado,20.0,0.0,0.7,5.0,-9.93796,-48.01123
2026/05/27 18:49:00,AQUA_M-T,Brasil,TOCANTINS,FÁTIMA,Cerrado,5.0,0.0,0.62,8.4,-10.77927,-48.81456
2026/05/27 18:49:00,AQUA_M-T,Brasil,TOCANTINS,NOVO ACORDO,Cerrado,29.0,0.0,0.75,17.5,-10.04594,-47.33734
2026/05/27 18:49:00,AQUA_M-T,Brasil,PARÁ,SANTANA DO ARAGUAIA,Amazônia,23.0,0.0,1.0,13.8,-9.34549,-50.89068
2026/05/27 18:49:00,AQUA_M-T,Brasil,MATO GROSSO,PORTO DOS GAÚCHOS,Amazônia,10.0,0.0,0.29,67.9,-11.93686,-57.05281
2026/05/27 18:49:00,AQUA_M-T,Brasil,MATO GROSSO,NOVA UBIRATÃ,Amazônia,11.0,0.4,0.99,26.0,-12.68968,-54.58999
2026/05/27 18:49:00,AQUA_M-T,Brasil,TOCANTINS,TOCANTÍNIA,Cerrado,13.0,0.0,0.64,6.4,-9.58889,-48.14867
2026/05/27 18:49:00,AQUA_M-T,Brasil,BAHIA,FORMOSA DO RIO PRETO,Cerrado,4.0,0.0,0.87,63.3,-11.21439,-46.40765
2026/05/27 18:49:00,AQUA_M-T,Brasil,TOCANTINS,FORMOSO DO ARAGUAIA,Cerrado,4.0,0.0,1.0,17.0,-11.97818,-49.61297
2026/05/27 18:49:00,AQUA_M-T,Brasil,MATO GROSSO,PARANATINGA,Amazônia,12.0,0.0,0.58,45.5,-12.73132,-54.20895
2026/05/27 18:49:00,AQUA_M-T,Brasil,MARANHÃO,RIACHÃO,Cerrado,12.0,0.0,0.98,29.3,-7.40453,-46.87685
2026/05/27 18:49:00,AQUA_M-T,Brasil,MARANHÃO,FERNANDO FALCÃO,Cerrado,9.0,0.0,0.98,53.5,-6.29393,-45.47169
2026/05/27 18:49:00,AQUA_M-T,Brasil,MATO GROSSO,GAÚCHA DO NORTE,Amazônia,29.0,0.0,0.97,108.7,-12.39599,-53.1451
2026/05/27 18:49:00,AQUA_M-T,Brasil,MATO GROSSO,CAMPINÁPOLIS,Cerrado,4.0,0.0,1.0,12.9,-14.45674,-52.9122
2026/05/27 18:49:00,AQUA_M-T,Brasil,BAHIA,FORMOSA DO RIO PRETO,Cerrado,4.0,0.0,0.83,38.4,-11.21615,-46.41879
2026/05/27 18:49:00,AQUA_M-T,Brasil,TOCANTINS,PORTO NACIONAL,Cerrado,4.0,0.0,0.47,5.8,-10.67361,-48.35028
2026/05/27 18:49:00,AQUA_M-T,Brasil,BAHIA,FORMOSA DO RIO PRETO,Cerrado,4.0,0.0,1.0,12.4,-11.21262,-46.39644
2026/05/27 18:49:00,AQUA_M-T,Brasil,TOCANTINS,RIO SONO,Cerrado,29.0,0.0,0.8,7.1,-9.68395,-47.38865
2026/05/27 18:49:00,AQUA_M-T,Brasil,MATO GROSSO,PARANATINGA,Amazônia,10.0,0.3,0.36,38.4,-13.38257,-54.27787
2026/05/27 18:49:00,AQUA_M-T,Brasil,MATO GROSSO,SÃO JOSÉ DO XINGU,Amazônia,11.0,0.0,1.0,11.3,-10.36917,-52.52034
2026/05/27 18:49:00,AQUA_M-T,Brasil,TOCANTINS,MIRANORTE,Cerrado,25.0,0.0,0.95,16.7,-9.2955,-48.59792
2026/05/27 18:49:00,AQUA_M-T,Brasil,TOCANTINS,ITACAJÁ,Cerrado,13.0,0.0,0.66,14.1,-8.55123,-47.58539
2026/05/27 18:49:00,AQUA_M-T,Brasil,TOCANTINS,ARAGUAÍNA,Amazônia,12.0,0.0,1.0,5.7,-7.43793,-49.02537
2026/05/27 18:49:00,AQUA_M-T,Brasil,PARÁ,SANTANA DO ARAGUAIA,Amazônia,15.0,0.0,0.78,6.3,-9.1663,-50.02916
2026/05/27 18:49:00,AQUA_M-T,Brasil,MATO GROSSO,NOVA NAZARÉ,Cerrado,6.0,0.0,0.97,6.7,-13.87986,-51.79547
2026/05/27 18:49:00,AQUA_M-T,Brasil,TOCANTINS,PALMEIRANTE,Cerrado,6.0,0.0,0.53,41.3,-7.92433,-48.26649
2026/05/27 18:49:00,AQUA_M-T,Brasil,MARANHÃO,RIACHÃO,Cerrado,8.0,0.0,0.88,10.2,-7.60916,-46.47471
2026/05/27 18:49:00,AQUA_M-T,Brasil,TOCANTINS,FORMOSO DO ARAGUAIA,Cerrado,4.0,0.0,0.66,12.6,-11.95148,-49.30669
2026/05/27 18:49:00,AQUA_M-T,Brasil,MATO GROSSO,MARCELÂNDIA,Amazônia,12.0,0.0,0.22,39.2,-10.91802,-54.12227
2026/05/27 18:49:00,AQUA_M-T,Brasil,MATO GROSSO,SAPEZAL,Cerrado,9.0,0.0,0.67,31.1,-12.61494,-58.70541
2026/05/27 18:49:00,AQUA_M-T,Brasil,TOCANTINS,RIO SONO,Cerrado,29.0,0.0,0.98,34.6,-9.40398,-47.36819
2026/05/27 18:49:00,AQUA_M-T,Brasil,PARÁ,CUMARU DO NORTE,Amazônia,13.0,0.0,0.33,22.3,-8.55927,-51.51648
2026/05/27 18:49:00,AQUA_M-T,Brasil,MATO GROSSO,CLÁUDIA,Amazônia,11.0,0.0,0.39,26.0,-11.75109,-54.7923
2026/05/27 18:49:00,AQUA_M-T,Brasil,MATO GROSSO,PORTO DOS GAÚCHOS,Amazônia,9.0,0.0,0.27,23.7,-11.55522,-56.94727
2026/05/27 18:49:00,AQUA_M-T,Brasil,MATO GROSSO,MARCELÂNDIA,Amazônia,12.0,0.0,0.22,17.8,-10.92097,-54.13013
2026/05/27 18:49:00,AQUA_M-T,Brasil,PARÁ,CURIONÓPOLIS,Amazônia,7.0,0.0,0.93,12.4,-6.0129,-49.5858
2026/05/27 18:49:00,AQUA_M-T,Brasil,MATO GROSSO,CLÁUDIA,Amazônia,11.0,0.0,0.3,31.9,-11.74458,-54.8001
2026/05/27 18:49:00,AQUA_M-T,Brasil,TOCANTINS,ARAGOMINAS,Amazônia,10.0,0.0,1.0,5.7,-6.90879,-48.76683
2026/05/27 18:49:00,AQUA_M-T,Brasil,PARÁ,SANTANA DO ARAGUAIA,Amazônia,20.0,0.0,1.0,7.0,-9.60127,-50.99389
2026/05/27 18:49:00,AQUA_M-T,Brasil,TOCANTINS,CONCEIÇÃO DO TOCANTINS,Cerrado,4.0,0.0,0.75,19.9,-11.97832,-47.38863
2026/05/27 18:49:00,AQUA_M-T,Brasil,MARANHÃO,RIBAMAR FIQUENE,Cerrado,7.0,0.0,1.0,8.0,-5.96193,-47.30613
2026/05/27 18:49:00,AQUA_M-T,Brasil,MATO GROSSO,LUCIARA,Cerrado,14.0,0.0,0.84,12.0,-10.88688,-50.75638
2026/05/27 18:49:00,AQUA_M-T,Brasil,MATO GROSSO,LAMBARI D'OESTE,Amazônia,5.0,0.0,0.86,40.3,-15.39173,-57.60668
2026/05/27 18:49:00,AQUA_M-T,Brasil,TOCANTINS,CARIRI DO TOCANTINS,Cerrado,4.0,0.0,0.74,5.6,-12.02161,-49.28109
2026/05/27 18:49:00,AQUA_M-T,Brasil,TOCANTINS,CONCEIÇÃO DO TOCANTINS,Cerrado,4.0,0.0,0.63,7.9,-11.9754,-47.36932
2026/05/27 18:49:00,AQUA_M-T,Brasil,PARÁ,SANTA MARIA DAS BARREIRAS,Amazônia,14.0,0.0,1.0,8.7,-8.94593,-50.41516
2026/05/27 18:49:00,AQUA_M-T,Brasil,TOCANTINS,RIO SONO,Cerrado,20.0,0.0,0.74,9.5,-9.64719,-47.80495
2026/05/27 18:49:00,AQUA_M-T,Brasil,PARÁ,SANTA MARIA DAS BARREIRAS,Amazônia,13.0,0.0,0.89,21.2,-8.44297,-49.71016
2026/05/27 18:49:00,AQUA_M-T,Brasil,MATO GROSSO,LUCIARA,Cerrado,18.0,0.0,1.0,15.5,-10.98909,-51.22243
2026/05/27 18:49:00,AQUA_M-T,Brasil,TOCANTINS,LIZARDA,Cerrado,19.0,0.0,0.99,6.3,-9.53268,-47.07029
2026/05/27 18:49:00,AQUA_M-T,Brasil,GOIÁS,NIQUELÂNDIA,Cerrado,4.0,0.3,0.67,5.7,-14.72105,-48.28435
2026/05/27 18:49:00,AQUA_M-T,Brasil,MATO GROSSO,TANGARÁ DA SERRA,Cerrado,8.0,0.0,0.75,191.6,-14.23408,-58.40358
2026/05/27 18:49:00,AQUA_M-T,Brasil,TOCANTINS,MATEIROS,Cerrado,4.0,0.0,0.89,9.3,-10.87475,-46.87636
2026/05/27 18:49:00,AQUA_M-T,Brasil,MATO GROSSO,QUERÊNCIA,Amazônia,12.0,0.0,0.23,14.0,-12.29665,-52.48358
2026/05/27 18:49:00,AQUA_M-T,Brasil,MARANHÃO,BALSAS,Cerrado,34.0,0.0,0.77,7.0,-9.05155,-46.89405
2026/05/27 18:49:00,AQUA_M-T,Brasil,TOCANTINS,FÁTIMA,Cerrado,5.0,0.0,0.68,11.5,-10.77794,-48.80562
2026/05/27 18:49:00,AQUA_M-T,Brasil,MATO GROSSO,NOVA MARINGÁ,Amazônia,10.0,0.0,0.28,50.9,-12.54296,-57.18504
2026/05/27 18:49:00,AQUA_M-T,Brasil,BAHIA,JABORANDI,Cerrado,4.0,0.2,0.96,13.0,-14.2199,-45.34335
2026/05/27 18:49:00,AQUA_M-T,Brasil,TOCANTINS,LIZARDA,Cerrado,17.0,0.0,1.0,7.0,-9.54219,-47.06878
2026/05/27 18:49:00,AQUA_M-T,Brasil,MARANHÃO,LAGOA DO MATO,Cerrado,12.0,0.0,0.83,76.2,-5.96745,-43.49236
2026/05/27 18:49:00,AQUA_M-T,Brasil,MARANHÃO,FERNANDO FALCÃO,Cerrado,9.0,0.0,0.83,12.9,-6.19277,-45.20224
2026/05/27 18:49:00,AQUA_M-T,Brasil,MATO GROSSO,NOVA NAZARÉ,Cerrado,6.0,0.0,0.95,7.1,-13.87159,-51.80821
2026/05/27 18:49:00,AQUA_M-T,Brasil,TOCANTINS,LAGOA DA CONFUSÃO,Cerrado,23.0,0.0,0.89,61.2,-10.84283,-49.75607
2026/05/27 18:49:00,AQUA_M-T,Brasil,TOCANTINS,MIRACEMA DO TOCANTINS,Cerrado,22.0,0.0,0.76,65.4,-9.39267,-48.43898
2026/05/27 18:49:00,AQUA_M-T,Brasil,TOCANTINS,PIUM,Cerrado,28.0,0.0,0.59,14.5,-10.37471,-49.89352
2026/05/27 18:49:00,AQUA_M-T,Brasil,MATO GROSSO,TANGARÁ DA SERRA,Cerrado,8.0,0.0,0.75,214.1,-14.22793,-58.40857
2026/05/27 18:49:00,AQUA_M-T,Brasil,TOCANTINS,SÃO VALÉRIO,Cerrado,23.0,0.0,0.84,10.1,-11.5561,-48.26895
2026/05/27 18:49:00,AQUA_M-T,Brasil,TOCANTINS,NOVA ROSALÂNDIA,Cerrado,15.0,0.0,0.88,35.6,-10.62898,-48.98697
2026/05/27 18:49:00,AQUA_M-T,Brasil,TOCANTINS,MIRANORTE,Cerrado,26.0,0.0,0.75,106.0,-9.29413,-48.58874
2026/05/27 18:49:00,AQUA_M-T,Brasil,TOCANTINS,PIUM,Cerrado,12.0,0.0,0.6,9.5,-10.40143,-49.449
2026/05/27 18:49:00,AQUA_M-T,Brasil,MATO GROSSO,SAPEZAL,Cerrado,9.0,0.0,0.74,173.1,-12.60361,-58.67763
2026/05/27 18:49:00,AQUA_M-T,Brasil,MARANHÃO,RIBAMAR FIQUENE,Cerrado,7.0,0.0,1.0,17.7,-5.96017,-47.29485
2026/05/27 18:49:00,AQUA_M-T,Brasil,TOCANTINS,RIO SONO,Cerrado,29.0,0.0,0.78,86.4,-9.69328,-47.3872
2026/05/27 18:49:00,AQUA_M-T,Brasil,TOCANTINS,NATIVIDADE,Cerrado,4.0,0.0,0.62,141.5,-11.59994,-47.45455
2026/05/27 18:49:00,AQUA_M-T,Brasil,TOCANTINS,LAGOA DA CONFUSÃO,Cerrado,23.0,0.0,0.91,15.1,-10.8516,-49.75474
2026/05/27 18:49:00,AQUA_M-T,Brasil,TOCANTINS,MIRACEMA DO TOCANTINS,Cerrado,20.0,0.0,0.76,71.4,-9.40161,-48.43762
2026/05/27 18:49:00,AQUA_M-T,Brasil,PARÁ,CONCEIÇÃO DO ARAGUAIA,Amazônia,11.0,0.0,0.98,26.8,-8.12747,-49.56863
2026/05/27 18:49:00,AQUA_M-T,Brasil,PARÁ,CONCEIÇÃO DO ARAGUAIA,Amazônia,11.0,0.0,1.0,12.3,-8.11739,-49.56113
2026/05/27 18:49:00,AQUA_M-T,Brasil,MATO GROSSO,NOVO SANTO ANTÔNIO,Cerrado,14.0,0.0,0.98,6.7,-12.32803,-51.03084
2026/05/27 18:49:00,AQUA_M-T,Brasil,GOIÁS,ALTO PARAÍSO DE GOIÁS,Cerrado,6.0,0.0,0.97,7.2,-14.07422,-47.54892
2026/05/27 18:49:00,AQUA_M-T,Brasil,MATO GROSSO,PORTO DOS GAÚCHOS,Amazônia,10.0,0.0,0.29,33.8,-11.93417,-57.05769
2026/05/27 18:49:00,AQUA_M-T,Brasil,TOCANTINS,ARAGOMINAS,Amazônia,10.0,0.0,1.0,5.2,-6.9074,-48.7575
2026/05/27 18:49:00,AQUA_M-T,Brasil,MATO GROSSO,SÃO JOSÉ DO XINGU,Amazônia,11.0,0.0,1.0,37.9,-10.37071,-52.5315
2026/05/27 18:49:00,AQUA_M-T,Brasil,MARANHÃO,LORETO,Cerrado,22.0,0.0,0.89,103.3,-7.01493,-44.99565
2026/05/27 18:49:00,AQUA_M-T,Brasil,MATO GROSSO,MARCELÂNDIA,Amazônia,12.0,0.0,0.24,16.5,-10.916,-54.10755
2026/05/27 18:49:00,AQUA_M-T,Brasil,GOIÁS,CAVALCANTE,Cerrado,4.0,0.0,0.75,5.1,-13.45803,-47.75713
2026/05/27 18:49:00,AQUA_M-T,Brasil,TOCANTINS,DUERÉ,Cerrado,16.0,0.0,0.98,6.1,-11.19195,-49.67857
2026/05/27 18:49:00,AQUA_M-T,Brasil,PARÁ,SANTA MARIA DAS BARREIRAS,Amazônia,15.0,0.0,1.0,12.4,-8.80852,-50.49338
2026/05/27 18:49:00,AQUA_M-T,Brasil,PARÁ,ÁGUA AZUL DO NORTE,Amazônia,11.0,0.0,0.66,39.2,-6.99496,-50.46553
2026/05/27 18:49:00,AQUA_M-T,Brasil,TOCANTINS,PORTO NACIONAL,Cerrado,4.0,0.0,0.4,10.0,-10.68311,-48.29259
2026/05/27 18:49:00,AQUA_M-T,Brasil,MARANHÃO,BARRA DO CORDA,Cerrado,8.0,0.0,0.33,704.1,-5.80145,-45.14027
2026/05/27 18:49:00,AQUA_M-T,Brasil,PARÁ,CUMARU DO NORTE,Amazônia,13.0,0.0,0.93,108.0,-8.54888,-51.50846
2026/05/27 18:49:00,AQUA_M-T,Brasil,TOCANTINS,NATIVIDADE,Cerrado,4.0,0.0,0.67,27.0,-11.60147,-47.46466
2026/05/27 18:49:00,AQUA_M-T,Brasil,MARANHÃO,RIACHÃO,Cerrado,8.0,0.0,0.89,21.5,-7.60725,-46.46257
2026/05/27 18:49:00,AQUA_M-T,Brasil,MATO GROSSO,NOVA NAZARÉ,Cerrado,6.0,0.0,1.0,6.6,-13.8814,-51.80682
2026/05/27 18:49:00,AQUA_M-T,Brasil,TOCANTINS,APARECIDA DO RIO NEGRO,Cerrado,21.0,0.0,0.56,9.8,-9.94842,-48.0193
2026/05/27 18:49:00,AQUA_M-T,Brasil,MATO GROSSO,SÃO FÉLIX DO ARAGUAIA,Amazônia,11.0,0.0,0.28,10.8,-11.36085,-52.965
2026/05/27 18:49:00,AQUA_M-T,Brasil,TOCANTINS,SANTA RITA DO TOCANTINS,Cerrado,11.0,0.0,0.79,7.9,-11.03544,-49.48097
2026/05/27 18:49:00,AQUA_M-T,Brasil,TOCANTINS,CONCEIÇÃO DO TOCANTINS,Cerrado,4.0,0.0,0.69,130.7,-11.97686,-47.37898
2026/05/27 18:49:00,AQUA_M-T,Brasil,MARANHÃO,FERNANDO FALCÃO,Cerrado,9.0,0.0,1.0,15.0,-6.08179,-45.51666
2026/05/27 18:49:00,AQUA_M-T,Brasil,TOCANTINS,PIUM,Cerrado,26.0,0.0,0.69,5.1,-10.39943,-49.81715
2026/05/27 18:49:00,AQUA_M-T,Brasil,TOCANTINS,BREJINHO DE NAZARÉ,Cerrado,5.0,0.0,0.48,15.1,-10.84792,-48.78004
2026/05/27 18:50:00,GOES-19,Brasil,TOCANTINS,LAGOA DA CONFUSÃO,Cerrado,27.0,0.0,1.0,162.6,-10.6639,-49.727
2026/05/27 18:50:00,GOES-19,Brasil,BAHIA,MUQUÉM DO SÃO FRANCISCO,Cerrado,4.0,0.0,0.97,111.8,-11.9493,-43.4019
2026/05/27 18:50:00,GOES-19,Brasil,TOCANTINS,LAGOA DA CONFUSÃO,Cerrado,26.0,0.0,1.0,100.3,-10.645,-49.729
2026/05/27 18:50:00,GOES-19,Brasil,MARANHÃO,BARRA DO CORDA,Cerrado,8.0,0.0,0.52,337.1,-5.8126,-45.1253
2026/05/27 18:50:00,GOES-19,Brasil,TOCANTINS,MIRACEMA DO TOCANTINS,Cerrado,21.0,0.0,0.76,98.5,-9.3972,-48.4305
2026/05/27 18:50:00,GOES-19,Brasil,TOCANTINS,NATIVIDADE,Cerrado,4.0,0.0,0.6,100.7,-11.591,-47.4496
2026/05/27 18:50:00,GOES-19,Brasil,BAHIA,BARREIRAS,Cerrado,2.0,0.0,0.75,74.3,-12.0093,-45.3546
2026/05/27 18:50:00,GOES-19,Brasil,MARANHÃO,BARRA DO CORDA,Cerrado,8.0,0.0,0.52,634.3,-5.7939,-45.1267
2026/05/27 18:50:00,GOES-19,Brasil,MARANHÃO,BARRA DO CORDA,Cerrado,7.0,0.0,0.7,105.0,-5.7941,-45.104
2026/05/27 18:50:00,GOES-19,Brasil,MARANHÃO,LORETO,Cerrado,22.0,0.0,0.89,100.3,-7.0125,-45.0069
2026/05/27 18:50:00,GOES-19,Brasil,MARANHÃO,SÃO FÉLIX DE BALSAS,Cerrado,21.0,0.0,0.88,80.7,-7.0127,-44.9841
2026/05/27 18:50:00,GOES-19,Brasil,MARANHÃO,BARRA DO CORDA,Cerrado,8.0,0.0,0.51,119.7,-5.7752,-45.128
2026/05/27 18:50:00,GOES-19,Brasil,TOCANTINS,MIRANORTE,Cerrado,25.0,0.0,0.8,75.8,-9.3009,-48.5925
2026/05/27 18:50:00,GOES-19,Brasil,MARANHÃO,LAGOA DO MATO,Cerrado,12.0,0.0,0.83,76.4,-5.9586,-43.4839
2026/05/27 18:50:00,GOES-19,Brasil,TOCANTINS,CONCEIÇÃO DO TOCANTINS,Cerrado,4.0,0.0,0.62,142.6,-11.9741,-47.3762
2026/05/27 18:50:00,GOES-19,Brasil,PARÁ,CUMARU DO NORTE,Amazônia,13.0,0.0,0.58,82.8,-8.5541,-51.5149
2026/05/27 18:50:00,GOES-19,Brasil,TOCANTINS,MIRACEMA DO TOCANTINS,Cerrado,21.0,0.0,0.81,67.2,-9.3969,-48.4523
2026/05/27 18:50:00,GOES-19,Brasil,TOCANTINS,PALMEIRANTE,Cerrado,6.0,0.0,0.53,58.2,-7.9148,-48.2642
2026/05/27 18:50:00,GOES-19,Brasil,TOCANTINS,MIRANORTE,Cerrado,26.0,0.0,0.63,77.9,-9.2821,-48.5944
2026/05/27 18:50:00,GOES-19,Brasil,MARANHÃO,BARRA DO CORDA,Cerrado,8.0,0.0,0.42,116.8,-5.8124,-45.148
2026/05/27 18:51:00,AQUA_M-T,Brasil,PARÁ,ALTAMIRA,Amazônia,3.0,0.0,0.13,6.5,-3.42787,-52.11843
2026/05/27 18:51:00,AQUA_M-T,Brasil,PARÁ,PLACAS,Amazônia,2.0,0.0,0.09,9.1,-3.65661,-54.80555
2026/05/27 18:51:00,AQUA_M-T,Brasil,PARÁ,PLACAS,Amazônia,2.0,0.0,0.1,7.5,-3.5632,-54.80003
2026/05/27 18:51:00,AQUA_M-T,Brasil,PARÁ,MOJUÍ DOS CAMPOS,Amazônia,2.0,0.0,0.05,10.1,-2.97176,-54.59252
2026/05/27 18:51:00,AQUA_M-T,Brasil,PARÁ,PLACAS,Amazônia,2.0,0.0,0.05,8.1,-3.64976,-54.81298
2026/05/27 18:51:00,AQUA_M-T,Brasil,PARÁ,ÓBIDOS,Amazônia,0.0,1.95,0.01,16.6,-1.84589,-55.23397
2026/05/27 18:51:00,AQUA_M-T,Brasil,PARÁ,MOJUÍ DOS CAMPOS,Amazônia,2.0,0.0,0.01,12.8,-2.97155,-54.59916
2026/05/27 19:00:00,GOES-19,Brasil,TOCANTINS,LAGOA DA CONFUSÃO,Cerrado,26.0,0.0,1.0,96.3,-10.645,-49.729
2026/05/27 19:00:00,GOES-19,Brasil,BAHIA,BARREIRAS,Cerrado,2.0,0.0,0.75,71.6,-12.0093,-45.3546
2026/05/27 19:00:00,GOES-19,Brasil,MARANHÃO,BARRA DO CORDA,Cerrado,8.0,0.0,0.52,312.8,-5.7939,-45.1267
2026/05/27 19:00:00,GOES-19,Brasil,MARANHÃO,BARRA DO CORDA,Cerrado,8.0,0.0,0.51,90.4,-5.7752,-45.128
2026/05/27 19:00:00,GOES-19,Brasil,TOCANTINS,LAGOA DA CONFUSÃO,Cerrado,27.0,0.0,1.0,171.2,-10.6639,-49.727
2026/05/27 19:00:00,GOES-19,Brasil,TOCANTINS,CONCEIÇÃO DO TOCANTINS,Cerrado,4.0,0.0,0.62,127.2,-11.9741,-47.3762
2026/05/27 19:00:00,GOES-19,Brasil,PARÁ,CUMARU DO NORTE,Amazônia,12.0,0.0,0.98,57.0,-8.5544,-51.4939
2026/05/27 19:00:00,GOES-19,Brasil,TOCANTINS,MIRANORTE,Cerrado,25.0,0.0,0.8,85.9,-9.3009,-48.5925
2026/05/27 19:00:00,GOES-19,Brasil,BAHIA,MUQUÉM DO SÃO FRANCISCO,Cerrado,4.0,0.0,0.97,124.7,-11.9493,-43.4019
2026/05/27 19:00:00,GOES-19,Brasil,MARANHÃO,LORETO,Cerrado,22.0,0.0,0.89,104.0,-7.0125,-45.0069
2026/05/27 19:00:00,GOES-19,Brasil,TOCANTINS,NATIVIDADE,Cerrado,4.0,0.0,0.6,117.1,-11.591,-47.4496
2026/05/27 19:00:00,GOES-19,Brasil,TOCANTINS,MIRACEMA DO TOCANTINS,Cerrado,21.0,0.0,0.76,71.8,-9.3972,-48.4305
2026/05/27 19:00:00,GOES-19,Brasil,PARÁ,CUMARU DO NORTE,Amazônia,14.0,0.0,1.0,68.3,-8.5348,-51.5791
2026/05/27 19:00:00,GOES-19,Brasil,MARANHÃO,BARRA DO CORDA,Cerrado,7.0,0.0,0.7,81.7,-5.7941,-45.104
2026/05/27 19:00:00,GOES-19,Brasil,TOCANTINS,MIRANORTE,Cerrado,26.0,0.0,0.63,99.6,-9.2821,-48.5944
2026/05/27 19:00:00,GOES-19,Brasil,PARÁ,ÓBIDOS,Amazônia,0.0,2.01,0.01,79.6,-1.8411,-55.2284
2026/05/27 19:00:00,GOES-19,Brasil,TOCANTINS,MIRACEMA DO TOCANTINS,Cerrado,21.0,0.0,0.81,62.7,-9.3969,-48.4523
2026/05/27 19:00:00,GOES-19,Brasil,MARANHÃO,BARRA DO CORDA,Cerrado,8.0,0.0,0.42,80.4,-5.8124,-45.148
2026/05/27 19:00:00,GOES-19,Brasil,PARÁ,CUMARU DO NORTE,Amazônia,13.0,0.0,0.58,77.1,-8.5541,-51.5149
2026/05/27 19:10:00,GOES-19,Brasil,TOCANTINS,NATIVIDADE,Cerrado,4.0,0.0,0.6,130.5,-11.591,-47.4496
2026/05/27 19:10:00,GOES-19,Brasil,TOCANTINS,CONCEIÇÃO DO TOCANTINS,Cerrado,4.0,0.0,0.62,67.0,-11.9549,-47.3788
2026/05/27 19:10:00,GOES-19,Brasil,TOCANTINS,MIRANORTE,Cerrado,25.0,0.0,0.8,54.4,-9.3009,-48.5925
2026/05/27 19:10:00,GOES-19,Brasil,TOCANTINS,MIRACEMA DO TOCANTINS,Cerrado,21.0,0.0,0.76,89.3,-9.3972,-48.4305
2026/05/27 19:10:00,GOES-19,Brasil,TOCANTINS,LAGOA DA CONFUSÃO,Cerrado,27.0,0.0,1.0,126.8,-10.6639,-49.727
2026/05/27 19:10:00,GOES-19,Brasil,TOCANTINS,CONCEIÇÃO DO TOCANTINS,Cerrado,4.0,0.0,0.62,117.6,-11.9741,-47.3762
2026/05/27 19:10:00,GOES-19,Brasil,TOCANTINS,LAGOA DA CONFUSÃO,Cerrado,26.0,0.0,1.0,96.2,-10.645,-49.729
2026/05/27 19:10:00,GOES-19,Brasil,PARÁ,CUMARU DO NORTE,Amazônia,12.0,0.0,0.98,57.5,-8.5544,-51.4939
2026/05/27 19:10:00,GOES-19,Brasil,PARÁ,CUMARU DO NORTE,Amazônia,13.0,0.0,0.58,74.3,-8.5541,-51.5149
2026/05/27 19:10:00,GOES-19,Brasil,TOCANTINS,MIRACEMA DO TOCANTINS,Cerrado,21.0,0.0,0.81,67.0,-9.3969,-48.4523
2026/05/27 19:10:00,GOES-19,Brasil,TOCANTINS,MIRANORTE,Cerrado,26.0,0.0,0.63,131.4,-9.2821,-48.5944
2026/05/27 19:20:00,GOES-19,Brasil,MARANHÃO,BARRA DO CORDA,Cerrado,7.0,0.0,0.7,98.4,-5.7941,-45.104
2026/05/27 19:20:00,GOES-19,Brasil,TOCANTINS,NATIVIDADE,Cerrado,4.0,0.0,0.6,129.1,-11.591,-47.4496
2026/05/27 19:20:00,GOES-19,Brasil,TOCANTINS,LAGOA DA CONFUSÃO,Cerrado,26.0,0.0,1.0,67.6,-10.645,-49.729
2026/05/27 19:20:00,GOES-19,Brasil,TOCANTINS,MIRACEMA DO TOCANTINS,Cerrado,21.0,0.0,0.76,74.1,-9.3972,-48.4305
2026/05/27 19:20:00,GOES-19,Brasil,PARÁ,CUMARU DO NORTE,Amazônia,14.0,0.0,1.0,56.6,-8.5348,-51.5791
2026/05/27 19:20:00,GOES-19,Brasil,TOCANTINS,MIRANORTE,Cerrado,25.0,0.0,0.8,72.6,-9.3009,-48.5925
2026/05/27 19:20:00,GOES-19,Brasil,TOCANTINS,LAGOA DA CONFUSÃO,Cerrado,27.0,0.0,1.0,118.3,-10.6639,-49.727
2026/05/27 19:20:00,GOES-19,Brasil,MARANHÃO,LORETO,Cerrado,22.0,0.0,0.89,86.4,-7.0125,-45.0069
2026/05/27 19:20:00,GOES-19,Brasil,MARANHÃO,BARRA DO CORDA,Cerrado,8.0,0.0,0.52,236.5,-5.8126,-45.1253
2026/05/27 19:20:00,GOES-19,Brasil,TOCANTINS,CONCEIÇÃO DO TOCANTINS,Cerrado,4.0,0.0,0.62,110.1,-11.9741,-47.3762
2026/05/27 19:20:00,GOES-19,Brasil,TOCANTINS,MIRANORTE,Cerrado,26.0,0.0,0.63,128.7,-9.2821,-48.5944
2026/05/27 19:20:00,GOES-19,Brasil,TOCANTINS,PIUM,Cerrado,28.0,0.0,0.66,76.2,-10.3781,-49.8864
2026/05/27 19:20:00,GOES-19,Brasil,PARÁ,CUMARU DO NORTE,Amazônia,13.0,0.0,0.58,74.2,-8.5541,-51.5149
2026/05/27 19:20:00,GOES-19,Brasil,TOCANTINS,MIRACEMA DO TOCANTINS,Cerrado,21.0,0.0,0.81,52.6,-9.3969,-48.4523
2026/05/27 19:30:00,GOES-19,Brasil,PARÁ,CONCEIÇÃO DO ARAGUAIA,Amazônia,11.0,0.0,0.97,85.1,-8.1256,-49.5622
2026/05/27 19:30:00,GOES-19,Brasil,MARANHÃO,BARRA DO CORDA,Cerrado,8.0,0.0,0.52,425.0,-5.7939,-45.1267
2026/05/27 19:30:00,GOES-19,Brasil,MARANHÃO,BARRA DO CORDA,Cerrado,7.0,0.0,0.7,108.6,-5.7941,-45.104
2026/05/27 19:30:00,GOES-19,Brasil,MARANHÃO,BARRA DO CORDA,Cerrado,8.0,0.0,0.52,201.9,-5.8126,-45.1253
2026/05/27 19:30:00,GOES-19,Brasil,TOCANTINS,MIRACEMA DO TOCANTINS,Cerrado,21.0,0.0,0.76,66.2,-9.3972,-48.4305
2026/05/27 19:30:00,GOES-19,Brasil,TOCANTINS,MIRANORTE,Cerrado,25.0,0.0,0.8,72.4,-9.3009,-48.5925
2026/05/27 19:30:00,GOES-19,Brasil,TOCANTINS,LAGOA DA CONFUSÃO,Cerrado,27.0,0.0,1.0,110.3,-10.6639,-49.727
2026/05/27 19:30:00,GOES-19,Brasil,TOCANTINS,CONCEIÇÃO DO TOCANTINS,Cerrado,4.0,0.0,0.62,99.0,-11.9741,-47.3762
2026/05/27 19:30:00,GOES-19,Brasil,TOCANTINS,LAGOA DA CONFUSÃO,Cerrado,26.0,0.0,1.0,61.2,-10.645,-49.729
2026/05/27 19:30:00,GOES-19,Brasil,TOCANTINS,NATIVIDADE,Cerrado,4.0,0.0,0.6,116.6,-11.591,-47.4496
2026/05/27 19:30:00,GOES-19,Brasil,MARANHÃO,BARRA DO CORDA,Cerrado,8.0,0.0,0.53,148.3,-5.7937,-45.1493
2026/05/27 19:30:00,GOES-19,Brasil,PARÁ,CUMARU DO NORTE,Amazônia,13.0,0.0,0.58,63.3,-8.5541,-51.5149
2026/05/27 19:30:00,GOES-19,Brasil,TOCANTINS,MIRACEMA DO TOCANTINS,Cerrado,21.0,0.0,0.81,54.4,-9.3969,-48.4523
2026/05/27 19:30:00,GOES-19,Brasil,TOCANTINS,MIRANORTE,Cerrado,26.0,0.0,0.63,137.5,-9.2821,-48.5944
2026/05/27 19:40:00,GOES-19,Brasil,MARANHÃO,BARRA DO CORDA,Cerrado,8.0,0.0,0.52,299.0,-5.7939,-45.1267
2026/05/27 19:40:00,GOES-19,Brasil,TOCANTINS,NATIVIDADE,Cerrado,4.0,0.0,0.6,113.3,-11.591,-47.4496
2026/05/27 19:40:00,GOES-19,Brasil,TOCANTINS,MIRACEMA DO TOCANTINS,Cerrado,21.0,0.0,0.76,78.1,-9.3972,-48.4305
2026/05/27 19:40:00,GOES-19,Brasil,PARÁ,CONCEIÇÃO DO ARAGUAIA,Amazônia,11.0,0.0,0.97,57.6,-8.1256,-49.5622
2026/05/27 19:40:00,GOES-19,Brasil,TOCANTINS,LAGOA DA CONFUSÃO,Cerrado,26.0,0.0,1.0,87.4,-10.645,-49.729
2026/05/27 19:40:00,GOES-19,Brasil,TOCANTINS,CONCEIÇÃO DO TOCANTINS,Cerrado,4.0,0.0,0.62,67.5,-11.9741,-47.3762
2026/05/27 19:40:00,GOES-19,Brasil,TOCANTINS,LAGOA DA CONFUSÃO,Cerrado,27.0,0.0,1.0,67.7,-10.6639,-49.727
2026/05/27 19:40:00,GOES-19,Brasil,MARANHÃO,BARRA DO CORDA,Cerrado,8.0,0.0,0.52,239.3,-5.8126,-45.1253
2026/05/27 19:40:00,GOES-19,Brasil,PARÁ,CUMARU DO NORTE,Amazônia,13.0,0.0,0.58,64.5,-8.5541,-51.5149
2026/05/27 19:40:00,GOES-19,Brasil,TOCANTINS,MIRACEMA DO TOCANTINS,Cerrado,21.0,0.0,0.81,59.2,-9.3969,-48.4523
2026/05/27 19:40:00,GOES-19,Brasil,MARANHÃO,BARRA DO CORDA,Cerrado,8.0,0.0,0.53,124.2,-5.7937,-45.1493
2026/05/27 19:40:00,GOES-19,Brasil,TOCANTINS,MIRANORTE,Cerrado,26.0,0.0,0.63,163.7,-9.2821,-48.5944
2026/05/27 19:50:00,GOES-19,Brasil,MARANHÃO,BARRA DO CORDA,Cerrado,7.0,0.0,0.7,85.4,-5.7941,-45.104
2026/05/27 19:50:00,GOES-19,Brasil,MARANHÃO,LAGOA DO MATO,Cerrado,12.0,0.0,0.83,85.8,-5.9586,-43.4839
2026/05/27 19:50:00,GOES-19,Brasil,TOCANTINS,NATIVIDADE,Cerrado,4.0,0.0,0.6,119.9,-11.591,-47.4496
2026/05/27 19:50:00,GOES-19,Brasil,MARANHÃO,BARRA DO CORDA,Cerrado,8.0,0.0,0.53,129.7,-5.7937,-45.1493
2026/05/27 19:50:00,GOES-19,Brasil,TOCANTINS,LAGOA DA CONFUSÃO,Cerrado,26.0,0.0,1.0,69.8,-10.645,-49.729
2026/05/27 19:50:00,GOES-19,Brasil,TOCANTINS,PORTO NACIONAL,Cerrado,4.0,0.0,0.88,63.0,-10.6271,-48.3193
2026/05/27 19:50:00,GOES-19,Brasil,TOCANTINS,MIRACEMA DO TOCANTINS,Cerrado,21.0,0.0,0.76,57.9,-9.3972,-48.4305
2026/05/27 19:50:00,GOES-19,Brasil,MARANHÃO,BARRA DO CORDA,Cerrado,8.0,0.0,0.52,138.6,-5.8126,-45.1253
2026/05/27 19:50:00,GOES-19,Brasil,TOCANTINS,MIRANORTE,Cerrado,26.0,0.0,0.63,125.7,-9.2821,-48.5944
2026/05/27 19:50:00,GOES-19,Brasil,TOCANTINS,LAGOA DA CONFUSÃO,Cerrado,16.0,0.0,1.0,63.3,-10.756,-49.9105
2026/05/27 19:50:00,GOES-19,Brasil,MARANHÃO,BARRA DO CORDA,Cerrado,8.0,0.0,0.52,289.7,-5.7939,-45.1267
2026/05/27 19:50:00,GOES-19,Brasil,TOCANTINS,LAGOA DA CONFUSÃO,Cerrado,27.0,0.0,1.0,77.5,-10.6639,-49.727
2026/05/27 20:00:00,GOES-19,Brasil,TOCANTINS,MIRACEMA DO TOCANTINS,Cerrado,21.0,0.0,0.76,76.5,-9.3972,-48.4305
2026/05/27 20:00:00,GOES-19,Brasil,MARANHÃO,BARRA DO CORDA,Cerrado,8.0,0.0,0.52,208.9,-5.8126,-45.1253
2026/05/27 20:00:00,GOES-19,Brasil,TOCANTINS,RIO DOS BOIS,Cerrado,27.0,0.0,0.82,70.7,-9.2824,-48.5726
2026/05/27 20:00:00,GOES-19,Brasil,TOCANTINS,LAGOA DA CONFUSÃO,Cerrado,26.0,0.0,1.0,63.0,-10.645,-49.729
2026/05/27 20:00:00,GOES-19,Brasil,MARANHÃO,BARRA DO CORDA,Cerrado,8.0,0.0,0.52,224.7,-5.7939,-45.1267
2026/05/27 20:00:00,GOES-19,Brasil,TOCANTINS,CONCEIÇÃO DO TOCANTINS,Cerrado,4.0,0.0,0.62,66.8,-11.9741,-47.3762
2026/05/27 20:00:00,GOES-19,Brasil,MARANHÃO,LAGOA DO MATO,Cerrado,12.0,0.0,0.83,89.4,-5.9586,-43.4839
2026/05/27 20:00:00,GOES-19,Brasil,MARANHÃO,BARRA DO CORDA,Cerrado,8.0,0.0,0.53,102.3,-5.7937,-45.1493
2026/05/27 20:00:00,GOES-19,Brasil,TOCANTINS,MIRANORTE,Cerrado,26.0,0.0,0.63,111.6,-9.2821,-48.5944
2026/05/27 20:00:00,GOES-19,Brasil,TOCANTINS,NATIVIDADE,Cerrado,4.0,0.0,0.6,98.9,-11.591,-47.4496
2026/05/27 20:10:00,GOES-19,Brasil,TOCANTINS,MIRACEMA DO TOCANTINS,Cerrado,21.0,0.0,0.76,66.3,-9.3972,-48.4305
2026/05/27 20:10:00,GOES-19,Brasil,MARANHÃO,BARRA DO CORDA,Cerrado,8.0,0.0,0.52,222.2,-5.7939,-45.1267
2026/05/27 20:10:00,GOES-19,Brasil,TOCANTINS,LAGOA DA CONFUSÃO,Cerrado,27.0,0.0,1.0,60.8,-10.6639,-49.727
2026/05/27 20:10:00,GOES-19,Brasil,TOCANTINS,MIRANORTE,Cerrado,26.0,0.0,0.63,98.3,-9.2821,-48.5944
2026/05/27 20:10:00,GOES-19,Brasil,MARANHÃO,BARRA DO CORDA,Cerrado,8.0,0.0,0.53,104.8,-5.7937,-45.1493
2026/05/27 20:10:00,GOES-19,Brasil,TOCANTINS,PORTO NACIONAL,Cerrado,4.0,0.0,0.88,66.2,-10.6271,-48.3193
2026/05/27 20:10:00,GOES-19,Brasil,TOCANTINS,RIO DOS BOIS,Cerrado,27.0,0.0,0.82,61.2,-9.2824,-48.5726
2026/05/27 20:10:00,GOES-19,Brasil,MARANHÃO,BARRA DO CORDA,Cerrado,8.0,0.0,0.52,157.4,-5.8126,-45.1253
2026/05/27 20:10:00,GOES-19,Brasil,TOCANTINS,NATIVIDADE,Cerrado,4.0,0.0,0.6,127.7,-11.591,-47.4496
2026/05/27 20:20:00,GOES-19,Brasil,MARANHÃO,BARRA DO CORDA,Cerrado,8.0,0.0,0.52,219.4,-5.7939,-45.1267
2026/05/27 20:20:00,GOES-19,Brasil,TOCANTINS,MIRANORTE,Cerrado,26.0,0.0,0.63,62.8,-9.2821,-48.5944
2026/05/27 20:20:00,GOES-19,Brasil,MARANHÃO,MIRADOR,Cerrado,10.0,0.0,0.65,96.9,-6.5469,-44.6816
2026/05/27 20:20:00,GOES-19,Brasil,MARANHÃO,BARRA DO CORDA,Cerrado,8.0,0.0,0.53,89.3,-5.7937,-45.1493
2026/05/27 20:20:00,GOES-19,Brasil,TOCANTINS,NATIVIDADE,Cerrado,4.0,0.0,0.6,121.6,-11.591,-47.4496
2026/05/27 20:20:00,GOES-19,Brasil,TOCANTINS,PORTO NACIONAL,Cerrado,4.0,0.0,0.88,69.4,-10.6271,-48.3193
2026/05/27 20:20:00,GOES-19,Brasil,MARANHÃO,BARRA DO CORDA,Cerrado,8.0,0.0,0.52,113.5,-5.8126,-45.1253
2026/05/27 20:20:00,GOES-19,Brasil,TOCANTINS,LAGOA DA CONFUSÃO,Cerrado,27.0,0.0,1.0,62.9,-10.6639,-49.727
2026/05/27 20:29:00,AQUA_M-T,Brasil,ACRE,CRUZEIRO DO SUL,Amazônia,8.0,0.0,1.0,7.1,-7.71367,-72.7488
2026/05/27 20:29:00,AQUA_M-T,Brasil,ACRE,CRUZEIRO DO SUL,Amazônia,3.0,0.0,0.88,5.9,-7.76794,-72.4912
2026/05/27 20:30:00,GOES-19,Brasil,TOCANTINS,MIRANORTE,Cerrado,26.0,0.0,0.63,73.8,-9.2821,-48.5944
2026/05/27 20:30:00,GOES-19,Brasil,MARANHÃO,BARRA DO CORDA,Cerrado,8.0,0.0,0.53,90.3,-5.7937,-45.1493
2026/05/27 20:30:00,GOES-19,Brasil,MARANHÃO,MIRADOR,Cerrado,10.0,0.0,0.65,115.5,-6.5469,-44.6816
2026/05/27 20:30:00,GOES-19,Brasil,MARANHÃO,BARRA DO CORDA,Cerrado,8.0,0.0,0.52,159.6,-5.7939,-45.1267
2026/05/27 20:30:00,GOES-19,Brasil,TOCANTINS,NATIVIDADE,Cerrado,4.0,0.0,0.6,116.5,-11.591,-47.4496
2026/05/27 20:30:00,GOES-19,Brasil,MARANHÃO,BARRA DO CORDA,Cerrado,8.0,0.0,0.52,108.3,-5.8126,-45.1253
2026/05/27 20:40:00,GOES-19,Brasil,MARANHÃO,BARRA DO CORDA,Cerrado,8.0,0.0,0.52,124.6,-5.8126,-45.1253
2026/05/27 20:40:00,GOES-19,Brasil,TOCANTINS,MIRACEMA DO TOCANTINS,Cerrado,21.0,0.0,0.76,63.3,-9.3972,-48.4305
2026/05/27 20:40:00,GOES-19,Brasil,TOCANTINS,NATIVIDADE,Cerrado,4.0,0.0,0.6,94.0,-11.591,-47.4496
2026/05/27 20:40:00,GOES-19,Brasil,MARANHÃO,BARRA DO CORDA,Cerrado,8.0,0.0,0.52,137.5,-5.7939,-45.1267
2026/05/27 20:50:00,GOES-19,Brasil,MARANHÃO,BARRA DO CORDA,Cerrado,8.0,0.0,0.52,139.1,-5.7939,-45.1267
2026/05/27 20:50:00,GOES-19,Brasil,TOCANTINS,NATIVIDADE,Cerrado,4.0,0.0,0.6,96.9,-11.591,-47.4496
2026/05/27 20:50:00,GOES-19,Brasil,MARANHÃO,BARRA DO CORDA,Cerrado,8.0,0.0,0.52,96.9,-5.8126,-45.1253
2026/05/27 21:30:00,GOES-19,Brasil,PIAUÍ,SANTA FILOMENA,Cerrado,32.0,0.0,0.82,58.4,-9.3616,-45.4516
2026/05/27 21:30:00,GOES-19,Brasil,MINAS GERAIS,VAZANTE,Cerrado,10.0,0.0,0.57,199.4,-17.5956,-46.6648
2026/05/27 21:30:00,GOES-19,Brasil,MINAS GERAIS,VAZANTE,Cerrado,11.0,0.0,0.58,121.7,-17.5961,-46.6415
2026/05/27 21:30:00,GOES-19,Brasil,TOCANTINS,MATEIROS,Cerrado,14.0,0.0,0.97,60.6,-10.6292,-46.9021
2026/05/27 21:30:00,GOES-19,Brasil,MARANHÃO,BARRA DO CORDA,Cerrado,8.0,0.0,0.52,87.7,-5.7939,-45.1267
2026/05/27 21:30:00,GOES-19,Brasil,MARANHÃO,BARRA DO CORDA,Cerrado,8.0,0.0,0.52,79.4,-5.8126,-45.1253
2026/05/27 21:30:00,GOES-19,Brasil,MARANHÃO,ALTO PARNAÍBA,Cerrado,20.0,0.0,0.85,57.5,-9.0478,-46.2999
2026/05/27 21:30:00,GOES-19,Brasil,PIAUÍ,SANTA FILOMENA,Cerrado,33.0,0.0,0.91,72.1,-9.3613,-45.4744
2026/05/27 21:30:00,GOES-19,Brasil,MINAS GERAIS,VAZANTE,Cerrado,10.0,0.0,0.61,76.0,-17.6155,-46.6607
2026/05/27 21:30:00,GOES-19,Brasil,MARANHÃO,MIRADOR,Cerrado,10.0,0.0,0.65,76.8,-6.5469,-44.6816
2026/05/27 21:30:00,GOES-19,Brasil,TOCANTINS,NATIVIDADE,Cerrado,4.0,0.0,0.6,111.9,-11.591,-47.4496
2026/05/27 21:30:00,GOES-19,Brasil,MARANHÃO,ALTO PARNAÍBA,Cerrado,18.0,0.0,0.87,63.2,-9.0667,-46.2978
2026/05/27 21:40:00,GOES-19,Brasil,MARANHÃO,BARRA DO CORDA,Cerrado,8.0,0.0,0.52,89.8,-5.7939,-45.1267
2026/05/27 21:40:00,GOES-19,Brasil,TOCANTINS,NATIVIDADE,Cerrado,4.0,0.0,0.6,116.4,-11.591,-47.4496
2026/05/27 21:40:00,GOES-19,Brasil,TOCANTINS,NATIVIDADE,Cerrado,4.0,0.0,0.45,57.5,-11.6101,-47.4471
2026/05/27 21:40:00,GOES-19,Brasil,MARANHÃO,BARRA DO CORDA,Cerrado,8.0,0.0,0.52,80.4,-5.8126,-45.1253
2026/05/27 21:40:00,GOES-19,Brasil,MARANHÃO,MIRADOR,Cerrado,10.0,0.0,0.65,78.0,-6.5469,-44.6816
2026/05/27 21:40:00,GOES-19,Brasil,TOCANTINS,GUARAÍ,Cerrado,16.0,0.0,0.47,58.8,-8.6837,-48.304
2026/05/27 21:50:00,GOES-19,Brasil,TOCANTINS,DIVINÓPOLIS DO TOCANTINS,Cerrado,12.0,0.0,1.0,62.1,-9.7452,-49.2197
2026/05/27 21:50:00,GOES-19,Brasil,MARANHÃO,BARRA DO CORDA,Cerrado,8.0,0.0,0.52,80.7,-5.7939,-45.1267
2026/05/27 21:50:00,GOES-19,Brasil,TOCANTINS,GUARAÍ,Cerrado,16.0,0.0,0.47,61.0,-8.6837,-48.304
2026/05/27 21:50:00,GOES-19,Brasil,TOCANTINS,GUARAÍ,Cerrado,14.0,0.0,0.31,62.0,-8.7211,-48.3222
2026/05/27 21:50:00,GOES-19,Brasil,SÃO PAULO,MOCOCA,Cerrado,7.0,0.0,1.0,67.1,-21.5498,-47.0429
2026/05/27 21:50:00,GOES-19,Brasil,TOCANTINS,NATIVIDADE,Cerrado,4.0,0.0,0.6,103.9,-11.591,-47.4496
2026/05/27 21:50:00,GOES-19,Brasil,MARANHÃO,MIRADOR,Cerrado,10.0,0.0,0.65,79.3,-6.5469,-44.6816
2026/05/27 22:00:00,GOES-19,Brasil,MARANHÃO,BARRA DO CORDA,Cerrado,8.0,0.0,0.52,73.8,-5.7939,-45.1267
2026/05/27 22:00:00,GOES-19,Brasil,MARANHÃO,MIRADOR,Cerrado,10.0,0.0,0.65,70.6,-6.5469,-44.6816
2026/05/27 22:00:00,GOES-19,Brasil,TOCANTINS,NATIVIDADE,Cerrado,4.0,0.0,0.6,114.7,-11.591,-47.4496
2026/05/27 22:00:00,GOES-19,Brasil,MATO GROSSO,NOVA UBIRATÃ,Amazônia,11.0,0.56,0.31,46.5,-13.2189,-54.4975
2026/05/27 22:00:00,GOES-19,Brasil,MATO GROSSO,SÃO FÉLIX DO ARAGUAIA,Amazônia,12.0,0.0,0.27,84.9,-11.4724,-52.9193
2026/05/27 22:00:00,GOES-19,Brasil,SÃO PAULO,MOCOCA,Cerrado,7.0,0.0,1.0,67.3,-21.5498,-47.0429
2026/05/27 22:00:00,GOES-19,Brasil,TOCANTINS,DIVINÓPOLIS DO TOCANTINS,Cerrado,12.0,0.0,1.0,61.3,-9.7452,-49.2197
2026/05/27 22:00:00,GOES-19,Brasil,TOCANTINS,GUARAÍ,Cerrado,14.0,0.0,0.62,53.2,-8.7399,-48.3205
2026/05/27 22:00:00,GOES-19,Brasil,TOCANTINS,NATIVIDADE,Cerrado,4.0,0.0,0.45,59.7,-11.6101,-47.4471
2026/05/27 22:00:00,GOES-19,Brasil,TOCANTINS,GUARAÍ,Cerrado,14.0,0.0,0.31,55.8,-8.7211,-48.3222
2026/05/27 22:00:00,GOES-19,Brasil,TOCANTINS,GUARAÍ,Cerrado,16.0,0.0,0.47,70.0,-8.6837,-48.304
2026/05/27 22:10:00,GOES-19,Brasil,MARANHÃO,BARRA DO CORDA,Cerrado,8.0,0.0,0.52,74.3,-5.7939,-45.1267
2026/05/27 22:10:00,GOES-19,Brasil,TOCANTINS,NATIVIDADE,Cerrado,4.0,0.0,0.6,106.9,-11.591,-47.4496
2026/05/27 22:10:00,GOES-19,Brasil,TOCANTINS,GUARAÍ,Cerrado,14.0,0.0,0.62,54.7,-8.7399,-48.3205
2026/05/27 22:10:00,GOES-19,Brasil,MATO GROSSO,SANTA RITA DO TRIVELATO,Cerrado,10.0,0.3,0.28,89.3,-13.6473,-55.2943
2026/05/27 22:10:00,GOES-19,Brasil,MATO GROSSO,SANTA RITA DO TRIVELATO,Cerrado,10.0,0.3,0.27,59.3,-13.6664,-55.2923
2026/05/27 22:10:00,GOES-19,Brasil,GOIÁS,SANTA HELENA DE GOIÁS,Cerrado,4.0,0.0,1.0,60.8,-17.9779,-50.6172
2026/05/27 22:10:00,GOES-19,Brasil,MATO GROSSO,SÃO FÉLIX DO ARAGUAIA,Amazônia,12.0,0.0,0.27,79.6,-11.4724,-52.9193
2026/05/27 22:10:00,GOES-19,Brasil,TOCANTINS,GUARAÍ,Cerrado,14.0,0.0,0.31,52.7,-8.7211,-48.3222
2026/05/27 22:10:00,GOES-19,Brasil,SÃO PAULO,MOCOCA,Cerrado,7.0,0.0,1.0,84.4,-21.5498,-47.0429
2026/05/27 22:10:00,GOES-19,Brasil,GOIÁS,RIO VERDE,Cerrado,5.0,0.0,1.0,90.1,-17.9979,-50.6136
2026/05/27 22:10:00,GOES-19,Brasil,TOCANTINS,DIVINÓPOLIS DO TOCANTINS,Cerrado,12.0,0.0,1.0,53.1,-9.7452,-49.2197
2026/05/27 22:10:00,GOES-19,Brasil,TOCANTINS,GUARAÍ,Cerrado,16.0,0.0,0.47,82.1,-8.6837,-48.304
2026/05/27 22:10:00,GOES-19,Brasil,MARANHÃO,MIRADOR,Cerrado,10.0,0.0,0.65,76.3,-6.5469,-44.6816
2026/05/27 22:10:00,GOES-19,Brasil,TOCANTINS,GUARAÍ,Cerrado,13.0,0.0,0.28,50.9,-8.7208,-48.3441
2026/05/27 22:10:00,GOES-19,Brasil,MATO GROSSO,NOVA UBIRATÃ,Amazônia,10.0,0.65,0.3,42.2,-13.1998,-54.4996
2026/05/27 22:10:00,GOES-19,Brasil,PARÁ,ALTAMIRA,Amazônia,9.0,0.0,0.98,48.5,-8.7255,-54.9886
2026/05/27 22:10:00,GOES-19,Brasil,GOIÁS,RIO VERDE,Cerrado,4.0,0.0,1.0,179.1,-17.9974,-50.6358
2026/05/27 22:10:00,GOES-19,Brasil,GOIÁS,RIO VERDE,Cerrado,4.0,0.0,1.0,113.0,-17.9774,-50.6393
2026/05/27 22:10:00,GOES-19,Brasil,MATO GROSSO,UNIÃO DO SUL,Amazônia,23.0,0.0,0.23,62.9,-11.3068,-54.0299
2026/05/27 22:20:00,GOES-19,Brasil,MATO GROSSO,UNIÃO DO SUL,Amazônia,23.0,0.0,0.23,58.3,-11.3068,-54.0299
2026/05/27 22:20:00,GOES-19,Brasil,TOCANTINS,GUARAÍ,Cerrado,16.0,0.0,0.47,91.2,-8.6837,-48.304
2026/05/27 22:20:00,GOES-19,Brasil,TOCANTINS,NATIVIDADE,Cerrado,4.0,0.0,0.6,116.6,-11.591,-47.4496
2026/05/27 22:20:00,GOES-19,Brasil,SÃO PAULO,MOCOCA,Cerrado,7.0,0.0,1.0,97.5,-21.5498,-47.0429
2026/05/27 22:20:00,GOES-19,Brasil,TOCANTINS,GUARAÍ,Cerrado,14.0,0.0,0.62,54.5,-8.7399,-48.3205
2026/05/27 22:20:00,GOES-19,Brasil,MATO GROSSO,SÃO FÉLIX DO ARAGUAIA,Amazônia,12.0,0.0,0.27,70.4,-11.4724,-52.9193
2026/05/27 22:20:00,GOES-19,Brasil,TOCANTINS,GUARAÍ,Cerrado,13.0,0.0,0.28,53.2,-8.7208,-48.3441
2026/05/27 22:20:00,GOES-19,Brasil,TOCANTINS,GUARAÍ,Cerrado,14.0,0.0,0.31,52.5,-8.7211,-48.3222
2026/05/27 22:20:00,GOES-19,Brasil,BAHIA,SANTA RITA DE CÁSSIA,Cerrado,4.0,0.0,0.95,68.0,-10.9202,-44.1924
2026/05/27 22:20:00,GOES-19,Brasil,MARANHÃO,BARRA DO CORDA,Cerrado,8.0,0.0,0.52,77.8,-5.7939,-45.1267
2026/05/27 22:30:00,GOES-19,Brasil,TOCANTINS,GUARAÍ,Cerrado,14.0,0.0,0.31,61.4,-8.7211,-48.3222
2026/05/27 22:30:00,GOES-19,Brasil,TOCANTINS,NATIVIDADE,Cerrado,4.0,0.0,0.6,113.7,-11.591,-47.4496
2026/05/27 22:30:00,GOES-19,Brasil,TOCANTINS,GUARAÍ,Cerrado,16.0,0.0,0.47,83.9,-8.6837,-48.304
2026/05/27 22:30:00,GOES-19,Brasil,PIAUÍ,SANTA FILOMENA,Cerrado,32.0,0.0,0.82,55.3,-9.3616,-45.4516
2026/05/27 22:30:00,GOES-19,Brasil,MARANHÃO,BARRA DO CORDA,Cerrado,8.0,0.0,0.52,71.8,-5.7939,-45.1267
2026/05/27 22:30:00,GOES-19,Brasil,TOCANTINS,GUARAÍ,Cerrado,14.0,0.0,0.62,53.4,-8.7399,-48.3205
2026/05/27 22:30:00,GOES-19,Brasil,TOCANTINS,GUARAÍ,Cerrado,13.0,0.0,0.28,53.2,-8.7208,-48.3441
2026/05/27 22:30:00,GOES-19,Brasil,MATO GROSSO,SÃO FÉLIX DO ARAGUAIA,Amazônia,12.0,0.0,0.27,67.8,-11.4724,-52.9193
2026/05/27 22:30:00,GOES-19,Brasil,SÃO PAULO,MOCOCA,Cerrado,7.0,0.0,1.0,121.4,-21.5498,-47.0429
2026/05/27 22:40:00,GOES-19,Brasil,TOCANTINS,GUARAÍ,Cerrado,14.0,0.0,0.31,69.8,-8.7211,-48.3222
2026/05/27 22:40:00,GOES-19,Brasil,SÃO PAULO,MOCOCA,Cerrado,7.0,0.0,1.0,132.8,-21.5498,-47.0429
2026/05/27 22:40:00,GOES-19,Brasil,MATO GROSSO,SÃO FÉLIX DO ARAGUAIA,Amazônia,12.0,0.0,0.27,76.3,-11.4724,-52.9193
2026/05/27 22:40:00,GOES-19,Brasil,TOCANTINS,GUARAÍ,Cerrado,13.0,0.0,0.28,54.7,-8.7208,-48.3441
2026/05/27 22:40:00,GOES-19,Brasil,TOCANTINS,NATIVIDADE,Cerrado,4.0,0.0,0.45,58.0,-11.6101,-47.4471
2026/05/27 22:40:00,GOES-19,Brasil,SÃO PAULO,MOCOCA,Cerrado,7.0,0.0,0.68,64.3,-21.4252,-47.0743
2026/05/27 22:40:00,GOES-19,Brasil,TOCANTINS,NATIVIDADE,Cerrado,4.0,0.0,0.6,91.0,-11.591,-47.4496
2026/05/27 22:40:00,GOES-19,Brasil,TOCANTINS,GUARAÍ,Cerrado,16.0,0.0,0.47,82.4,-8.6837,-48.304
2026/05/27 22:40:00,GOES-19,Brasil,PIAUÍ,SANTA FILOMENA,Cerrado,33.0,0.0,0.91,82.1,-9.3613,-45.4744
2026/05/27 22:40:00,GOES-19,Brasil,PIAUÍ,SANTA FILOMENA,Cerrado,32.0,0.0,0.82,70.3,-9.3616,-45.4516
2026/05/27 22:50:00,GOES-19,Brasil,PIAUÍ,SANTA FILOMENA,Cerrado,33.0,0.0,0.91,97.6,-9.3613,-45.4744
2026/05/27 22:50:00,GOES-19,Brasil,PIAUÍ,SANTA FILOMENA,Cerrado,32.0,0.0,0.82,94.3,-9.3616,-45.4516
2026/05/27 22:50:00,GOES-19,Brasil,SÃO PAULO,MOCOCA,Cerrado,7.0,0.0,1.0,97.6,-21.5498,-47.0429
2026/05/27 22:50:00,GOES-19,Brasil,MATO GROSSO,SANTA RITA DO TRIVELATO,Cerrado,10.0,0.3,0.28,82.5,-13.6473,-55.2943
2026/05/27 22:50:00,GOES-19,Brasil,TOCANTINS,GUARAÍ,Cerrado,14.0,0.0,0.31,59.0,-8.7211,-48.3222
2026/05/27 22:50:00,GOES-19,Brasil,MATO GROSSO,SÃO FÉLIX DO ARAGUAIA,Amazônia,12.0,0.0,0.27,77.0,-11.4724,-52.9193
2026/05/27 22:50:00,GOES-19,Brasil,TOCANTINS,GUARAÍ,Cerrado,16.0,0.0,0.47,46.9,-8.6837,-48.304
2026/05/27 22:50:00,GOES-19,Brasil,TOCANTINS,NATIVIDADE,Cerrado,4.0,0.0,0.6,112.5,-11.591,-47.4496
2026/05/27 22:50:00,GOES-19,Brasil,MATO GROSSO,SANTA RITA DO TRIVELATO,Cerrado,10.0,0.3,0.27,51.7,-13.6664,-55.2923
2026/05/27 23:00:00,GOES-19,Brasil,MATO GROSSO,SÃO FÉLIX DO ARAGUAIA,Amazônia,12.0,0.0,0.27,74.5,-11.4724,-52.9193
2026/05/27 23:00:00,GOES-19,Brasil,MATO GROSSO,SANTA RITA DO TRIVELATO,Cerrado,10.0,0.3,0.27,71.2,-13.6664,-55.2923
2026/05/27 23:00:00,GOES-19,Brasil,PIAUÍ,SANTA FILOMENA,Cerrado,32.0,0.0,0.82,77.5,-9.3616,-45.4516
2026/05/27 23:00:00,GOES-19,Brasil,TOCANTINS,GUARAÍ,Cerrado,14.0,0.0,0.31,70.1,-8.7211,-48.3222
2026/05/27 23:00:00,GOES-19,Brasil,MATO GROSSO,SANTA RITA DO TRIVELATO,Cerrado,10.0,0.3,0.28,66.2,-13.6473,-55.2943
2026/05/27 23:00:00,GOES-19,Brasil,TOCANTINS,NATIVIDADE,Cerrado,4.0,0.0,0.6,106.5,-11.591,-47.4496
2026/05/27 23:00:00,GOES-19,Brasil,SÃO PAULO,MOCOCA,Cerrado,7.0,0.0,1.0,79.1,-21.5498,-47.0429
2026/05/27 23:00:00,GOES-19,Brasil,PIAUÍ,SANTA FILOMENA,Cerrado,36.0,0.0,0.85,61.8,-9.3423,-45.4765
2026/05/27 23:00:00,GOES-19,Brasil,PIAUÍ,SANTA FILOMENA,Cerrado,33.0,0.0,0.91,70.8,-9.3613,-45.4744
2026/05/27 23:00:00,GOES-19,Brasil,PIAUÍ,SANTA FILOMENA,Cerrado,35.0,0.0,1.0,56.9,-9.3427,-45.4537
2026/05/27 23:00:00,GOES-19,Brasil,TOCANTINS,NATIVIDADE,Cerrado,4.0,0.0,0.45,53.5,-11.6101,-47.4471
2026/05/27 23:00:00,GOES-19,Brasil,TOCANTINS,GUARAÍ,Cerrado,13.0,0.0,0.28,53.1,-8.7208,-48.3441
2026/05/27 23:10:00,GOES-19,Brasil,TOCANTINS,NATIVIDADE,Cerrado,4.0,0.0,0.45,57.1,-11.6101,-47.4471
2026/05/27 23:10:00,GOES-19,Brasil,PIAUÍ,SANTA FILOMENA,Cerrado,33.0,0.0,0.91,79.0,-9.3613,-45.4744
2026/05/27 23:10:00,GOES-19,Brasil,MATO GROSSO,SÃO FÉLIX DO ARAGUAIA,Amazônia,12.0,0.0,0.27,79.7,-11.4724,-52.9193
2026/05/27 23:10:00,GOES-19,Brasil,PIAUÍ,SANTA FILOMENA,Cerrado,36.0,0.0,0.85,60.7,-9.3423,-45.4765
2026/05/27 23:10:00,GOES-19,Brasil,TOCANTINS,NATIVIDADE,Cerrado,4.0,0.0,0.6,95.3,-11.591,-47.4496
2026/05/27 23:10:00,GOES-19,Brasil,MATO GROSSO,SANTA RITA DO TRIVELATO,Cerrado,10.0,0.3,0.28,63.3,-13.6473,-55.2943
2026/05/27 23:10:00,GOES-19,Brasil,SÃO PAULO,MOCOCA,Cerrado,7.0,0.0,1.0,67.9,-21.5498,-47.0429
2026/05/27 23:10:00,GOES-19,Brasil,TOCANTINS,GUARAÍ,Cerrado,14.0,0.0,0.31,57.3,-8.7211,-48.3222
2026/05/27 23:10:00,GOES-19,Brasil,TOCANTINS,GUARAÍ,Cerrado,16.0,0.0,0.47,61.6,-8.6837,-48.304
2026/05/27 23:10:00,GOES-19,Brasil,PIAUÍ,SANTA FILOMENA,Cerrado,32.0,0.0,0.82,84.6,-9.3616,-45.4516
2026/05/27 23:20:00,GOES-19,Brasil,MATO GROSSO,SANTA RITA DO TRIVELATO,Cerrado,10.0,0.3,0.28,66.2,-13.6473,-55.2943
2026/05/27 23:20:00,GOES-19,Brasil,MATO GROSSO,NOVA UBIRATÃ,Amazônia,11.0,0.37,0.32,46.8,-13.2377,-54.5161
2026/05/27 23:20:00,GOES-19,Brasil,PIAUÍ,SANTA FILOMENA,Cerrado,36.0,0.0,0.85,109.4,-9.3423,-45.4765
2026/05/27 23:20:00,GOES-19,Brasil,MATO GROSSO,NOVA UBIRATÃ,Amazônia,11.0,0.56,0.31,182.4,-13.2189,-54.4975
2026/05/27 23:20:00,GOES-19,Brasil,MATO GROSSO,NOVA UBIRATÃ,Amazônia,10.0,0.47,0.31,160.6,-13.2186,-54.5182
2026/05/27 23:20:00,GOES-19,Brasil,PIAUÍ,SANTA FILOMENA,Cerrado,35.0,0.0,1.0,56.4,-9.3427,-45.4537
2026/05/27 23:20:00,GOES-19,Brasil,MATO GROSSO,NOVA UBIRATÃ,Amazônia,10.0,0.66,0.3,95.6,-13.1995,-54.5202
2026/05/27 23:20:00,GOES-19,Brasil,MATO GROSSO,NOVA UBIRATÃ,Amazônia,10.0,0.65,0.3,94.7,-13.1998,-54.4996
2026/05/27 23:20:00,GOES-19,Brasil,PIAUÍ,SANTA FILOMENA,Cerrado,33.0,0.0,0.91,76.5,-9.3613,-45.4744
2026/05/27 23:20:00,GOES-19,Brasil,MATO GROSSO,NOVA UBIRATÃ,Amazônia,11.0,0.37,0.33,68.6,-13.238,-54.4955
2026/05/27 23:20:00,GOES-19,Brasil,MATO GROSSO,SÃO FÉLIX DO ARAGUAIA,Amazônia,12.0,0.0,0.27,69.2,-11.4724,-52.9193
2026/05/27 23:20:00,GOES-19,Brasil,PIAUÍ,SANTA FILOMENA,Cerrado,32.0,0.0,0.82,62.1,-9.3616,-45.4516
2026/05/27 23:20:00,GOES-19,Brasil,TOCANTINS,GUARAÍ,Cerrado,14.0,0.0,0.31,54.0,-8.7211,-48.3222
2026/05/27 23:20:00,GOES-19,Brasil,TOCANTINS,NATIVIDADE,Cerrado,4.0,0.0,0.6,109.7,-11.591,-47.4496
2026/05/27 23:30:00,GOES-19,Brasil,PIAUÍ,SANTA FILOMENA,Cerrado,32.0,0.0,0.82,66.5,-9.3616,-45.4516
2026/05/27 23:30:00,GOES-19,Brasil,PIAUÍ,SANTA FILOMENA,Cerrado,36.0,0.0,0.85,118.3,-9.3423,-45.4765
2026/05/27 23:30:00,GOES-19,Brasil,PIAUÍ,SANTA FILOMENA,Cerrado,33.0,0.0,0.91,75.6,-9.3613,-45.4744
2026/05/27 23:30:00,GOES-19,Brasil,MATO GROSSO,SÃO FÉLIX DO ARAGUAIA,Amazônia,12.0,0.0,0.27,70.7,-11.4724,-52.9193
2026/05/27 23:30:00,GOES-19,Brasil,TOCANTINS,NATIVIDADE,Cerrado,4.0,0.0,0.6,111.2,-11.591,-47.4496
2026/05/27 23:30:00,GOES-19,Brasil,PIAUÍ,SANTA FILOMENA,Cerrado,35.0,0.0,1.0,69.2,-9.3427,-45.4537
2026/05/27 23:40:00,GOES-19,Brasil,MATO GROSSO,NOVA UBIRATÃ,Amazônia,10.0,0.66,0.3,102.4,-13.1995,-54.5202
2026/05/27 23:40:00,GOES-19,Brasil,MATO GROSSO,NOVA UBIRATÃ,Amazônia,11.0,0.56,0.31,154.2,-13.2189,-54.4975
2026/05/27 23:40:00,GOES-19,Brasil,MATO GROSSO,NOVA UBIRATÃ,Amazônia,10.0,0.47,0.31,143.4,-13.2186,-54.5182
2026/05/27 23:40:00,GOES-19,Brasil,PIAUÍ,SANTA FILOMENA,Cerrado,35.0,0.0,1.0,74.9,-9.3427,-45.4537
2026/05/27 23:40:00,GOES-19,Brasil,PIAUÍ,SANTA FILOMENA,Cerrado,36.0,0.0,0.85,101.0,-9.3423,-45.4765
2026/05/27 23:40:00,GOES-19,Brasil,MATO GROSSO,SÃO FÉLIX DO ARAGUAIA,Amazônia,12.0,0.0,0.27,73.1,-11.4724,-52.9193
2026/05/27 23:40:00,GOES-19,Brasil,TOCANTINS,NATIVIDADE,Cerrado,4.0,0.0,0.6,106.5,-11.591,-47.4496
2026/05/27 23:40:00,GOES-19,Brasil,PIAUÍ,SANTA FILOMENA,Cerrado,33.0,0.0,0.91,72.0,-9.3613,-45.4744
2026/05/27 23:40:00,GOES-19,Brasil,PIAUÍ,SANTA FILOMENA,Cerrado,32.0,0.0,0.82,68.1,-9.3616,-45.4516
2026/05/27 23:40:00,GOES-19,Brasil,MATO GROSSO,NOVA UBIRATÃ,Amazônia,10.0,0.65,0.3,104.3,-13.1998,-54.4996
2026/05/27 23:40:00,GOES-19,Brasil,MATO GROSSO,NOVA UBIRATÃ,Amazônia,11.0,0.37,0.33,40.3,-13.238,-54.4955
2026/05/27 23:50:00,GOES-19,Brasil,MATO GROSSO,NOVA UBIRATÃ,Amazônia,11.0,0.37,0.32,56.5,-13.2377,-54.5161
2026/05/27 23:50:00,GOES-19,Brasil,PIAUÍ,SANTA FILOMENA,Cerrado,32.0,0.0,0.82,89.6,-9.3616,-45.4516
2026/05/27 23:50:00,GOES-19,Brasil,TOCANTINS,NATIVIDADE,Cerrado,4.0,0.0,0.6,105.5,-11.591,-47.4496
2026/05/27 23:50:00,GOES-19,Brasil,PIAUÍ,SANTA FILOMENA,Cerrado,36.0,0.0,0.85,80.4,-9.3423,-45.4765
2026/05/27 23:50:00,GOES-19,Brasil,MATO GROSSO,NOVA UBIRATÃ,Amazônia,11.0,0.37,0.33,63.8,-13.238,-54.4955
2026/05/27 23:50:00,GOES-19,Brasil,PIAUÍ,SANTA FILOMENA,Cerrado,33.0,0.0,0.91,92.7,-9.3613,-45.4744
2026/05/27 23:50:00,GOES-19,Brasil,MATO GROSSO,SÃO FÉLIX DO ARAGUAIA,Amazônia,12.0,0.0,0.27,72.4,-11.4724,-52.9193
2026/05/27 23:50:00,GOES-19,Brasil,MATO GROSSO,NOVA UBIRATÃ,Amazônia,10.0,0.65,0.3,113.8,-13.1998,-54.4996
2026/05/27 23:50:00,GOES-19,Brasil,MATO GROSSO,NOVA UBIRATÃ,Amazônia,10.0,0.66,0.3,114.2,-13.1995,-54.5202
2026/05/27 23:50:00,GOES-19,Brasil,MATO GROSSO,NOVA UBIRATÃ,Amazônia,10.0,0.47,0.31,194.4,-13.2186,-54.5182
2026/05/27 23:50:00,GOES-19,Brasil,PIAUÍ,SANTA FILOMENA,Cerrado,35.0,0.0,1.0,64.1,-9.3427,-45.4537
2026/05/27 23:50:00,GOES-19,Brasil,MATO GROSSO,NOVA UBIRATÃ,Amazônia,11.0,0.56,0.31,200.7,-13.2189,-54.4975
2026/05/28 00:00:00,GOES-19,Brasil,PIAUÍ,SANTA FILOMENA,Cerrado,,,,108.3,-9.3616,-45.4516
2026/05/28 00:00:00,GOES-19,Brasil,PIAUÍ,SANTA FILOMENA,Cerrado,,,,91.7,-9.3613,-45.4744
2026/05/28 00:00:00,GOES-19,Brasil,TOCANTINS,NATIVIDADE,Cerrado,,,,109.6,-11.591,-47.4496
2026/05/28 00:00:00,GOES-19,Brasil,PIAUÍ,SANTA FILOMENA,Cerrado,,,,74.0,-9.3423,-45.4765
2026/05/28 00:00:00,GOES-19,Brasil,TOCANTINS,NATIVIDADE,Cerrado,,,,55.0,-11.6101,-47.4471
2026/05/28 00:00:00,GOES-19,Brasil,PIAUÍ,SANTA FILOMENA,Cerrado,,,,65.0,-9.3427,-45.4537
2026/05/28 00:00:00,GOES-19,Brasil,MATO GROSSO,SÃO FÉLIX DO ARAGUAIA,Amazônia,,,,76.4,-11.4724,-52.9193
2026/05/28 00:07:00,TERRA_M-M,Brasil,SÃO PAULO,MOCOCA,Cerrado,,,,13.1,-21.43019,-47.06113
2026/05/28 00:07:00,TERRA_M-M,Brasil,MINAS GERAIS,FORTALEZA DE MINAS,Mata Atlântica,,,,6.0,-20.91679,-46.79407
2026/05/28 00:07:00,TERRA_M-M,Brasil,SÃO PAULO,ARIRANHA,Mata Atlântica,,,,10.4,-21.22513,-48.72402
2026/05/28 00:07:00,TERRA_M-M,Brasil,MINAS GERAIS,FORTALEZA DE MINAS,Mata Atlântica,,,,8.2,-20.91553,-46.78462
2026/05/28 00:07:00,TERRA_M-M,Brasil,SÃO PAULO,MOCOCA,Cerrado,,,,17.7,-21.54852,-47.05093
2026/05/28 00:07:00,TERRA_M-M,Brasil,SÃO PAULO,MOCOCA,Cerrado,,,,21.9,-21.53885,-47.04837
2026/05/28 00:07:00,TERRA_M-M,Brasil,SÃO PAULO,MOCOCA,Cerrado,,,,18.8,-21.42249,-47.0723
2026/05/28 00:07:00,TERRA_M-M,Brasil,SÃO PAULO,MOCOCA,Cerrado,,,,15.2,-21.4212,-47.0625
2026/05/28 00:07:00,TERRA_M-M,Brasil,SÃO PAULO,ITÁPOLIS,Cerrado,,,,21.7,-21.54061,-48.89668
2026/05/28 00:07:00,TERRA_M-M,Brasil,SÃO PAULO,MOCOCA,Cerrado,,,,10.9,-21.43148,-47.07094
2026/05/28 00:07:00,TERRA_M-M,Brasil,SÃO PAULO,ITÁPOLIS,Cerrado,,,,8.9,-21.54202,-48.90848
2026/05/28 00:07:00,TERRA_M-M,Brasil,SÃO PAULO,MOCOCA,Cerrado,,,,4.6,-21.53755,-47.03854
2026/05/28 00:07:00,TERRA_M-M,Brasil,SÃO PAULO,MOCOCA,Cerrado,,,,7.4,-21.42377,-47.08205
2026/05/28 00:07:00,TERRA_M-M,Brasil,SÃO PAULO,MOCOCA,Cerrado,,,,16.7,-21.54726,-47.04112
2026/05/28 00:07:00,TERRA_M-M,Brasil,SÃO PAULO,BOA ESPERANÇA DO SUL,Cerrado,,,,17.0,-21.99458,-48.34272
2026/05/28 00:07:00,TERRA_M-M,Brasil,SÃO PAULO,BOA ESPERANÇA DO SUL,Cerrado,,,,6.6,-21.99593,-48.3539
2026/05/28 00:07:00,TERRA_M-M,Brasil,GOIÁS,JATAÍ,Cerrado,,,,10.7,-17.92485,-51.34765
2026/05/28 00:07:00,TERRA_M-M,Brasil,GOIÁS,JATAÍ,Cerrado,,,,13.3,-17.92309,-51.33258
2026/05/28 00:09:00,TERRA_M-M,Brasil,MATO GROSSO,SANTA CRUZ DO XINGU,Amazônia,,,,11.9,-10.13214,-52.40214
2026/05/28 00:09:00,TERRA_M-M,Brasil,MATO GROSSO,UNIÃO DO SUL,Amazônia,,,,21.1,-11.29564,-54.02902
2026/05/28 00:09:00,TERRA_M-M,Brasil,MARANHÃO,RIACHÃO,Cerrado,,,,9.3,-7.35018,-46.21405
2026/05/28 00:09:00,TERRA_M-M,Brasil,TOCANTINS,NATIVIDADE,Cerrado,,,,4.9,-11.58692,-47.46266
2026/05/28 00:09:00,TERRA_M-M,Brasil,TOCANTINS,LAGOA DA CONFUSÃO,Cerrado,,,,6.6,-10.65137,-49.72576
2026/05/28 00:09:00,TERRA_M-M,Brasil,TOCANTINS,GUARAÍ,Cerrado,,,,25.3,-8.72927,-48.33449
2026/05/28 00:09:00,TERRA_M-M,Brasil,MATO GROSSO,PORTO DOS GAÚCHOS,Amazônia,,,,42.2,-11.62968,-56.8616
2026/05/28 00:09:00,TERRA_M-M,Brasil,BAHIA,SÃO DESIDÉRIO,Cerrado,,,,16.9,-12.69471,-44.79446
2026/05/28 00:09:00,TERRA_M-M,Brasil,TOCANTINS,GUARAÍ,Cerrado,,,,62.3,-8.72804,-48.32561
2026/05/28 00:09:00,TERRA_M-M,Brasil,PIAUÍ,SANTA FILOMENA,Cerrado,,,,36.5,-9.33994,-45.46973
2026/05/28 00:09:00,TERRA_M-M,Brasil,PARÁ,CUMARU DO NORTE,Amazônia,,,,11.4,-9.14464,-51.29271
2026/05/28 00:09:00,TERRA_M-M,Brasil,TOCANTINS,CONCEIÇÃO DO TOCANTINS,Cerrado,,,,5.8,-11.99613,-47.15932
2026/05/28 00:09:00,TERRA_M-M,Brasil,TOCANTINS,NATIVIDADE,Cerrado,,,,24.1,-11.58564,-47.45356
2026/05/28 00:09:00,TERRA_M-M,Brasil,TOCANTINS,GUARAÍ,Cerrado,,,,40.5,-8.6803,-48.30533
2026/05/28 00:09:00,TERRA_M-M,Brasil,MATO GROSSO,SANTA RITA DO TRIVELATO,Cerrado,,,,35.9,-13.64722,-55.29732
2026/05/28 00:09:00,TERRA_M-M,Brasil,TOCANTINS,SÃO VALÉRIO,Cerrado,,,,5.9,-11.82705,-48.20758
2026/05/28 00:09:00,TERRA_M-M,Brasil,BAHIA,SÃO DESIDÉRIO,Cerrado,,,,12.8,-12.69304,-44.78334
2026/05/28 00:09:00,TERRA_M-M,Brasil,TOCANTINS,GUARAÍ,Cerrado,,,,6.4,-8.68153,-48.31421
2026/05/28 00:09:00,TERRA_M-M,Brasil,TOCANTINS,DIVINÓPOLIS DO TOCANTINS,Cerrado,,,,17.9,-9.7362,-49.22055
2026/05/28 00:09:00,TERRA_M-M,Brasil,MATO GROSSO,NOVA UBIRATÃ,Amazônia,,,,170.4,-13.21692,-54.51477
2026/05/28 00:09:00,TERRA_M-M,Brasil,TOCANTINS,SÃO SALVADOR DO TOCANTINS,Cerrado,,,,8.8,-12.55728,-48.35653
2026/05/28 00:09:00,TERRA_M-M,Brasil,TOCANTINS,NATIVIDADE,Cerrado,,,,24.5,-11.59322,-47.44324
2026/05/28 00:09:00,TERRA_M-M,Brasil,MATO GROSSO,UNIÃO DO SUL,Amazônia,,,,21.0,-11.30092,-54.04079
2026/05/28 00:09:00,TERRA_M-M,Brasil,TOCANTINS,RIO DOS BOIS,Cerrado,,,,9.8,-9.29031,-48.58826
2026/05/28 00:09:00,TERRA_M-M,Brasil,TOCANTINS,MIRACEMA DO TOCANTINS,Cerrado,,,,20.3,-9.3892,-48.4411
2026/05/28 00:09:00,TERRA_M-M,Brasil,MATO GROSSO,NOVA UBIRATÃ,Amazônia,,,,39.5,-13.22772,-54.49196
2026/05/28 00:09:00,TERRA_M-M,Brasil,TOCANTINS,PARANÃ,Cerrado,,,,19.4,-12.32824,-47.89717
2026/05/28 00:09:00,TERRA_M-M,Brasil,TOCANTINS,DIVINÓPOLIS DO TOCANTINS,Cerrado,,,,10.7,-9.74385,-49.21024
2026/05/28 00:09:00,TERRA_M-M,Brasil,MATO GROSSO,SANTA RITA DO TRIVELATO,Cerrado,,,,23.5,-13.65418,-55.31552
2026/05/28 00:09:00,TERRA_M-M,Brasil,PIAUÍ,SANTA FILOMENA,Cerrado,,,,96.2,-9.35086,-45.46218
2026/05/28 00:09:00,TERRA_M-M,Brasil,MATO GROSSO,SANTA RITA DO TRIVELATO,Cerrado,,,,35.2,-13.6515,-55.29033
2026/05/28 00:09:00,TERRA_M-M,Brasil,MATO GROSSO,SÃO FÉLIX DO ARAGUAIA,Amazônia,,,,49.0,-11.46736,-52.92032
2026/05/28 00:09:00,TERRA_M-M,Brasil,PIAUÍ,SANTA FILOMENA,Cerrado,,,,63.7,-9.36065,-45.46062
2026/05/28 00:09:00,TERRA_M-M,Brasil,BAHIA,IUIU,Cerrado,,,,9.4,-14.39565,-43.52123
2026/05/28 00:09:00,TERRA_M-M,Brasil,PIAUÍ,SANTA FILOMENA,Cerrado,,,,73.8,-9.34275,-45.47486
2026/05/28 00:09:00,TERRA_M-M,Brasil,TOCANTINS,DOIS IRMÃOS DO TOCANTINS,Cerrado,,,,13.9,-9.44142,-48.88654
2026/05/28 00:09:00,TERRA_M-M,Brasil,TOCANTINS,NATIVIDADE,Cerrado,,,,7.6,-11.60206,-47.44192
2026/05/28 00:09:00,TERRA_M-M,Brasil,MATO GROSSO,SÃO FÉLIX DO ARAGUAIA,Amazônia,,,,41.9,-11.47864,-52.9189
2026/05/28 00:09:00,TERRA_M-M,Brasil,PIAUÍ,SANTA FILOMENA,Cerrado,,,,24.2,-9.34155,-45.4809
2026/05/28 00:09:00,TERRA_M-M,Brasil,TOCANTINS,TOCANTÍNIA,Cerrado,,,,20.3,-9.75354,-48.06849
2026/05/28 00:09:00,TERRA_M-M,Brasil,TOCANTINS,GUARAÍ,Cerrado,,,,12.5,-8.72046,-48.33575
2026/05/28 00:09:00,TERRA_M-M,Brasil,MATO GROSSO,QUERÊNCIA,Amazônia,,,,8.6,-11.64262,-52.85556
2026/05/28 00:09:00,TERRA_M-M,Brasil,PIAUÍ,SANTA FILOMENA,Cerrado,,,,7.4,-9.34107,-45.4637
2026/05/28 00:09:00,TERRA_M-M,Brasil,TOCANTINS,DIVINÓPOLIS DO TOCANTINS,Cerrado,,,,14.1,-9.73497,-49.2115
2026/05/28 00:09:00,TERRA_M-M,Brasil,TOCANTINS,GUARAÍ,Cerrado,,,,6.4,-8.68911,-48.30406
2026/05/28 00:09:00,TERRA_M-M,Brasil,TOCANTINS,NATIVIDADE,Cerrado,,,,9.9,-11.59576,-47.46137
2026/05/28 00:09:00,TERRA_M-M,Brasil,MARANHÃO,MIRADOR,Cerrado,,,,12.4,-6.5346,-44.68882
2026/05/28 00:09:00,TERRA_M-M,Brasil,TOCANTINS,TAGUATINGA,Cerrado,,,,6.3,-12.45927,-46.52629
2026/05/28 00:09:00,TERRA_M-M,Brasil,MATO GROSSO,SANTA CRUZ DO XINGU,Amazônia,,,,14.3,-10.14274,-52.40072
2026/05/28 00:09:00,TERRA_M-M,Brasil,BAHIA,COCOS,Cerrado,,,,5.5,-14.78333,-45.62865
2026/05/28 00:09:00,TERRA_M-M,Brasil,MINAS GERAIS,UNAÍ,Cerrado,,,,12.1,-16.35375,-47.35186
2026/05/28 00:09:00,TERRA_M-M,Brasil,MATO GROSSO,NOVA UBIRATÃ,Amazônia,,,,54.5,-13.21453,-54.49339
2026/05/28 00:09:00,TERRA_M-M,Brasil,PARÁ,CUMARU DO NORTE,Amazônia,,,,28.9,-9.14324,-51.28182
2026/05/28 00:09:00,TERRA_M-M,Brasil,MATO GROSSO,UNIÃO DO SUL,Amazônia,,,,12.1,-11.29879,-54.02218
2026/05/28 00:09:00,TERRA_M-M,Brasil,MARANHÃO,LORETO,Cerrado,,,,36.2,-7.009,-45.00603
2026/05/28 00:09:00,TERRA_M-M,Brasil,PIAUÍ,SANTA FILOMENA,Cerrado,,,,33.8,-9.36231,-45.47182
2026/05/28 00:09:00,TERRA_M-M,Brasil,MARANHÃO,MIRADOR,Cerrado,,,,25.4,-6.54544,-44.68731
2026/05/28 00:09:00,TERRA_M-M,Brasil,PARÁ,SANTA MARIA DAS BARREIRAS,Amazônia,,,,9.7,-8.40131,-50.24775
2026/05/28 00:09:00,TERRA_M-M,Brasil,MATO GROSSO,NOVA UBIRATÃ,Amazônia,,,,45.8,-13.23014,-54.51343
2026/05/28 00:09:00,TERRA_M-M,Brasil,MARANHÃO,LORETO,Cerrado,,,,11.6,-7.0071,-44.99319
2026/05/28 00:09:00,TERRA_M-M,Brasil,TOCANTINS,NATIVIDADE,Cerrado,,,,119.1,-11.59448,-47.45225
2026/05/28 00:09:00,TERRA_M-M,Brasil,TOCANTINS,DOIS IRMÃOS DO TOCANTINS,Cerrado,,,,11.4,-9.44264,-48.89546
2026/05/28 00:09:00,TERRA_M-M,Brasil,PARÁ,SANTANA DO ARAGUAIA,Amazônia,,,,10.1,-9.33021,-50.45249
2026/05/28 00:09:00,TERRA_M-M,Brasil,TOCANTINS,NATIVIDADE,Cerrado,,,,11.1,-11.60332,-47.45093
2026/05/28 00:09:00,TERRA_M-M,Brasil,MATO GROSSO,NOVA UBIRATÃ,Amazônia,,,,67.9,-13.20443,-54.501
2026/05/28 00:09:00,TERRA_M-M,Brasil,PIAUÍ,SANTA FILOMENA,Cerrado,,,,119.8,-9.35253,-45.47335
2026/05/28 00:09:00,TERRA_M-M,Brasil,TOCANTINS,LAGOA DA CONFUSÃO,Cerrado,,,,7.1,-10.65265,-49.73526
2026/05/28 00:09:00,TERRA_M-M,Brasil,TOCANTINS,SÃO VALÉRIO,Cerrado,,,,7.1,-11.82828,-48.21655
2026/05/28 00:09:00,TERRA_M-M,Brasil,TOCANTINS,MIRACEMA DO TOCANTINS,Cerrado,,,,18.4,-9.40072,-48.4427
2026/05/28 00:09:00,TERRA_M-M,Brasil,MARANHÃO,ALTO PARNAÍBA,Cerrado,,,,19.7,-9.05243,-46.30575
2026/05/28 00:09:00,TERRA_M-M,Brasil,TOCANTINS,MIRACEMA DO TOCANTINS,Cerrado,,,,6.1,-10.04092,-48.68623
2026/05/28 00:09:00,TERRA_M-M,Brasil,TOCANTINS,CONCEIÇÃO DO TOCANTINS,Cerrado,,,,19.5,-11.97134,-47.38145
2026/05/28 00:09:00,TERRA_M-M,Brasil,BAHIA,SANTA RITA DE CÁSSIA,Cerrado,,,,17.3,-10.95189,-44.17844
2026/05/28 00:09:00,TERRA_M-M,Brasil,TOCANTINS,PUGMIL,Cerrado,,,,24.1,-10.47836,-48.91313
2026/05/28 00:09:00,TERRA_M-M,Brasil,BAHIA,SERRA DO RAMALHO,Cerrado,,,,7.4,-13.32114,-43.73412
2026/05/28 00:09:00,TERRA_M-M,Brasil,TOCANTINS,MIRANORTE,Cerrado,,,,17.9,-9.2815,-48.58952
2026/05/28 00:09:00,TERRA_M-M,Brasil,TOCANTINS,CONCEIÇÃO DO TOCANTINS,Cerrado,,,,6.4,-11.97008,-47.37243
2026/05/28 00:09:00,TERRA_M-M,Brasil,BAHIA,BAIANÓPOLIS,Cerrado,,,,8.0,-12.60242,-44.52461
2026/05/28 00:09:00,TERRA_M-M,Brasil,MINAS GERAIS,UNAÍ,Cerrado,,,,5.2,-16.35251,-47.3427
2026/05/28 00:09:00,TERRA_M-M,Brasil,TOCANTINS,PUGMIL,Cerrado,,,,8.9,-10.47715,-48.90412
2026/05/28 00:09:00,TERRA_M-M,Brasil,PARÁ,CONCEIÇÃO DO ARAGUAIA,Amazônia,,,,7.7,-8.22289,-49.67481
2026/05/28 00:09:00,TERRA_M-M,Brasil,TOCANTINS,APARECIDA DO RIO NEGRO,Cerrado,,,,12.0,-9.94018,-48.02023
2026/05/28 00:09:00,TERRA_M-M,Brasil,TOCANTINS,NATIVIDADE,Cerrado,,,,26.4,-11.58438,-47.44454
2026/05/28 00:09:00,TERRA_M-M,Brasil,TOCANTINS,ITACAJÁ,Cerrado,,,,18.8,-8.71154,-47.80251
2026/05/28 00:09:00,TERRA_M-M,Brasil,TOCANTINS,CENTENÁRIO,Cerrado,,,,7.8,-9.22575,-47.52461
2026/05/28 00:09:00,TERRA_M-M,Brasil,BAHIA,SANTA RITA DE CÁSSIA,Cerrado,,,,11.9,-10.91013,-44.18517
2026/05/28 00:09:00,TERRA_M-M,Brasil,MATO GROSSO,QUERÊNCIA,Amazônia,,,,9.4,-11.64442,-52.87059
2026/05/28 00:09:00,TERRA_M-M,Brasil,TOCANTINS,PORTO NACIONAL,Cerrado,,,,9.4,-10.62841,-48.33199
2026/05/28 00:09:00,TERRA_M-M,Brasil,BAHIA,SÃO DESIDÉRIO,Cerrado,,,,9.3,-12.81815,-44.87111
2026/05/28 00:10:00,GOES-19,Brasil,PIAUÍ,SANTA FILOMENA,Cerrado,,,,59.8,-9.3427,-45.4537
2026/05/28 00:10:00,GOES-19,Brasil,PIAUÍ,SANTA FILOMENA,Cerrado,,,,91.4,-9.3613,-45.4744
2026/05/28 00:10:00,GOES-19,Brasil,PIAUÍ,SANTA FILOMENA,Cerrado,,,,98.2,-9.3616,-45.4516
2026/05/28 00:10:00,GOES-19,Brasil,TOCANTINS,NATIVIDADE,Cerrado,,,,95.7,-11.591,-47.4496
2026/05/28 00:10:00,GOES-19,Brasil,PIAUÍ,SANTA FILOMENA,Cerrado,,,,68.9,-9.3423,-45.4765
2026/05/28 00:10:00,GOES-19,Brasil,MATO GROSSO,SÃO FÉLIX DO ARAGUAIA,Amazônia,,,,41.7,-11.4724,-52.9193
2026/05/28 00:11:00,TERRA_M-M,Brasil,MARANHÃO,BARRA DO CORDA,Cerrado,,,,32.6,-5.79771,-45.13531
2026/05/28 00:11:00,TERRA_M-M,Brasil,MARANHÃO,BARRA DO CORDA,Cerrado,,,,16.4,-5.79323,-45.14167
2026/05/28 00:11:00,TERRA_M-M,Brasil,MARANHÃO,BARRA DO CORDA,Cerrado,,,,14.1,-5.80638,-45.12079
2026/05/28 00:11:00,TERRA_M-M,Brasil,MARANHÃO,BARRA DO CORDA,Cerrado,,,,12.1,-5.7914,-45.12887
2026/05/28 00:11:00,TERRA_M-M,Brasil,MARANHÃO,CAPINZAL DO NORTE,Cerrado,,,,8.3,-4.60331,-44.3033
2026/05/28 00:11:00,TERRA_M-M,Brasil,MARANHÃO,BARRA DO CORDA,Cerrado,,,,9.7,-5.80828,-45.13361
2026/05/28 00:20:00,GOES-19,Brasil,MATO GROSSO,NOVA UBIRATÃ,Amazônia,,,,44.3,-13.1995,-54.5202
2026/05/28 00:20:00,GOES-19,Brasil,PIAUÍ,SANTA FILOMENA,Cerrado,,,,52.6,-9.3427,-45.4537
2026/05/28 00:20:00,GOES-19,Brasil,MATO GROSSO,SÃO FÉLIX DO ARAGUAIA,Amazônia,,,,63.2,-11.4724,-52.9193
2026/05/28 00:20:00,GOES-19,Brasil,PIAUÍ,SANTA FILOMENA,Cerrado,,,,87.7,-9.3613,-45.4744
2026/05/28 00:20:00,GOES-19,Brasil,PIAUÍ,SANTA FILOMENA,Cerrado,,,,89.6,-9.3616,-45.4516
2026/05/28 00:20:00,GOES-19,Brasil,TOCANTINS,NATIVIDADE,Cerrado,,,,103.6,-11.591,-47.4496
2026/05/28 00:20:00,GOES-19,Brasil,MATO GROSSO,NOVA UBIRATÃ,Amazônia,,,,59.3,-13.2186,-54.5182
2026/05/28 00:20:00,GOES-19,Brasil,MATO GROSSO,NOVA UBIRATÃ,Amazônia,,,,63.7,-13.2189,-54.4975
2026/05/28 00:20:00,GOES-19,Brasil,PIAUÍ,SANTA FILOMENA,Cerrado,,,,68.7,-9.3423,-45.4765
2026/05/28 00:30:00,GOES-19,Brasil,PIAUÍ,SANTA FILOMENA,Cerrado,,,,54.1,-9.3423,-45.4765
2026/05/28 00:30:00,GOES-19,Brasil,MATO GROSSO,NOVA UBIRATÃ,Amazônia,,,,46.9,-13.238,-54.4955
2026/05/28 00:30:00,GOES-19,Brasil,PIAUÍ,SANTA FILOMENA,Cerrado,,,,82.0,-9.3616,-45.4516
2026/05/28 00:30:00,GOES-19,Brasil,PIAUÍ,SANTA FILOMENA,Cerrado,,,,79.0,-9.3613,-45.4744
2026/05/28 00:30:00,GOES-19,Brasil,MATO GROSSO,NOVA UBIRATÃ,Amazônia,,,,98.4,-13.1998,-54.4996
2026/05/28 00:30:00,GOES-19,Brasil,MATO GROSSO,NOVA UBIRATÃ,Amazônia,,,,163.4,-13.2189,-54.4975
2026/05/28 00:30:00,GOES-19,Brasil,MATO GROSSO,NOVA UBIRATÃ,Amazônia,,,,42.6,-13.2377,-54.5161
2026/05/28 00:30:00,GOES-19,Brasil,MATO GROSSO,SÃO FÉLIX DO ARAGUAIA,Amazônia,,,,64.6,-11.4724,-52.9193
2026/05/28 00:30:00,GOES-19,Brasil,MATO GROSSO,NOVA UBIRATÃ,Amazônia,,,,156.5,-13.2186,-54.5182
2026/05/28 00:30:00,GOES-19,Brasil,MATO GROSSO,NOVA UBIRATÃ,Amazônia,,,,102.9,-13.1995,-54.5202
2026/05/28 00:30:00,GOES-19,Brasil,TOCANTINS,NATIVIDADE,Cerrado,,,,88.0,-11.591,-47.4496
2026/05/28 00:40:00,GOES-19,Brasil,MATO GROSSO,NOVA UBIRATÃ,Amazônia,,,,130.2,-13.2186,-54.5182
2026/05/28 00:40:00,GOES-19,Brasil,MATO GROSSO,NOVA UBIRATÃ,Amazônia,,,,49.7,-13.2377,-54.5161
2026/05/28 00:40:00,GOES-19,Brasil,TOCANTINS,NATIVIDADE,Cerrado,,,,106.1,-11.591,-47.4496
2026/05/28 00:40:00,GOES-19,Brasil,MATO GROSSO,NOVA UBIRATÃ,Amazônia,,,,78.1,-13.1998,-54.4996
2026/05/28 00:40:00,GOES-19,Brasil,MATO GROSSO,NOVA UBIRATÃ,Amazônia,,,,76.4,-13.1995,-54.5202
2026/05/28 00:40:00,GOES-19,Brasil,PIAUÍ,SANTA FILOMENA,Cerrado,,,,67.8,-9.3613,-45.4744
2026/05/28 00:40:00,GOES-19,Brasil,PIAUÍ,SANTA FILOMENA,Cerrado,,,,59.4,-9.3423,-45.4765
2026/05/28 00:40:00,GOES-19,Brasil,MATO GROSSO,NOVA UBIRATÃ,Amazônia,,,,65.8,-13.238,-54.4955
2026/05/28 00:40:00,GOES-19,Brasil,PIAUÍ,SANTA FILOMENA,Cerrado,,,,71.0,-9.3616,-45.4516
2026/05/28 00:40:00,GOES-19,Brasil,MATO GROSSO,NOVA UBIRATÃ,Amazônia,,,,149.3,-13.2189,-54.4975
2026/05/28 00:50:00,GOES-19,Brasil,MATO GROSSO,NOVA UBIRATÃ,Amazônia,,,,115.6,-13.1995,-54.5202
2026/05/28 00:50:00,GOES-19,Brasil,PIAUÍ,SANTA FILOMENA,Cerrado,,,,78.4,-9.3616,-45.4516
2026/05/28 00:50:00,GOES-19,Brasil,MATO GROSSO,NOVA UBIRATÃ,Amazônia,,,,161.9,-13.2186,-54.5182
2026/05/28 00:50:00,GOES-19,Brasil,MATO GROSSO,NOVA UBIRATÃ,Amazônia,,,,50.3,-13.2377,-54.5161
2026/05/28 00:50:00,GOES-19,Brasil,MATO GROSSO,NOVA UBIRATÃ,Amazônia,,,,109.9,-13.1998,-54.4996
2026/05/28 00:50:00,GOES-19,Brasil,PIAUÍ,SANTA FILOMENA,Cerrado,,,,78.3,-9.3613,-45.4744
2026/05/28 00:50:00,GOES-19,Brasil,MATO GROSSO,NOVA UBIRATÃ,Amazônia,,,,52.6,-13.238,-54.4955
2026/05/28 00:50:00,GOES-19,Brasil,MATO GROSSO,NOVA UBIRATÃ,Amazônia,,,,159.0,-13.2189,-54.4975
2026/05/28 00:50:00,GOES-19,Brasil,TOCANTINS,NATIVIDADE,Cerrado,,,,119.0,-11.591,-47.4496
2026/05/28 01:00:00,GOES-19,Brasil,MATO GROSSO,NOVA UBIRATÃ,Amazônia,,,,44.2,-13.238,-54.4955
2026/05/28 01:00:00,GOES-19,Brasil,PIAUÍ,SANTA FILOMENA,Cerrado,,,,91.2,-9.3616,-45.4516
2026/05/28 01:00:00,GOES-19,Brasil,TOCANTINS,NATIVIDADE,Cerrado,,,,62.0,-11.6101,-47.4471
2026/05/28 01:00:00,GOES-19,Brasil,MATO GROSSO,NOVA UBIRATÃ,Amazônia,,,,50.1,-13.1995,-54.5202
2026/05/28 01:00:00,GOES-19,Brasil,MATO GROSSO,NOVA UBIRATÃ,Amazônia,,,,54.4,-13.1998,-54.4996
2026/05/28 01:00:00,GOES-19,Brasil,PIAUÍ,SANTA FILOMENA,Cerrado,,,,71.4,-9.3613,-45.4744
2026/05/28 01:00:00,GOES-19,Brasil,TOCANTINS,NATIVIDADE,Cerrado,,,,104.2,-11.591,-47.4496
2026/05/28 01:00:00,GOES-19,Brasil,MATO GROSSO,NOVA UBIRATÃ,Amazônia,,,,109.7,-13.2189,-54.4975
2026/05/28 01:00:00,GOES-19,Brasil,MATO GROSSO,NOVA UBIRATÃ,Amazônia,,,,80.5,-13.2186,-54.5182
2026/05/28 01:00:00,GOES-19,Brasil,MATO GROSSO,SÃO FÉLIX DO ARAGUAIA,Amazônia,,,,68.6,-11.4724,-52.9193
2026/05/28 01:10:00,GOES-19,Brasil,PIAUÍ,SANTA FILOMENA,Cerrado,,,,60.1,-9.3423,-45.4765
2026/05/28 01:10:00,GOES-19,Brasil,PIAUÍ,SANTA FILOMENA,Cerrado,,,,82.4,-9.3613,-45.4744
2026/05/28 01:10:00,GOES-19,Brasil,PIAUÍ,SANTA FILOMENA,Cerrado,,,,77.8,-9.3616,-45.4516
2026/05/28 01:10:00,GOES-19,Brasil,TOCANTINS,NATIVIDADE,Cerrado,,,,97.3,-11.591,-47.4496
2026/05/28 01:12:00,METOP-B,Brasil,MATO GROSSO,SANTA RITA DO TRIVELATO,Cerrado,,,,,-13.652600288391113,-55.28879928588867
2026/05/28 01:12:00,METOP-B,Brasil,MATO GROSSO,SÃO FÉLIX DO ARAGUAIA,Amazônia,,,,,-11.475799560546875,-52.93659973144531
2026/05/28 01:12:00,METOP-B,Brasil,MATO GROSSO,CÁCERES,Pantanal,,,,,-16.168800354003906,-58.471099853515625
2026/05/28 01:12:00,METOP-B,Brasil,MATO GROSSO,SÃO FÉLIX DO ARAGUAIA,Amazônia,,,,,-11.468899726867676,-52.91080093383789
2026/05/28 01:12:00,METOP-B,Brasil,MATO GROSSO,PORTO DOS GAÚCHOS,Amazônia,,,,,-11.6318998336792,-56.85689926147461
2026/05/28 01:12:00,METOP-B,Brasil,MATO GROSSO,CÁCERES,Pantanal,,,,,-16.159099578857422,-58.47370147705078
2026/05/28 01:12:00,METOP-B,Brasil,GOIÁS,JATAÍ,Cerrado,,,,,-17.924699783325195,-51.34230041503906
2026/05/28 01:20:00,GOES-19,Brasil,PIAUÍ,SANTA FILOMENA,Cerrado,,,,74.8,-9.3613,-45.4744
2026/05/28 01:20:00,GOES-19,Brasil,PIAUÍ,SANTA FILOMENA,Cerrado,,,,73.6,-9.3423,-45.4765
2026/05/28 01:20:00,GOES-19,Brasil,PIAUÍ,SANTA FILOMENA,Cerrado,,,,72.1,-9.3616,-45.4516
2026/05/28 01:20:00,GOES-19,Brasil,TOCANTINS,NATIVIDADE,Cerrado,,,,103.0,-11.591,-47.4496
2026/05/28 01:30:00,GOES-19,Brasil,MATO GROSSO,NOVA UBIRATÃ,Amazônia,,,,47.7,-13.1995,-54.5202
2026/05/28 01:30:00,GOES-19,Brasil,MATO GROSSO,NOVA UBIRATÃ,Amazônia,,,,80.1,-13.2186,-54.5182
2026/05/28 01:30:00,GOES-19,Brasil,MATO GROSSO,NOVA UBIRATÃ,Amazônia,,,,87.0,-13.2189,-54.4975
2026/05/28 01:30:00,GOES-19,Brasil,MATO GROSSO,NOVA UBIRATÃ,Amazônia,,,,46.5,-13.1998,-54.4996
2026/05/28 01:30:00,GOES-19,Brasil,TOCANTINS,NATIVIDADE,Cerrado,,,,95.6,-11.591,-47.4496
2026/05/28 01:30:00,GOES-19,Brasil,PIAUÍ,SANTA FILOMENA,Cerrado,,,,64.1,-9.3616,-45.4516
2026/05/28 01:30:00,GOES-19,Brasil,PIAUÍ,SANTA FILOMENA,Cerrado,,,,69.5,-9.3423,-45.4765
2026/05/28 01:30:00,GOES-19,Brasil,PIAUÍ,SANTA FILOMENA,Cerrado,,,,67.6,-9.3613,-45.4744
2026/05/28 01:40:00,GOES-19,Brasil,PIAUÍ,SANTA FILOMENA,Cerrado,,,,57.1,-9.3616,-45.4516
2026/05/28 01:40:00,GOES-19,Brasil,PIAUÍ,SANTA FILOMENA,Cerrado,,,,54.5,-9.3423,-45.4765
2026/05/28 01:40:00,GOES-19,Brasil,PIAUÍ,SANTA FILOMENA,Cerrado,,,,54.6,-9.3613,-45.4744
2026/05/28 01:40:00,GOES-19,Brasil,TOCANTINS,NATIVIDADE,Cerrado,,,,87.9,-11.591,-47.4496
2026/05/28 01:50:00,GOES-19,Brasil,TOCANTINS,NATIVIDADE,Cerrado,,,,91.0,-11.591,-47.4496
2026/05/28 01:50:00,GOES-19,Brasil,MATO GROSSO,NOVA UBIRATÃ,Amazônia,,,,60.5,-13.2186,-54.5182
2026/05/28 01:50:00,GOES-19,Brasil,MATO GROSSO,NOVA UBIRATÃ,Amazônia,,,,70.5,-13.2189,-54.4975
2026/05/28 02:00:00,GOES-19,Brasil,MATO GROSSO,NOVA UBIRATÃ,Amazônia,,,,91.0,-13.2186,-54.5182
2026/05/28 02:00:00,GOES-19,Brasil,MATO GROSSO,NOVA UBIRATÃ,Amazônia,,,,87.8,-13.2189,-54.4975
2026/05/28 02:00:00,GOES-19,Brasil,TOCANTINS,NATIVIDADE,Cerrado,,,,58.9,-11.591,-47.4496
2026/05/28 02:00:00,GOES-19,Brasil,MATO GROSSO,NOVA UBIRATÃ,Amazônia,,,,56.1,-13.1998,-54.4996
2026/05/28 02:00:00,GOES-19,Brasil,MATO GROSSO,NOVA UBIRATÃ,Amazônia,,,,61.3,-13.1995,-54.5202
2026/05/28 02:10:00,GOES-19,Brasil,TOCANTINS,NATIVIDADE,Cerrado,,,,61.9,-11.591,-47.4496
2026/05/28 02:20:00,GOES-19,Brasil,TOCANTINS,NATIVIDADE,Cerrado,,,,87.3,-11.591,-47.4496
2026/05/28 02:30:00,GOES-19,Brasil,TOCANTINS,NATIVIDADE,Cerrado,,,,95.5,-11.591,-47.4496
2026/05/28 02:40:00,GOES-19,Brasil,MATO GROSSO,NOVA UBIRATÃ,Amazônia,,,,68.5,-13.2189,-54.4975
2026/05/28 02:40:00,GOES-19,Brasil,TOCANTINS,NATIVIDADE,Cerrado,,,,117.2,-11.591,-47.4496
2026/05/28 02:40:00,GOES-19,Brasil,MATO GROSSO,NOVA UBIRATÃ,Amazônia,,,,63.0,-13.1995,-54.5202
2026/05/28 02:40:00,GOES-19,Brasil,MATO GROSSO,NOVA UBIRATÃ,Amazônia,,,,69.1,-13.2186,-54.5182
2026/05/28 02:40:00,GOES-19,Brasil,MATO GROSSO,NOVA UBIRATÃ,Amazônia,,,,58.1,-13.1998,-54.4996
2026/05/28 02:50:00,GOES-19,Brasil,TOCANTINS,NATIVIDADE,Cerrado,,,,91.3,-11.591,-47.4496
2026/05/28 02:50:00,GOES-19,Brasil,MATO GROSSO,NOVA UBIRATÃ,Amazônia,,,,108.5,-13.2189,-54.4975
2026/05/28 02:50:00,GOES-19,Brasil,MATO GROSSO,NOVA UBIRATÃ,Amazônia,,,,102.9,-13.2186,-54.5182
2026/05/28 02:50:00,GOES-19,Brasil,MATO GROSSO,NOVA UBIRATÃ,Amazônia,,,,72.0,-13.1995,-54.5202
2026/05/28 03:00:00,GOES-19,Brasil,MATO GROSSO,NOVA UBIRATÃ,Amazônia,,,,63.2,-13.1995,-54.5202
2026/05/28 03:00:00,GOES-19,Brasil,MATO GROSSO,NOVA UBIRATÃ,Amazônia,,,,86.6,-13.2189,-54.4975
2026/05/28 03:00:00,GOES-19,Brasil,TOCANTINS,NATIVIDADE,Cerrado,,,,92.7,-11.591,-47.4496
2026/05/28 03:00:00,GOES-19,Brasil,MATO GROSSO,NOVA UBIRATÃ,Amazônia,,,,78.7,-13.2186,-54.5182
2026/05/28 03:02:00,NOAA-21,Brasil,MINAS GERAIS,MANTENA,Mata Atlântica,,,,3.5,-18.76134,-40.99947
2026/05/28 03:02:00,NOAA-21,Brasil,MINAS GERAIS,MANTENA,Mata Atlântica,,,,4.2,-18.76221,-40.99575
2026/05/28 03:10:00,GOES-19,Brasil,MATO GROSSO,NOVA UBIRATÃ,Amazônia,,,,71.5,-13.1998,-54.4996
2026/05/28 03:10:00,GOES-19,Brasil,TOCANTINS,NATIVIDADE,Cerrado,,,,85.8,-11.591,-47.4496
2026/05/28 03:10:00,GOES-19,Brasil,MATO GROSSO,NOVA UBIRATÃ,Amazônia,,,,68.3,-13.1995,-54.5202
2026/05/28 03:10:00,GOES-19,Brasil,MATO GROSSO,NOVA UBIRATÃ,Amazônia,,,,106.7,-13.2189,-54.4975
2026/05/28 03:10:00,GOES-19,Brasil,MATO GROSSO,NOVA UBIRATÃ,Amazônia,,,,95.3,-13.2186,-54.5182
2026/05/28 03:20:00,GOES-19,Brasil,MATO GROSSO,NOVA UBIRATÃ,Amazônia,,,,93.3,-13.2186,-54.5182
2026/05/28 03:20:00,GOES-19,Brasil,MATO GROSSO,NOVA UBIRATÃ,Amazônia,,,,101.8,-13.2189,-54.4975
2026/05/28 03:20:00,GOES-19,Brasil,TOCANTINS,NATIVIDADE,Cerrado,,,,60.4,-11.591,-47.4496
2026/05/28 03:30:00,GOES-19,Brasil,MATO GROSSO,NOVA UBIRATÃ,Amazônia,,,,59.7,-13.2189,-54.4975
2026/05/28 03:30:00,GOES-19,Brasil,MATO GROSSO,NOVA UBIRATÃ,Amazônia,,,,55.7,-13.2186,-54.5182
2026/05/28 03:32:00,NPP-375D,Brasil,PIAUÍ,FLORIANO,Caatinga,,,,1.7,-7.00105,-42.88379
2026/05/28 03:32:00,NPP-375D,Brasil,MARANHÃO,LORETO,Cerrado,,,,2.7,-7.01036,-44.99855
2026/05/28 03:32:00,NPP-375D,Brasil,CEARÁ,ITAREMA,Caatinga,,,,0.8,-2.96272,-39.92327
2026/05/28 03:32:00,NPP-375D,Brasil,PIAUÍ,FLORIANO,Caatinga,,,,1.7,-7.00205,-42.87855
2026/05/28 03:32:00,NPP-375D,Brasil,PIAUÍ,FLORIANO,Caatinga,,,,9.7,-6.99366,-42.88765
2026/05/28 03:32:00,NPP-375D,Brasil,PIAUÍ,FLORIANO,Caatinga,,,,2.9,-7.00095,-42.88211
2026/05/28 03:32:00,NPP-375D,Brasil,CEARÁ,ITAREMA,Caatinga,,,,0.8,-2.96843,-39.92426
2026/05/28 03:32:00,NPP-375D,Brasil,PIAUÍ,FLORIANO,Caatinga,,,,10.5,-6.99455,-42.88071
2026/05/28 03:32:00,NPP-375D,Brasil,MARANHÃO,LORETO,Cerrado,,,,3.9,-7.00753,-45.0134
2026/05/28 03:32:00,NPP-375D,Brasil,MARANHÃO,LAGOA DO MATO,Cerrado,,,,9.5,-5.95423,-43.49625
2026/05/28 03:32:00,NPP-375D,Brasil,MARANHÃO,LAGOA DO MATO,Cerrado,,,,9.5,-5.96097,-43.49777
2026/05/28 03:32:00,NPP-375D,Brasil,PIAUÍ,FLORIANO,Caatinga,,,,10.5,-6.99359,-42.88594
2026/05/28 03:32:00,NPP-375D,Brasil,MARANHÃO,LAGOA DO MATO,Cerrado,,,,6.7,-5.95449,-43.49062
2026/05/28 03:32:00,NPP-375D,Brasil,PARAÍBA,SERRA BRANCA,Caatinga,,,,0.7,-7.47593,-36.60742
2026/05/28 03:32:00,NPP-375D,Brasil,PIAUÍ,FLORIANO,Caatinga,,,,6.3,-6.99551,-42.87547
2026/05/28 03:32:00,NPP-375D,Brasil,PIAUÍ,FLORIANO,Caatinga,,,,2.9,-6.99999,-42.88736
2026/05/28 03:32:00,NPP-375D,Brasil,MARANHÃO,LAGOA DO MATO,Cerrado,,,,7.0,-5.96211,-43.4916
2026/05/28 03:32:00,NPP-375D,Brasil,PIAUÍ,FLORIANO,Caatinga,,,,11.2,-6.99565,-42.87718
2026/05/28 03:32:00,NPP-375D,Brasil,PIAUÍ,FLORIANO,Caatinga,,,,11.2,-6.99465,-42.88241
2026/05/28 03:32:00,NPP-375D,Brasil,MARANHÃO,LORETO,Cerrado,,,,2.7,-7.00897,-45.00588
2026/05/28 03:32:00,NPP-375D,Brasil,MARANHÃO,LAGOA DO MATO,Cerrado,,,,7.0,-5.95541,-43.48995
2026/05/28 03:32:00,NPP-375D,Brasil,MARANHÃO,LAGOA DO MATO,Cerrado,,,,6.7,-5.95335,-43.49696
2026/05/28 03:32:00,NPP-375D,Brasil,PIAUÍ,FLORIANO,Caatinga,,,,1.9,-7.00006,-42.88903
2026/05/28 03:34:00,NPP-375D,Brasil,BAHIA,SÃO DESIDÉRIO,Cerrado,,,,6.3,-12.69247,-44.78859
2026/05/28 03:34:00,NPP-375D,Brasil,MARANHÃO,LORETO,Cerrado,,,,3.4,-7.00994,-45.00561
2026/05/28 03:34:00,NPP-375D,Brasil,MARANHÃO,LORETO,Cerrado,,,,2.7,-7.01138,-44.99829
2026/05/28 03:34:00,NPP-375D,Brasil,PIAUÍ,SANTA FILOMENA,Cerrado,,,,2.8,-9.36162,-45.46469
2026/05/28 03:34:00,NPP-375D,Brasil,BAHIA,JUAZEIRO,Caatinga,,,,0.6,-9.49619,-40.30636
2026/05/28 03:34:00,NPP-375D,Brasil,PIAUÍ,SANTA FILOMENA,Cerrado,,,,2.8,-9.36017,-45.47167
2026/05/28 03:34:00,NPP-375D,Brasil,PIAUÍ,SANTA FILOMENA,Cerrado,,,,2.5,-9.34266,-45.47747
2026/05/28 03:34:00,NPP-375D,Brasil,BAHIA,IUIU,Cerrado,,,,1.7,-14.39763,-43.52205
2026/05/28 03:34:00,NPP-375D,Brasil,BAHIA,JUAZEIRO,Caatinga,,,,0.6,-9.13929,-40.10818
2026/05/28 03:34:00,NPP-375D,Brasil,SERGIPE,TOMAR DO GERU,Mata Atlântica,,,,0.6,-11.41526,-37.81706
2026/05/28 03:34:00,NPP-375D,Brasil,BAHIA,JUAZEIRO,Caatinga,,,,0.6,-9.13869,-40.11142
2026/05/28 03:34:00,NPP-375D,Brasil,BAHIA,JUAZEIRO,Caatinga,,,,0.6,-9.49678,-40.30312
2026/05/28 03:34:00,NPP-375D,Brasil,PIAUÍ,SANTA FILOMENA,Cerrado,,,,6.4,-9.34439,-45.47562
2026/05/28 03:34:00,NPP-375D,Brasil,PIAUÍ,SANTA FILOMENA,Cerrado,,,,10.6,-9.35124,-45.47195
2026/05/28 03:34:00,NPP-375D,Brasil,BAHIA,CANSANÇÃO,Caatinga,,,,0.9,-10.84736,-39.31458
2026/05/28 03:34:00,NPP-375D,Brasil,MARANHÃO,LORETO,Cerrado,,,,3.4,-7.00847,-45.01309
2026/05/28 03:34:00,NPP-375D,Brasil,SERGIPE,PORTO DA FOLHA,Caatinga,,,,2.0,-9.95665,-37.40482
2026/05/28 03:34:00,NPP-375D,Brasil,PIAUÍ,SANTA FILOMENA,Cerrado,,,,3.8,-9.35981,-45.46652
2026/05/28 03:34:00,NPP-375D,Brasil,PIAUÍ,SANTA FILOMENA,Cerrado,,,,1.8,-9.34586,-45.46853
2026/05/28 03:34:00,NPP-375D,Brasil,PIAUÍ,SANTA FILOMENA,Cerrado,,,,2.8,-9.35302,-45.4701
2026/05/28 03:34:00,NPP-375D,Brasil,PIAUÍ,SANTA FILOMENA,Cerrado,,,,2.5,-9.34409,-45.47037
2026/05/28 03:34:00,NPP-375D,Brasil,PIAUÍ,SANTA FILOMENA,Cerrado,,,,3.8,-9.35266,-45.46489
2026/05/28 03:34:00,NPP-375D,Brasil,PIAUÍ,SANTA FILOMENA,Cerrado,,,,2.8,-9.35448,-45.46306
2026/05/28 03:36:00,NPP-375D,Brasil,MINAS GERAIS,MANTENA,Mata Atlântica,,,,2.2,-18.76065,-40.99918
2026/05/28 03:36:00,NPP-375D,Brasil,ESPÍRITO SANTO,SOORETAMA,Mata Atlântica,,,,0.8,-19.08949,-40.08101
2026/05/28 03:38:00,NPP-375D,Brasil,SÃO PAULO,MOCOCA,Cerrado,,,,1.4,-21.42178,-47.07336
2026/05/28 03:38:00,NPP-375D,Brasil,SÃO PAULO,MOCOCA,Cerrado,,,,2.2,-21.54242,-47.04951
2026/05/28 03:38:00,NPP-375D,Brasil,SÃO PAULO,MOCOCA,Cerrado,,,,3.3,-21.42443,-47.06235
2026/05/28 03:38:00,NPP-375D,Brasil,SÃO PAULO,MONTE ALTO,Mata Atlântica,,,,1.6,-21.30048,-48.59208
2026/05/28 03:38:00,NPP-375D,Brasil,SÃO PAULO,ITÁPOLIS,Cerrado,,,,2.1,-21.55034,-48.8966
2026/05/28 03:38:00,NPP-375D,Brasil,SÃO PAULO,ITÁPOLIS,Cerrado,,,,2.1,-21.54171,-48.90145
2026/05/28 03:38:00,NPP-375D,Brasil,SÃO PAULO,MOCOCA,Cerrado,,,,1.4,-21.42053,-47.07856
2026/05/28 03:38:00,NPP-375D,Brasil,SÃO PAULO,MOCOCA,Cerrado,,,,2.2,-21.54374,-47.04404
2026/05/28 03:38:00,NPP-375D,Brasil,SÃO PAULO,MONTE ALTO,Mata Atlântica,,,,1.6,-21.30218,-48.58546
2026/05/28 03:38:00,NPP-375D,Brasil,SÃO PAULO,MOCOCA,Cerrado,,,,1.4,-21.4281,-47.07497
2026/05/28 03:40:00,GOES-19,Brasil,MATO GROSSO,NOVA UBIRATÃ,Amazônia,,,,82.9,-13.2186,-54.5182
2026/05/28 03:40:00,GOES-19,Brasil,TOCANTINS,NATIVIDADE,Cerrado,,,,55.9,-11.591,-47.4496
2026/05/28 03:40:00,GOES-19,Brasil,MATO GROSSO,NOVA UBIRATÃ,Amazônia,,,,94.8,-13.2189,-54.4975
2026/05/28 03:49:00,NOAA-20,Brasil,CEARÁ,ITAREMA,Caatinga,,,,0.5,-2.96282,-39.92326
2026/05/28 03:49:00,NOAA-20,Brasil,CEARÁ,ITAREMA,Caatinga,,,,1.1,-2.9666,-39.92387
2026/05/28 03:49:00,NOAA-20,Brasil,PIAUÍ,JOSÉ DE FREITAS,Caatinga,,,,1.1,-4.66202,-42.42912
2026/05/28 03:49:00,NOAA-20,Brasil,PIAUÍ,JOSÉ DE FREITAS,Caatinga,,,,1.1,-4.65769,-42.4284
2026/05/28 03:50:00,GOES-19,Brasil,MATO GROSSO,NOVA UBIRATÃ,Amazônia,,,,78.1,-13.2186,-54.5182
2026/05/28 03:50:00,GOES-19,Brasil,MATO GROSSO,NOVA UBIRATÃ,Amazônia,,,,89.0,-13.2189,-54.4975
2026/05/28 03:50:00,GOES-19,Brasil,TOCANTINS,NATIVIDADE,Cerrado,,,,61.8,-11.591,-47.4496
2026/05/28 03:51:00,NOAA-20,Brasil,BAHIA,SANTA RITA DE CÁSSIA,Cerrado,,,,1.3,-10.97563,-44.60445
2026/05/28 03:51:00,NOAA-20,Brasil,MARANHÃO,MIRADOR,Cerrado,,,,2.0,-6.54401,-44.68374
2026/05/28 03:51:00,NOAA-20,Brasil,TOCANTINS,GUARAÍ,Cerrado,,,,4.3,-8.67779,-48.30626
2026/05/28 03:51:00,NOAA-20,Brasil,PIAUÍ,SANTA FILOMENA,Cerrado,,,,4.7,-9.34051,-45.47179
2026/05/28 03:51:00,NOAA-20,Brasil,MARANHÃO,LAGOA DO MATO,Cerrado,,,,14.7,-5.95781,-43.49333
2026/05/28 03:51:00,NOAA-20,Brasil,TOCANTINS,NATIVIDADE,Cerrado,,,,1.7,-11.59786,-47.44347
2026/05/28 03:51:00,NOAA-20,Brasil,TOCANTINS,MATEIROS,Cerrado,,,,0.6,-10.61969,-46.91048
2026/05/28 03:51:00,NOAA-20,Brasil,TOCANTINS,MATEIROS,Cerrado,,,,1.9,-10.6307,-46.90353
2026/05/28 03:51:00,NOAA-20,Brasil,TOCANTINS,NATIVIDADE,Cerrado,,,,0.5,-11.58918,-47.44799
2026/05/28 03:51:00,NOAA-20,Brasil,TOCANTINS,NATIVIDADE,Cerrado,,,,0.5,-11.58853,-47.45143
2026/05/28 03:51:00,NOAA-20,Brasil,TOCANTINS,NATIVIDADE,Cerrado,,,,0.7,-11.58445,-47.44351
2026/05/28 03:51:00,NOAA-20,Brasil,PIAUÍ,SANTA FILOMENA,Cerrado,,,,4.7,-9.34641,-45.46718
2026/05/28 03:51:00,NOAA-20,Brasil,TOCANTINS,NATIVIDADE,Cerrado,,,,1.4,-11.59584,-47.44227
2026/05/28 03:51:00,NOAA-20,Brasil,MARANHÃO,LAGOA DO MATO,Cerrado,,,,5.9,-5.95408,-43.48775
2026/05/28 03:51:00,NOAA-20,Brasil,MARANHÃO,ALTO PARNAÍBA,Cerrado,,,,1.0,-9.05,-46.30542
2026/05/28 03:51:00,NOAA-20,Brasil,PARÁ,CUMARU DO NORTE,Amazônia,,,,2.2,-9.14599,-51.27958
2026/05/28 03:51:00,NOAA-20,Brasil,TOCANTINS,MATEIROS,Cerrado,,,,1.9,-10.62541,-46.90252
2026/05/28 03:51:00,NOAA-20,Brasil,TOCANTINS,DIVINÓPOLIS DO TOCANTINS,Cerrado,,,,0.8,-9.73165,-49.21634
2026/05/28 03:51:00,NOAA-20,Brasil,BAHIA,MACAJUBA,Caatinga,,,,0.6,-12.10062,-40.28391
2026/05/28 03:51:00,NOAA-20,Brasil,ALAGOAS,OLHO D'ÁGUA DO CASADO,Caatinga,,,,0.8,-9.39093,-37.81131
2026/05/28 03:51:00,NOAA-20,Brasil,TOCANTINS,ITACAJÁ,Cerrado,,,,1.5,-8.70706,-47.80017
2026/05/28 03:51:00,NOAA-20,Brasil,MARANHÃO,ALTO PARNAÍBA,Cerrado,,,,0.5,-9.04417,-46.3078
2026/05/28 03:51:00,NOAA-20,Brasil,TOCANTINS,MIRACEMA DO TOCANTINS,Cerrado,,,,4.4,-9.39355,-48.4393
2026/05/28 03:51:00,NOAA-20,Brasil,TOCANTINS,APARECIDA DO RIO NEGRO,Cerrado,,,,1.3,-9.94081,-48.02021
2026/05/28 03:51:00,NOAA-20,Brasil,PIAUÍ,SANTA FILOMENA,Cerrado,,,,4.8,-9.34774,-45.46961
2026/05/28 03:51:00,NOAA-20,Brasil,TOCANTINS,MATEIROS,Cerrado,,,,1.1,-10.77562,-46.9113
2026/05/28 03:51:00,NOAA-20,Brasil,TOCANTINS,MATEIROS,Cerrado,,,,1.0,-10.63728,-46.89775
2026/05/28 03:51:00,NOAA-20,Brasil,PIAUÍ,SANTA FILOMENA,Cerrado,,,,4.5,-9.3572,-45.46357
2026/05/28 03:51:00,NOAA-20,Brasil,PIAUÍ,SANTA FILOMENA,Cerrado,,,,4.6,-9.35857,-45.46598
2026/05/28 03:51:00,NOAA-20,Brasil,TOCANTINS,NATIVIDADE,Cerrado,,,,1.0,-11.59116,-47.44919
2026/05/28 03:51:00,NOAA-20,Brasil,TOCANTINS,NATIVIDADE,Cerrado,,,,0.7,-11.58509,-47.44009
2026/05/28 03:51:00,NOAA-20,Brasil,TOCANTINS,DIVINÓPOLIS DO TOCANTINS,Cerrado,,,,2.6,-9.73637,-49.21547
2026/05/28 03:51:00,NOAA-20,Brasil,MARANHÃO,RIACHÃO,Cerrado,,,,0.8,-7.34941,-46.2156
2026/05/28 03:51:00,NOAA-20,Brasil,MARANHÃO,MIRADOR,Cerrado,,,,2.0,-6.53913,-44.68282
2026/05/28 03:51:00,NOAA-20,Brasil,TOCANTINS,SÃO VALÉRIO,Cerrado,,,,3.4,-11.82938,-48.21098
2026/05/28 03:51:00,NOAA-20,Brasil,TOCANTINS,GUARAÍ,Cerrado,,,,3.2,-8.72214,-48.33403
2026/05/28 03:51:00,NOAA-20,Brasil,TOCANTINS,GUARAÍ,Cerrado,,,,5.0,-8.7246,-48.32076
2026/05/28 03:51:00,NOAA-20,Brasil,PIAUÍ,SANTA FILOMENA,Cerrado,,,,2.0,-9.35817,-45.45813
2026/05/28 03:51:00,NOAA-20,Brasil,TOCANTINS,NATIVIDADE,Cerrado,,,,1.5,-11.59455,-47.44915
2026/05/28 03:51:00,NOAA-20,Brasil,PARÁ,CUMARU DO NORTE,Amazônia,,,,3.8,-9.14124,-51.28743
2026/05/28 03:51:00,NOAA-20,Brasil,BAHIA,JUAZEIRO,Caatinga,,,,0.7,-9.41714,-40.37486
2026/05/28 03:51:00,NOAA-20,Brasil,SERGIPE,PORTO DA FOLHA,Caatinga,,,,1.5,-9.95475,-37.40491
2026/05/28 03:51:00,NOAA-20,Brasil,BAHIA,MUQUÉM DO SÃO FRANCISCO,Cerrado,,,,1.9,-11.94039,-43.39861
2026/05/28 03:51:00,NOAA-20,Brasil,TOCANTINS,MATEIROS,Cerrado,,,,1.0,-10.63792,-46.89438
2026/05/28 03:51:00,NOAA-20,Brasil,TOCANTINS,SÃO VALÉRIO,Cerrado,,,,1.8,-11.8286,-48.21498
2026/05/28 03:51:00,NOAA-20,Brasil,MARANHÃO,LAGOA DO MATO,Cerrado,,,,4.0,-5.92223,-43.47988
2026/05/28 03:51:00,NOAA-20,Brasil,MARANHÃO,MIRADOR,Cerrado,,,,2.9,-6.54299,-44.68967
2026/05/28 03:51:00,NOAA-20,Brasil,TOCANTINS,ITACAJÁ,Cerrado,,,,1.4,-8.71286,-47.80119
2026/05/28 03:51:00,NOAA-20,Brasil,MARANHÃO,BARRA DO CORDA,Cerrado,,,,2.3,-5.79137,-45.13741
2026/05/28 03:51:00,NOAA-20,Brasil,MARANHÃO,PASSAGEM FRANCA,Cerrado,,,,3.4,-6.2879,-43.62762
2026/05/28 03:51:00,NOAA-20,Brasil,TOCANTINS,GUARAÍ,Cerrado,,,,4.6,-8.72897,-48.33059
2026/05/28 03:51:00,NOAA-20,Brasil,TOCANTINS,PUGMIL,Cerrado,,,,7.0,-10.48171,-48.90681
2026/05/28 03:51:00,NOAA-20,Brasil,TOCANTINS,GUARAÍ,Cerrado,,,,4.6,-8.72298,-48.32954
2026/05/28 03:51:00,NOAA-20,Brasil,MARANHÃO,BARRA DO CORDA,Cerrado,,,,1.1,-5.79754,-45.1322
2026/05/28 03:51:00,NOAA-20,Brasil,TOCANTINS,PUGMIL,Cerrado,,,,4.5,-10.47478,-48.91027
2026/05/28 03:51:00,NOAA-20,Brasil,TOCANTINS,ITACAJÁ,Cerrado,,,,1.5,-8.7128,-47.80157
2026/05/28 03:51:00,NOAA-20,Brasil,TOCANTINS,GUARAÍ,Cerrado,,,,2.6,-8.72381,-48.33641
2026/05/28 03:51:00,NOAA-20,Brasil,BAHIA,JUAZEIRO,Caatinga,,,,1.4,-9.52346,-40.34531
2026/05/28 03:51:00,NOAA-20,Brasil,PIAUÍ,SANTA FILOMENA,Cerrado,,,,4.6,-9.35958,-45.46054
2026/05/28 03:51:00,NOAA-20,Brasil,BAHIA,BARREIRAS,Cerrado,,,,1.6,-12.00923,-45.3494
2026/05/28 03:51:00,NOAA-20,Brasil,TOCANTINS,GUARAÍ,Cerrado,,,,4.6,-8.72379,-48.32514
2026/05/28 03:51:00,NOAA-20,Brasil,BAHIA,CANSANÇÃO,Caatinga,,,,2.2,-10.84901,-39.31175
2026/05/28 03:51:00,NOAA-20,Brasil,TOCANTINS,MATEIROS,Cerrado,,,,1.3,-10.77693,-46.90437
2026/05/28 03:51:00,NOAA-20,Brasil,TOCANTINS,NATIVIDADE,Cerrado,,,,0.7,-11.58983,-47.44456
2026/05/28 03:51:00,NOAA-20,Brasil,PIAUÍ,SANTA FILOMENA,Cerrado,,,,4.9,-9.34877,-45.46408
2026/05/28 03:51:00,NOAA-20,Brasil,PIAUÍ,SÃO JOSÉ DO PEIXE,Caatinga,,,,1.5,-7.55659,-42.64513
2026/05/28 03:51:00,NOAA-20,Brasil,PIAUÍ,SANTA FILOMENA,Cerrado,,,,1.0,-9.3621,-45.46455
2026/05/28 03:51:00,NOAA-20,Brasil,TOCANTINS,MIRACEMA DO TOCANTINS,Cerrado,,,,1.7,-9.38758,-48.43819
2026/05/28 03:51:00,NOAA-20,Brasil,TOCANTINS,DOIS IRMÃOS DO TOCANTINS,Cerrado,,,,1.6,-9.43928,-48.89292
2026/05/28 03:51:00,NOAA-20,Brasil,MARANHÃO,LAGOA DO MATO,Cerrado,,,,2.5,-5.92224,-43.48214
2026/05/28 03:51:00,NOAA-20,Brasil,TOCANTINS,NATIVIDADE,Cerrado,,,,0.5,-11.58646,-47.44467
2026/05/28 03:51:00,NOAA-20,Brasil,PARÁ,CUMARU DO NORTE,Amazônia,,,,3.3,-9.14267,-51.28032
2026/05/28 03:51:00,NOAA-20,Brasil,MARANHÃO,LAGOA DO MATO,Cerrado,,,,1.7,-5.93456,-43.4652
2026/05/28 03:51:00,NOAA-20,Brasil,TOCANTINS,MATEIROS,Cerrado,,,,5.7,-10.62416,-46.90905
2026/05/28 03:51:00,NOAA-20,Brasil,PIAUÍ,SÃO JOSÉ DO PEIXE,Caatinga,,,,1.3,-7.55593,-42.64899
2026/05/28 03:51:00,NOAA-20,Brasil,TOCANTINS,NATIVIDADE,Cerrado,,,,1.7,-11.5925,-47.44234
2026/05/28 03:51:00,NOAA-20,Brasil,TOCANTINS,NATIVIDADE,Cerrado,,,,1.5,-11.5939,-47.45259
2026/05/28 03:51:00,NOAA-20,Brasil,SERGIPE,PORTO DA FOLHA,Caatinga,,,,1.5,-9.9553,-37.40141
2026/05/28 03:51:00,NOAA-20,Brasil,PIAUÍ,SANTA FILOMENA,Cerrado,,,,4.5,-9.3523,-45.4626
2026/05/28 03:51:00,NOAA-20,Brasil,TOCANTINS,GUARAÍ,Cerrado,,,,3.0,-8.67865,-48.30173
2026/05/28 03:51:00,NOAA-20,Brasil,MARANHÃO,PASSAGEM FRANCA,Cerrado,,,,3.4,-6.2925,-43.62822
2026/05/28 03:51:00,NOAA-20,Brasil,TOCANTINS,NATIVIDADE,Cerrado,,,,1.4,-11.60055,-47.44693
2026/05/28 03:51:00,NOAA-20,Brasil,TOCANTINS,NATIVIDADE,Cerrado,,,,1.0,-11.59049,-47.4526
2026/05/28 03:51:00,NOAA-20,Brasil,TOCANTINS,PORTO NACIONAL,Cerrado,,,,1.7,-10.63117,-48.3274
2026/05/28 03:51:00,NOAA-20,Brasil,MARANHÃO,ALTO PARNAÍBA,Cerrado,,,,1.0,-9.05524,-46.3063
2026/05/28 03:51:00,NOAA-20,Brasil,TOCANTINS,NATIVIDADE,Cerrado,,,,1.6,-11.59317,-47.43894
2026/05/28 03:51:00,NOAA-20,Brasil,PIAUÍ,SANTA FILOMENA,Cerrado,,,,4.8,-9.35264,-45.47055
2026/05/28 03:51:00,NOAA-20,Brasil,BAHIA,MUQUÉM DO SÃO FRANCISCO,Cerrado,,,,0.8,-11.93972,-43.40233
2026/05/28 03:51:00,NOAA-20,Brasil,TOCANTINS,PUGMIL,Cerrado,,,,4.5,-10.48082,-48.91132
2026/05/28 03:51:00,NOAA-20,Brasil,MARANHÃO,LAGOA DO MATO,Cerrado,,,,14.7,-5.95861,-43.48866
2026/05/28 03:51:00,NOAA-20,Brasil,TOCANTINS,NATIVIDADE,Cerrado,,,,1.7,-11.59183,-47.44574
2026/05/28 03:51:00,NOAA-20,Brasil,TOCANTINS,GUARAÍ,Cerrado,,,,2.6,-8.72468,-48.33193
2026/05/28 03:51:00,NOAA-20,Brasil,TOCANTINS,NATIVIDADE,Cerrado,,,,1.4,-11.5952,-47.44569
2026/05/28 03:51:00,NOAA-20,Brasil,MARANHÃO,RIACHÃO,Cerrado,,,,0.8,-7.35476,-46.21656
2026/05/28 03:51:00,NOAA-20,Brasil,TOCANTINS,DOIS IRMÃOS DO TOCANTINS,Cerrado,,,,1.6,-9.44026,-48.88782
2026/05/28 03:51:00,NOAA-20,Brasil,MARANHÃO,TIMON,Cerrado,,,,2.0,-5.30691,-43.05461
2026/05/28 03:51:00,NOAA-20,Brasil,TOCANTINS,GUARAÍ,Cerrado,,,,8.9,-8.72554,-48.32748
2026/05/28 03:51:00,NOAA-20,Brasil,TOCANTINS,NATIVIDADE,Cerrado,,,,1.6,-11.59385,-47.43547
2026/05/28 03:51:00,NOAA-20,Brasil,MARANHÃO,PASSAGEM FRANCA,Cerrado,,,,3.4,-6.29323,-43.62396
2026/05/28 03:51:00,NOAA-20,Brasil,TOCANTINS,CHAPADA DA NATIVIDADE,Cerrado,,,,1.5,-11.61534,-47.90436
2026/05/28 03:51:00,NOAA-20,Brasil,BAHIA,JUAZEIRO,Caatinga,,,,1.4,-9.13855,-40.11005
2026/05/28 03:51:00,NOAA-20,Brasil,MARANHÃO,ALTO PARNAÍBA,Cerrado,,,,1.0,-9.05584,-46.30302
2026/05/28 03:51:00,NOAA-20,Brasil,TOCANTINS,GUARAÍ,Cerrado,,,,4.6,-8.72979,-48.32618
2026/05/28 03:51:00,NOAA-20,Brasil,PIAUÍ,SANTA FILOMENA,Cerrado,,,,4.7,-9.34542,-45.47272
2026/05/28 03:51:00,NOAA-20,Brasil,TOCANTINS,MATEIROS,Cerrado,,,,0.6,-10.62029,-46.90723
2026/05/28 03:51:00,NOAA-20,Brasil,MARANHÃO,LAGOA DO MATO,Cerrado,,,,2.6,-5.92306,-43.47744
2026/05/28 03:51:00,NOAA-20,Brasil,MARANHÃO,MIRADOR,Cerrado,,,,2.9,-6.53811,-44.68871
2026/05/28 03:51:00,NOAA-20,Brasil,TOCANTINS,RIO DOS BOIS,Cerrado,,,,1.5,-9.27667,-48.58543
2026/05/28 03:51:00,NOAA-20,Brasil,TOCANTINS,NATIVIDADE,Cerrado,,,,1.0,-11.59652,-47.45036
2026/05/28 03:51:00,NOAA-20,Brasil,TOCANTINS,RIO DOS BOIS,Cerrado,,,,1.0,-9.28865,-48.58806
2026/05/28 03:51:00,NOAA-20,Brasil,BAHIA,SANTA RITA DE CÁSSIA,Cerrado,,,,2.2,-10.95391,-44.17418
2026/05/28 03:51:00,NOAA-20,Brasil,TOCANTINS,RIO DOS BOIS,Cerrado,,,,1.0,-9.28952,-48.58347
2026/05/28 03:51:00,NOAA-20,Brasil,TOCANTINS,NATIVIDADE,Cerrado,,,,1.7,-11.59719,-47.44691
2026/05/28 03:51:00,NOAA-20,Brasil,TOCANTINS,NATIVIDADE,Cerrado,,,,0.5,-11.58712,-47.44128
2026/05/28 03:51:00,NOAA-20,Brasil,MARANHÃO,BARRA DO CORDA,Cerrado,,,,1.3,-5.48167,-45.11633
2026/05/28 03:51:00,NOAA-20,Brasil,TOCANTINS,MIRANORTE,Cerrado,,,,1.1,-9.2818,-48.59122
2026/05/28 03:51:00,NOAA-20,Brasil,MARANHÃO,RIACHÃO,Cerrado,,,,1.8,-7.59553,-46.46003
2026/05/28 03:51:00,NOAA-20,Brasil,TOCANTINS,NATIVIDADE,Cerrado,,,,0.7,-11.59047,-47.44117
2026/05/28 03:51:00,NOAA-20,Brasil,TOCANTINS,DIVINÓPOLIS DO TOCANTINS,Cerrado,,,,1.3,-9.73881,-49.21257
2026/05/28 03:51:00,NOAA-20,Brasil,MARANHÃO,BARRA DO CORDA,Cerrado,,,,1.1,-5.79192,-45.13427
2026/05/28 03:51:00,NOAA-20,Brasil,MARANHÃO,RIACHÃO,Cerrado,,,,2.1,-7.5949,-46.4635
2026/05/28 03:51:00,NOAA-20,Brasil,MARANHÃO,LAGOA DO MATO,Cerrado,,,,5.9,-5.95327,-43.49246
2026/05/28 03:51:00,NOAA-20,Brasil,TOCANTINS,DIVINÓPOLIS DO TOCANTINS,Cerrado,,,,1.3,-9.73786,-49.21752
2026/05/28 03:51:00,NOAA-20,Brasil,TOCANTINS,NATIVIDADE,Cerrado,,,,1.5,-11.59649,-47.43884
2026/05/28 03:51:00,NOAA-20,Brasil,TOCANTINS,MATEIROS,Cerrado,,,,1.9,-10.63134,-46.90018
2026/05/28 03:51:00,NOAA-20,Brasil,PIAUÍ,SANTA FILOMENA,Cerrado,,,,4.5,-9.35131,-45.46814
2026/05/28 03:51:00,NOAA-20,Brasil,MARANHÃO,PASSAGEM FRANCA,Cerrado,,,,1.6,-6.29174,-43.63272
2026/05/28 03:51:00,NOAA-20,Brasil,TOCANTINS,APARECIDA DO RIO NEGRO,Cerrado,,,,1.3,-9.94156,-48.01625
2026/05/28 03:51:00,NOAA-20,Brasil,PARAÍBA,SERRA BRANCA,Caatinga,,,,0.8,-7.47566,-36.6065
2026/05/28 03:51:00,NOAA-20,Brasil,BAHIA,SANTA RITA DE CÁSSIA,Cerrado,,,,1.1,-10.95314,-44.17848
2026/05/28 03:51:00,NOAA-20,Brasil,BAHIA,BAIANÓPOLIS,Cerrado,,,,2.4,-12.602,-44.52323
2026/05/28 03:51:00,NOAA-20,Brasil,PIAUÍ,SANTA FILOMENA,Cerrado,,,,4.5,-9.35622,-45.46909
2026/05/28 03:51:00,NOAA-20,Brasil,PIAUÍ,SANTA FILOMENA,Cerrado,,,,4.9,-9.35367,-45.46504
2026/05/28 03:51:00,NOAA-20,Brasil,BAHIA,JUAZEIRO,Caatinga,,,,1.4,-9.13922,-40.10601
2026/05/28 03:51:00,NOAA-20,Brasil,PARÁ,CUMARU DO NORTE,Amazônia,,,,2.2,-9.14459,-51.28674
2026/05/28 03:51:00,NOAA-20,Brasil,TOCANTINS,GUARAÍ,Cerrado,,,,8.9,-8.72637,-48.32313
2026/05/28 03:51:00,NOAA-20,Brasil,MARANHÃO,BARRA DO CORDA,Cerrado,,,,0.9,-5.79808,-45.12907
2026/05/28 03:51:00,NOAA-20,Brasil,TOCANTINS,ITACAJÁ,Cerrado,,,,1.4,-8.707,-47.80053
2026/05/28 03:51:00,NOAA-20,Brasil,TOCANTINS,NATIVIDADE,Cerrado,,,,1.3,-11.59111,-47.43775
2026/05/28 03:51:00,NOAA-20,Brasil,TOCANTINS,MIRACEMA DO TOCANTINS,Cerrado,,,,3.7,-9.39268,-48.44379
2026/05/28 03:51:00,NOAA-20,Brasil,TOCANTINS,MATEIROS,Cerrado,,,,1.1,-10.77629,-46.90778
2026/05/28 03:51:00,NOAA-20,Brasil,TOCANTINS,MATEIROS,Cerrado,,,,5.7,-10.62478,-46.90581
2026/05/28 03:53:00,NOAA-20,Brasil,BAHIA,COCOS,Cerrado,,,,1.8,-14.78436,-45.62312
2026/05/28 03:53:00,NOAA-20,Brasil,TOCANTINS,PARANÃ,Cerrado,,,,2.0,-12.32251,-47.9007
2026/05/28 03:53:00,NOAA-20,Brasil,BAHIA,IUIU,Cerrado,,,,1.6,-14.39498,-43.5187
2026/05/28 03:53:00,NOAA-20,Brasil,BAHIA,IUIU,Cerrado,,,,2.8,-14.39684,-43.52066
2026/05/28 03:53:00,NOAA-20,Brasil,BAHIA,SÃO DESIDÉRIO,Cerrado,,,,3.3,-12.68936,-44.78727
2026/05/28 03:53:00,NOAA-20,Brasil,BAHIA,SÃO DESIDÉRIO,Cerrado,,,,3.3,-12.69378,-44.78817
2026/05/28 03:53:00,NOAA-20,Brasil,BAHIA,SÃO DESIDÉRIO,Cerrado,,,,1.3,-12.6982,-44.78902
2026/05/28 03:53:00,NOAA-20,Brasil,BAHIA,SÃO DESIDÉRIO,Cerrado,,,,3.3,-12.69018,-44.78281
2026/05/28 03:53:00,NOAA-20,Brasil,MINAS GERAIS,MANTENA,Mata Atlântica,,,,1.9,-18.76102,-40.99633
2026/05/28 03:53:00,NOAA-20,Brasil,TOCANTINS,PARANÃ,Cerrado,,,,2.1,-12.32324,-47.89695
2026/05/28 03:53:00,NOAA-20,Brasil,TOCANTINS,PARANÃ,Cerrado,,,,4.5,-12.32868,-47.89822
2026/05/28 03:53:00,NOAA-20,Brasil,BAHIA,SÃO DESIDÉRIO,Cerrado,,,,1.0,-12.81509,-44.87013
2026/05/28 03:53:00,NOAA-20,Brasil,ESPÍRITO SANTO,SOORETAMA,Mata Atlântica,,,,0.9,-19.08785,-40.08157
2026/05/28 03:53:00,NOAA-20,Brasil,MINAS GERAIS,UNAÍ,Cerrado,,,,1.6,-16.35298,-47.34598
2026/05/28 03:55:00,NOAA-20,Brasil,GOIÁS,JATAÍ,Cerrado,,,,1.8,-17.92772,-51.33975
2026/05/28 03:55:00,NOAA-20,Brasil,SÃO PAULO,ITÁPOLIS,Cerrado,,,,1.9,-21.54231,-48.89771
2026/05/28 03:55:00,NOAA-20,Brasil,SÃO PAULO,MOCOCA,Cerrado,,,,2.4,-21.53926,-47.04545
2026/05/28 03:55:00,NOAA-20,Brasil,SÃO PAULO,MOCOCA,Cerrado,,,,1.1,-21.42898,-47.07361
2026/05/28 03:55:00,NOAA-20,Brasil,SÃO PAULO,MOCOCA,Cerrado,,,,0.6,-21.43077,-47.06454
2026/05/28 03:55:00,NOAA-20,Brasil,GOIÁS,JATAÍ,Cerrado,,,,1.6,-17.93144,-51.35155
2026/05/28 03:55:00,NOAA-20,Brasil,MINAS GERAIS,FORTALEZA DE MINAS,Mata Atlântica,,,,1.3,-20.91257,-46.78732
2026/05/28 03:55:00,NOAA-20,Brasil,SÃO PAULO,MOCOCA,Cerrado,,,,1.8,-21.42206,-47.06249
2026/05/28 03:55:00,NOAA-20,Brasil,GOIÁS,JATAÍ,Cerrado,,,,1.8,-17.93375,-51.34137
2026/05/28 03:55:00,NOAA-20,Brasil,SÃO PAULO,MOCOCA,Cerrado,,,,1.8,-21.42642,-47.0635
2026/05/28 03:55:00,NOAA-20,Brasil,SÃO PAULO,MOCOCA,Cerrado,,,,4.2,-21.54361,-47.04644
2026/05/28 03:55:00,NOAA-20,Brasil,SÃO PAULO,MOCOCA,Cerrado,,,,2.9,-21.41936,-47.07608
2026/05/28 03:55:00,NOAA-20,Brasil,GOIÁS,JATAÍ,Cerrado,,,,1.5,-17.92844,-51.33627
2026/05/28 03:55:00,NOAA-20,Brasil,SÃO PAULO,MOCOCA,Cerrado,,,,1.4,-21.42461,-47.07264
2026/05/28 03:55:00,NOAA-20,Brasil,SÃO PAULO,MOCOCA,Cerrado,,,,1.6,-21.54015,-47.04092
2026/05/28 03:55:00,NOAA-20,Brasil,MINAS GERAIS,FORTALEZA DE MINAS,Mata Atlântica,,,,1.3,-20.91687,-46.78843
2026/05/28 03:55:00,NOAA-20,Brasil,GOIÁS,JATAÍ,Cerrado,,,,1.7,-17.9262,-51.34647
2026/05/28 03:55:00,NOAA-20,Brasil,SÃO PAULO,ITÁPOLIS,Cerrado,,,,1.9,-21.54841,-48.89316
2026/05/28 03:55:00,NOAA-20,Brasil,GOIÁS,JATAÍ,Cerrado,,,,1.6,-17.93334,-51.34304
2026/05/28 03:55:00,NOAA-20,Brasil,GOIÁS,JATAÍ,Cerrado,,,,1.5,-17.92731,-51.3414
2026/05/28 03:55:00,NOAA-20,Brasil,GOIÁS,JATAÍ,Cerrado,,,,1.6,-17.92657,-51.34483
2026/05/28 03:55:00,NOAA-20,Brasil,MINAS GERAIS,JACUTINGA,Mata Atlântica,,,,0.7,-22.24221,-46.58061
2026/05/28 03:55:00,NOAA-20,Brasil,SÃO PAULO,ITÁPOLIS,Cerrado,,,,1.9,-21.54718,-48.89893
2026/05/28 03:55:00,NOAA-20,Brasil,SÃO PAULO,MONTE ALTO,Mata Atlântica,,,,1.6,-21.29623,-48.58363
2026/05/28 03:55:00,NOAA-20,Brasil,SÃO PAULO,MOCOCA,Cerrado,,,,1.4,-21.42024,-47.07163
2026/05/28 03:55:00,NOAA-20,Brasil,SÃO PAULO,MONTE ALTO,Mata Atlântica,,,,2.3,-21.30106,-48.58467
2026/05/28 04:00:00,GOES-19,Brasil,MATO GROSSO,NOVA UBIRATÃ,Amazônia,,,,79.8,-13.2186,-54.5182
2026/05/28 04:00:00,GOES-19,Brasil,MATO GROSSO,NOVA UBIRATÃ,Amazônia,,,,86.3,-13.2189,-54.4975
2026/05/28 04:00:00,GOES-19,Brasil,TOCANTINS,NATIVIDADE,Cerrado,,,,52.9,-11.591,-47.4496
2026/05/28 04:10:00,GOES-19,Brasil,MATO GROSSO,NOVA UBIRATÃ,Amazônia,,,,87.1,-13.2189,-54.4975
2026/05/28 04:10:00,GOES-19,Brasil,TOCANTINS,NATIVIDADE,Cerrado,,,,95.5,-11.591,-47.4496
2026/05/28 04:10:00,GOES-19,Brasil,MATO GROSSO,NOVA UBIRATÃ,Amazônia,,,,77.2,-13.2186,-54.5182
2026/05/28 04:20:00,GOES-19,Brasil,TOCANTINS,NATIVIDADE,Cerrado,,,,106.6,-11.591,-47.4496
2026/05/28 04:20:00,GOES-19,Brasil,MATO GROSSO,NOVA UBIRATÃ,Amazônia,,,,66.0,-13.2186,-54.5182
2026/05/28 04:20:00,GOES-19,Brasil,MATO GROSSO,NOVA UBIRATÃ,Amazônia,,,,78.8,-13.2189,-54.4975
2026/05/28 04:30:00,GOES-19,Brasil,TOCANTINS,NATIVIDADE,Cerrado,,,,98.7,-11.591,-47.4496
2026/05/28 04:38:00,NOAA-21,Brasil,PIAUÍ,DEMERVAL LOBÃO,Caatinga,,,,1.0,-5.34007,-42.68554
2026/05/28 04:38:00,NOAA-21,Brasil,MARANHÃO,ALDEIAS ALTAS,Cerrado,,,,1.1,-4.38363,-43.29397
2026/05/28 04:38:00,NOAA-21,Brasil,PARÁ,PARAGOMINAS,Amazônia,,,,4.2,-3.49371,-48.03877
2026/05/28 04:38:00,NOAA-21,Brasil,PIAUÍ,JOSÉ DE FREITAS,Caatinga,,,,1.8,-4.66224,-42.42953
2026/05/28 04:38:00,NOAA-21,Brasil,PARÁ,PARAGOMINAS,Amazônia,,,,4.2,-3.49425,-48.03532
2026/05/28 04:38:00,NOAA-21,Brasil,MARANHÃO,TIMON,Cerrado,,,,1.1,-5.30471,-43.05558
2026/05/28 04:38:00,NOAA-21,Brasil,PIAUÍ,JOSÉ DE FREITAS,Caatinga,,,,0.7,-4.65779,-42.42884
2026/05/28 04:38:00,NOAA-21,Brasil,MARANHÃO,TIMON,Cerrado,,,,1.6,-5.30901,-43.05621
2026/05/28 04:38:00,NOAA-21,Brasil,PIAUÍ,DEMERVAL LOBÃO,Caatinga,,,,1.0,-5.33565,-42.6849
2026/05/28 04:40:00,GOES-19,Brasil,MATO GROSSO,NOVA UBIRATÃ,Amazônia,,,,66.2,-13.2189,-54.4975
2026/05/28 04:40:00,GOES-19,Brasil,TOCANTINS,NATIVIDADE,Cerrado,,,,89.9,-11.591,-47.4496
2026/05/28 04:40:00,NOAA-21,Brasil,MATO GROSSO,ARIPUANÃ,Amazônia,,,,0.8,-10.44547,-59.42902
2026/05/28 04:40:00,NOAA-21,Brasil,TOCANTINS,MATEIROS,Cerrado,,,,0.8,-10.79827,-46.87513
2026/05/28 04:40:00,NOAA-21,Brasil,MARANHÃO,BARRA DO CORDA,Cerrado,,,,2.5,-5.80167,-45.13166
2026/05/28 04:40:00,NOAA-21,Brasil,MARANHÃO,GRAJAÚ,Cerrado,,,,0.9,-5.91645,-45.53389
2026/05/28 04:40:00,NOAA-21,Brasil,TOCANTINS,MATEIROS,Cerrado,,,,1.0,-10.63825,-46.89481
2026/05/28 04:40:00,NOAA-21,Brasil,MARANHÃO,CAROLINA,Cerrado,,,,1.5,-7.6271,-47.31045
2026/05/28 04:40:00,NOAA-21,Brasil,MATO GROSSO,UNIÃO DO SUL,Amazônia,,,,1.7,-11.30175,-54.02745
2026/05/28 04:40:00,NOAA-21,Brasil,MARANHÃO,LAGOA DO MATO,Cerrado,,,,9.8,-5.95955,-43.48864
2026/05/28 04:40:00,NOAA-21,Brasil,TOCANTINS,RIO SONO,Cerrado,,,,1.4,-9.39707,-47.36557
2026/05/28 04:40:00,NOAA-21,Brasil,PIAUÍ,SANTA FILOMENA,Cerrado,,,,0.9,-9.34015,-45.4711
2026/05/28 04:40:00,NOAA-21,Brasil,PIAUÍ,SANTA FILOMENA,Cerrado,,,,5.0,-9.35255,-45.46782
2026/05/28 04:40:00,NOAA-21,Brasil,TOCANTINS,CONCEIÇÃO DO TOCANTINS,Cerrado,,,,3.1,-11.96982,-47.38132
2026/05/28 04:40:00,NOAA-21,Brasil,MARANHÃO,SAMBAÍBA,Cerrado,,,,1.4,-7.40727,-45.50843
2026/05/28 04:40:00,NOAA-21,Brasil,TOCANTINS,NATIVIDADE,Cerrado,,,,4.8,-11.584,-47.44382
2026/05/28 04:40:00,NOAA-21,Brasil,TOCANTINS,MONTE DO CARMO,Cerrado,,,,4.2,-10.56461,-48.03015
2026/05/28 04:40:00,NOAA-21,Brasil,MARANHÃO,LAGOA DO MATO,Cerrado,,,,1.7,-5.92211,-43.47929
2026/05/28 04:40:00,NOAA-21,Brasil,TOCANTINS,GUARAÍ,Cerrado,,,,4.0,-8.6824,-48.30531
2026/05/28 04:40:00,NOAA-21,Brasil,PIAUÍ,FLORIANO,Caatinga,,,,4.2,-6.99538,-42.87542
2026/05/28 04:40:00,NOAA-21,Brasil,MATO GROSSO,SÃO FÉLIX DO ARAGUAIA,Amazônia,,,,4.8,-11.47102,-52.91549
2026/05/28 04:40:00,NOAA-21,Brasil,TOCANTINS,MIRACEMA DO TOCANTINS,Cerrado,,,,1.3,-9.3893,-48.43502
2026/05/28 04:40:00,NOAA-21,Brasil,MATO GROSSO,UNIÃO DO SUL,Amazônia,,,,1.8,-11.27829,-53.96667
2026/05/28 04:40:00,NOAA-21,Brasil,TOCANTINS,NATIVIDADE,Cerrado,,,,6.3,-11.59772,-47.45015
2026/05/28 04:40:00,NOAA-21,Brasil,MARANHÃO,BARRA DO CORDA,Cerrado,,,,2.2,-5.80304,-45.12253
2026/05/28 04:40:00,NOAA-21,Brasil,MATO GROSSO,SÃO FÉLIX DO ARAGUAIA,Amazônia,,,,3.9,-11.46078,-52.92259
2026/05/28 04:40:00,NOAA-21,Brasil,MATO GROSSO,SÃO FÉLIX DO ARAGUAIA,Amazônia,,,,4.8,-11.47384,-52.91996
2026/05/28 04:40:00,NOAA-21,Brasil,MATO GROSSO,SÃO FÉLIX DO ARAGUAIA,Amazônia,,,,9.4,-11.47732,-52.92054
2026/05/28 04:40:00,NOAA-21,Brasil,TOCANTINS,DIVINÓPOLIS DO TOCANTINS,Cerrado,,,,1.2,-9.73582,-49.21808
2026/05/28 04:40:00,NOAA-21,Brasil,MATO GROSSO,NOVA CANAÃ DO NORTE,Amazônia,,,,1.7,-10.70851,-56.05003
2026/05/28 04:40:00,NOAA-21,Brasil,MATO GROSSO,SÃO FÉLIX DO ARAGUAIA,Amazônia,,,,2.5,-11.46488,-52.91927
2026/05/28 04:40:00,NOAA-21,Brasil,MARANHÃO,MIRADOR,Cerrado,,,,5.9,-6.53851,-44.68826
2026/05/28 04:40:00,NOAA-21,Brasil,MATO GROSSO,SANTA CRUZ DO XINGU,Amazônia,,,,4.3,-10.13674,-52.39869
2026/05/28 04:40:00,NOAA-21,Brasil,TOCANTINS,CONCEIÇÃO DO TOCANTINS,Cerrado,,,,3.1,-11.97404,-47.37764
2026/05/28 04:40:00,NOAA-21,Brasil,TOCANTINS,MIRACEMA DO TOCANTINS,Cerrado,,,,2.5,-9.39833,-48.44389
2026/05/28 04:40:00,NOAA-21,Brasil,MARANHÃO,LORETO,Cerrado,,,,1.8,-7.01312,-45.00596
2026/05/28 04:40:00,NOAA-21,Brasil,MARANHÃO,MIRADOR,Cerrado,,,,7.3,-6.54255,-44.68636
2026/05/28 04:40:00,NOAA-21,Brasil,BAHIA,SÃO DESIDÉRIO,Cerrado,,,,1.9,-12.69979,-44.79093
2026/05/28 04:40:00,NOAA-21,Brasil,TOCANTINS,MONTE DO CARMO,Cerrado,,,,4.2,-10.56806,-48.03072
2026/05/28 04:40:00,NOAA-21,Brasil,PIAUÍ,SANTA FILOMENA,Cerrado,,,,2.9,-9.36185,-45.46551
2026/05/28 04:40:00,NOAA-21,Brasil,TOCANTINS,NATIVIDADE,Cerrado,,,,6.0,-11.59595,-47.43707
2026/05/28 04:40:00,NOAA-21,Brasil,TOCANTINS,DOIS IRMÃOS DO TOCANTINS,Cerrado,,,,2.9,-9.44601,-48.8902
2026/05/28 04:40:00,NOAA-21,Brasil,PARÁ,FLORESTA DO ARAGUAIA,Amazônia,,,,0.8,-7.4608,-49.7426
2026/05/28 04:40:00,NOAA-21,Brasil,TOCANTINS,RIO SONO,Cerrado,,,,1.3,-9.39971,-47.36716
2026/05/28 04:40:00,NOAA-21,Brasil,TOCANTINS,TAGUATINGA,Cerrado,,,,1.2,-12.45898,-46.53133
2026/05/28 04:40:00,NOAA-21,Brasil,PIAUÍ,SANTA FILOMENA,Cerrado,,,,3.1,-9.34557,-45.46824
2026/05/28 04:40:00,NOAA-21,Brasil,TOCANTINS,CONCEIÇÃO DO TOCANTINS,Cerrado,,,,1.2,-11.99116,-47.15675
2026/05/28 04:40:00,NOAA-21,Brasil,MATO GROSSO,COTRIGUAÇU,Amazônia,,,,0.8,-9.60468,-58.34335
2026/05/28 04:40:00,NOAA-21,Brasil,PARÁ,SANTA MARIA DAS BARREIRAS,Amazônia,,,,1.4,-8.84629,-49.86786
2026/05/28 04:40:00,NOAA-21,Brasil,MARANHÃO,JOÃO LISBOA,Amazônia,,,,0.7,-5.1055,-46.94443
2026/05/28 04:40:00,NOAA-21,Brasil,TOCANTINS,RIO DOS BOIS,Cerrado,,,,0.9,-9.28463,-48.58968
2026/05/28 04:40:00,NOAA-21,Brasil,TOCANTINS,DIVINÓPOLIS DO TOCANTINS,Cerrado,,,,1.0,-9.74023,-49.21154
2026/05/28 04:40:00,NOAA-21,Brasil,MATO GROSSO,APIACÁS,Amazônia,,,,0.9,-9.28502,-57.84793
2026/05/28 04:40:00,NOAA-21,Brasil,PARÁ,SÃO FÉLIX DO XINGU,Amazônia,,,,0.9,-8.91335,-51.85641
2026/05/28 04:40:00,NOAA-21,Brasil,MATO GROSSO,UNIÃO DO SUL,Amazônia,,,,4.4,-11.30024,-54.03629
2026/05/28 04:40:00,NOAA-21,Brasil,MARANHÃO,LAGOA DO MATO,Cerrado,,,,9.8,-5.95897,-43.49254
2026/05/28 04:40:00,NOAA-21,Brasil,TOCANTINS,NATIVIDADE,Cerrado,,,,4.8,-11.5846,-47.43963
2026/05/28 04:40:00,NOAA-21,Brasil,PIAUÍ,FLORIANO,Caatinga,,,,3.1,-6.99856,-42.885
2026/05/28 04:40:00,NOAA-21,Brasil,TOCANTINS,PALMEIRANTE,Cerrado,,,,0.6,-7.93054,-47.97137
2026/05/28 04:40:00,NOAA-21,Brasil,TOCANTINS,DIVINÓPOLIS DO TOCANTINS,Cerrado,,,,2.5,-9.73968,-49.21508
2026/05/28 04:40:00,NOAA-21,Brasil,PIAUÍ,SANTA FILOMENA,Cerrado,,,,5.5,-9.34793,-45.47224
2026/05/28 04:40:00,NOAA-21,Brasil,TOCANTINS,CHAPADA DA NATIVIDADE,Cerrado,,,,4.1,-11.61524,-47.90444
2026/05/28 04:40:00,NOAA-21,Brasil,PIAUÍ,SANTA FILOMENA,Cerrado,,,,3.1,-9.34099,-45.47265
2026/05/28 04:40:00,NOAA-21,Brasil,TOCANTINS,NATIVIDADE,Cerrado,,,,20.0,-11.59056,-47.4491
2026/05/28 04:40:00,NOAA-21,Brasil,MARANHÃO,ALTO PARNAÍBA,Cerrado,,,,1.3,-9.05319,-46.3026
2026/05/28 04:40:00,NOAA-21,Brasil,TOCANTINS,GUARAÍ,Cerrado,,,,0.8,-8.7241,-48.33784
2026/05/28 04:40:00,NOAA-21,Brasil,MATO GROSSO,UNIÃO DO SUL,Amazônia,,,,0.5,-11.29366,-54.03061
2026/05/28 04:40:00,NOAA-21,Brasil,TOCANTINS,PUGMIL,Cerrado,,,,6.6,-10.48235,-48.90977
2026/05/28 04:40:00,NOAA-21,Brasil,TOCANTINS,NATIVIDADE,Cerrado,,,,8.6,-11.59534,-47.44127
2026/05/28 04:40:00,NOAA-21,Brasil,TOCANTINS,LAGOA DA CONFUSÃO,Cerrado,,,,0.9,-10.65697,-49.72697
2026/05/28 04:40:00,NOAA-21,Brasil,MARANHÃO,LAGOA DO MATO,Cerrado,,,,1.7,-5.92634,-43.47988
2026/05/28 04:40:00,NOAA-21,Brasil,MARANHÃO,MIRADOR,Cerrado,,,,4.9,-6.54648,-44.68693
2026/05/28 04:40:00,NOAA-21,Brasil,TOCANTINS,ITACAJÁ,Cerrado,,,,1.5,-8.71696,-47.80005
2026/05/28 04:40:00,NOAA-21,Brasil,TOCANTINS,LAGOA DA CONFUSÃO,Cerrado,,,,0.3,-10.65974,-49.731
2026/05/28 04:40:00,NOAA-21,Brasil,TOCANTINS,ITACAJÁ,Cerrado,,,,1.6,-8.70954,-47.80276
2026/05/28 04:40:00,NOAA-21,Brasil,PIAUÍ,FLORIANO,Caatinga,,,,6.4,-6.99921,-42.88051
2026/05/28 04:40:00,NOAA-21,Brasil,MATO GROSSO,TABAPORÃ,Amazônia,,,,1.1,-11.03699,-56.92312
2026/05/28 04:40:00,NOAA-21,Brasil,TOCANTINS,PARANÃ,Cerrado,,,,6.6,-12.32867,-47.89577
2026/05/28 04:40:00,NOAA-21,Brasil,MARANHÃO,LAGOA DO MATO,Cerrado,,,,9.8,-5.95474,-43.49199
2026/05/28 04:40:00,NOAA-21,Brasil,TOCANTINS,RIO DOS BOIS,Cerrado,,,,0.6,-9.2919,-48.58709
2026/05/28 04:40:00,NOAA-21,Brasil,PARÁ,CUMARU DO NORTE,Amazônia,,,,3.4,-9.14567,-51.28958
2026/05/28 04:40:00,NOAA-21,Brasil,TOCANTINS,RIO DOS BOIS,Cerrado,,,,0.9,-9.28799,-48.5902
2026/05/28 04:40:00,NOAA-21,Brasil,MATO GROSSO,SÃO FÉLIX DO ARAGUAIA,Amazônia,,,,5.4,-11.47183,-52.92044
2026/05/28 04:40:00,NOAA-21,Brasil,MATO GROSSO,SÃO FÉLIX DO ARAGUAIA,Amazônia,,,,1.7,-11.44908,-52.92866
2026/05/28 04:40:00,NOAA-21,Brasil,TOCANTINS,MIRACEMA DO TOCANTINS,Cerrado,,,,3.4,-9.39888,-48.44024
2026/05/28 04:40:00,NOAA-21,Brasil,TOCANTINS,NATIVIDADE,Cerrado,,,,4.8,-11.58758,-47.44438
2026/05/28 04:40:00,NOAA-21,Brasil,PIAUÍ,SANTA FILOMENA,Cerrado,,,,5.5,-9.34404,-45.47167
2026/05/28 04:40:00,NOAA-21,Brasil,MARANHÃO,LORETO,Cerrado,,,,2.9,-7.00995,-45.00055
2026/05/28 04:40:00,NOAA-21,Brasil,TOCANTINS,DIVINÓPOLIS DO TOCANTINS,Cerrado,,,,1.0,-9.74355,-49.21206
2026/05/28 04:40:00,NOAA-21,Brasil,TOCANTINS,LAGOA DA CONFUSÃO,Cerrado,,,,0.9,-10.65643,-49.73047
2026/05/28 04:40:00,NOAA-21,Brasil,TOCANTINS,ANANÁS,Cerrado,,,,0.5,-6.40461,-48.01792
2026/05/28 04:40:00,NOAA-21,Brasil,MATO GROSSO,MARCELÂNDIA,Amazônia,,,,1.1,-11.21995,-53.82312
2026/05/28 04:40:00,NOAA-21,Brasil,MARANHÃO,BARRA DO CORDA,Cerrado,,,,1.8,-5.79271,-45.13974
2026/05/28 04:40:00,NOAA-21,Brasil,TOCANTINS,APARECIDA DO RIO NEGRO,Cerrado,,,,2.2,-9.94647,-48.01674
2026/05/28 04:40:00,NOAA-21,Brasil,TOCANTINS,GUARAÍ,Cerrado,,,,0.8,-8.72802,-48.33474
2026/05/28 04:40:00,NOAA-21,Brasil,PIAUÍ,FLORIANO,Caatinga,,,,1.7,-6.99408,-42.8844
2026/05/28 04:40:00,NOAA-21,Brasil,TOCANTINS,MATEIROS,Cerrado,,,,5.9,-10.63335,-46.90281
2026/05/28 04:40:00,NOAA-21,Brasil,TOCANTINS,MIRANORTE,Cerrado,,,,1.3,-9.28127,-48.58916
2026/05/28 04:40:00,NOAA-21,Brasil,TOCANTINS,MATEIROS,Cerrado,,,,7.1,-10.77815,-46.91171
2026/05/28 04:40:00,NOAA-21,Brasil,MARANHÃO,LAGOA DO MATO,Cerrado,,,,26.2,-5.95962,-43.49097
2026/05/28 04:40:00,NOAA-21,Brasil,TOCANTINS,MATEIROS,Cerrado,,,,5.9,-10.62972,-46.90224
2026/05/28 04:40:00,NOAA-21,Brasil,TOCANTINS,GUARAÍ,Cerrado,,,,4.0,-8.68185,-48.30893
2026/05/28 04:40:00,NOAA-21,Brasil,TOCANTINS,PARANÃ,Cerrado,,,,6.6,-12.32808,-47.89979
2026/05/28 04:40:00,NOAA-21,Brasil,TOCANTINS,CENTENÁRIO,Cerrado,,,,1.3,-9.22187,-47.51812
2026/05/28 04:40:00,NOAA-21,Brasil,PIAUÍ,SANTA FILOMENA,Cerrado,,,,5.0,-9.35718,-45.4634
2026/05/28 04:40:00,NOAA-21,Brasil,PIAUÍ,FLORIANO,Caatinga,,,,4.2,-6.99473,-42.87991
2026/05/28 04:40:00,NOAA-21,Brasil,MARANHÃO,MIRADOR,Cerrado,,,,3.1,-6.54244,-44.68882
2026/05/28 04:40:00,NOAA-21,Brasil,PARÁ,CUMARU DO NORTE,Amazônia,,,,2.9,-9.1429,-51.28543
2026/05/28 04:40:00,NOAA-21,Brasil,MATO GROSSO,ARIPUANÃ,Amazônia,,,,1.0,-10.44538,-59.43329
2026/05/28 04:40:00,NOAA-21,Brasil,TOCANTINS,ALMAS,Cerrado,,,,1.0,-11.16671,-46.80865
2026/05/28 04:40:00,NOAA-21,Brasil,PARÁ,CUMARU DO NORTE,Amazônia,,,,0.8,-8.43582,-51.55208
2026/05/28 04:40:00,NOAA-21,Brasil,TOCANTINS,SANTA ROSA DO TOCANTINS,Cerrado,,,,0.7,-11.37941,-47.93593
2026/05/28 04:40:00,NOAA-21,Brasil,MATO GROSSO,QUERÊNCIA,Amazônia,,,,0.9,-11.64596,-52.86101
2026/05/28 04:40:00,NOAA-21,Brasil,TOCANTINS,ITACAJÁ,Cerrado,,,,1.0,-8.7101,-47.79899
2026/05/28 04:40:00,NOAA-21,Brasil,TOCANTINS,PARANÃ,Cerrado,,,,5.6,-12.32454,-47.89927
2026/05/28 04:40:00,NOAA-21,Brasil,TOCANTINS,GUARAÍ,Cerrado,,,,7.1,-8.72911,-48.32747
2026/05/28 04:40:00,NOAA-21,Brasil,TOCANTINS,MATEIROS,Cerrado,,,,6.5,-10.62481,-46.91033
2026/05/28 04:40:00,NOAA-21,Brasil,TOCANTINS,NATIVIDADE,Cerrado,,,,20.0,-11.59354,-47.4538
2026/05/28 04:40:00,NOAA-21,Brasil,TOCANTINS,RIO DOS BOIS,Cerrado,,,,0.8,-9.34093,-48.40134
2026/05/28 04:40:00,NOAA-21,Brasil,TOCANTINS,MIRACEMA DO TOCANTINS,Cerrado,,,,1.3,-9.38537,-48.43813
2026/05/28 04:40:00,NOAA-21,Brasil,MATO GROSSO,SÃO FÉLIX DO ARAGUAIA,Amazônia,,,,5.4,-11.46899,-52.91595
2026/05/28 04:40:00,NOAA-21,Brasil,TOCANTINS,MIRACEMA DO TOCANTINS,Cerrado,,,,2.5,-9.39495,-48.44336
2026/05/28 04:40:00,NOAA-21,Brasil,MARANHÃO,LAGOA DO MATO,Cerrado,,,,9.2,-5.95539,-43.49043
2026/05/28 04:40:00,NOAA-21,Brasil,BAHIA,SANTA RITA DE CÁSSIA,Cerrado,,,,1.2,-10.95338,-44.17667
2026/05/28 04:40:00,NOAA-21,Brasil,TOCANTINS,ITACAJÁ,Cerrado,,,,1.0,-8.71353,-47.79953
2026/05/28 04:40:00,NOAA-21,Brasil,PARÁ,CUMARU DO NORTE,Amazônia,,,,2.9,-9.14625,-51.28598
2026/05/28 04:40:00,NOAA-21,Brasil,TOCANTINS,PUGMIL,Cerrado,,,,6.6,-10.48289,-48.90615
2026/05/28 04:40:00,NOAA-21,Brasil,PIAUÍ,SANTA FILOMENA,Cerrado,,,,3.5,-9.35405,-45.46439
2026/05/28 04:40:00,NOAA-21,Brasil,PARÁ,CONCEIÇÃO DO ARAGUAIA,Amazônia,,,,0.7,-8.11824,-49.56358
2026/05/28 04:40:00,NOAA-21,Brasil,TOCANTINS,MIRACEMA DO TOCANTINS,Cerrado,,,,3.4,-9.3955,-48.43972
2026/05/28 04:40:00,NOAA-21,Brasil,TOCANTINS,ALMAS,Cerrado,,,,1.0,-11.16242,-46.81234
2026/05/28 04:40:00,NOAA-21,Brasil,MATO GROSSO,SANTA CRUZ DO XINGU,Amazônia,,,,2.2,-10.14294,-52.3992
2026/05/28 04:40:00,NOAA-21,Brasil,PIAUÍ,SANTA FILOMENA,Cerrado,,,,3.1,-9.34488,-45.47322
2026/05/28 04:40:00,NOAA-21,Brasil,TOCANTINS,LIZARDA,Cerrado,,,,1.1,-9.15167,-46.86423
2026/05/28 04:40:00,NOAA-21,Brasil,MATO GROSSO,VILA RICA,Amazônia,,,,0.7,-10.05269,-51.6813
2026/05/28 04:40:00,NOAA-21,Brasil,PIAUÍ,SANTA FILOMENA,Cerrado,,,,3.9,-9.34946,-45.46881
2026/05/28 04:40:00,NOAA-21,Brasil,MATO GROSSO,SANTA CRUZ DO XINGU,Amazônia,,,,4.3,-10.13613,-52.40253
2026/05/28 04:40:00,NOAA-21,Brasil,PARÁ,SÃO FÉLIX DO XINGU,Amazônia,,,,0.8,-8.90711,-51.85168
2026/05/28 04:40:00,NOAA-21,Brasil,MATO GROSSO,MARCELÂNDIA,Amazônia,,,,1.1,-10.87298,-53.73849
2026/05/28 04:40:00,NOAA-21,Brasil,TOCANTINS,SÃO VALÉRIO,Cerrado,,,,2.7,-11.82648,-48.21286
2026/05/28 04:40:00,NOAA-21,Brasil,TOCANTINS,NATIVIDADE,Cerrado,,,,8.6,-11.59116,-47.44492
2026/05/28 04:40:00,NOAA-21,Brasil,MATO GROSSO,PEIXOTO DE AZEVEDO,Amazônia,,,,1.0,-9.99025,-53.62619
2026/05/28 04:40:00,NOAA-21,Brasil,TOCANTINS,GUARAÍ,Cerrado,,,,7.1,-8.72857,-48.33111
2026/05/28 04:40:00,NOAA-21,Brasil,MATO GROSSO,SÃO FÉLIX DO ARAGUAIA,Amazônia,,,,4.8,-11.47037,-52.91938
2026/05/28 04:40:00,NOAA-21,Brasil,MARANHÃO,BALSAS,Cerrado,,,,1.3,-9.13783,-46.86814
2026/05/28 04:40:00,NOAA-21,Brasil,TOCANTINS,NATIVIDADE,Cerrado,,,,3.6,-11.5929,-47.45829
2026/05/28 04:40:00,NOAA-21,Brasil,TOCANTINS,PONTE ALTA DO TOCANTINS,Cerrado,,,,2.3,-10.77937,-46.90307
2026/05/28 04:40:00,NOAA-21,Brasil,TOCANTINS,MIRACEMA DO TOCANTINS,Cerrado,,,,1.2,-9.39158,-48.44283
2026/05/28 04:40:00,NOAA-21,Brasil,MATO GROSSO,UNIÃO DO SUL,Amazônia,,,,1.7,-11.28121,-53.97171
2026/05/28 04:40:00,NOAA-21,Brasil,TOCANTINS,NATIVIDADE,Cerrado,,,,20.0,-11.58996,-47.45328
2026/05/28 04:40:00,NOAA-21,Brasil,MARANHÃO,LAGOA DO MATO,Cerrado,,,,2.4,-5.9371,-43.46538
2026/05/28 04:40:00,NOAA-21,Brasil,BAHIA,BAIANÓPOLIS,Cerrado,,,,1.5,-12.60295,-44.52359
2026/05/28 04:40:00,NOAA-21,Brasil,TOCANTINS,MATEIROS,Cerrado,,,,1.1,-10.8007,-46.88424
2026/05/28 04:40:00,NOAA-21,Brasil,MATO GROSSO,QUERÊNCIA,Amazônia,,,,1.2,-11.81151,-52.51552
2026/05/28 04:40:00,NOAA-21,Brasil,MARANHÃO,MIRADOR,Cerrado,,,,3.1,-6.54638,-44.68939
2026/05/28 04:40:00,NOAA-21,Brasil,MATO GROSSO,QUERÊNCIA,Amazônia,,,,0.3,-11.6425,-52.86042
2026/05/28 04:40:00,NOAA-21,Brasil,TOCANTINS,RIO DOS BOIS,Cerrado,,,,0.6,-9.29245,-48.58349
2026/05/28 04:40:00,NOAA-21,Brasil,MARANHÃO,MIRADOR,Cerrado,,,,1.5,-6.54579,-44.69171
2026/05/28 04:40:00,NOAA-21,Brasil,PIAUÍ,SANTA FILOMENA,Cerrado,,,,3.9,-9.35336,-45.46938
2026/05/28 04:40:00,NOAA-21,Brasil,TOCANTINS,MONTE DO CARMO,Cerrado,,,,1.5,-10.56518,-48.02633
2026/05/28 04:40:00,NOAA-21,Brasil,MARANHÃO,MIRADOR,Cerrado,,,,5.9,-6.53923,-44.68342
2026/05/28 04:40:00,NOAA-21,Brasil,TOCANTINS,PUGMIL,Cerrado,,,,6.6,-10.47899,-48.90924
2026/05/28 04:40:00,NOAA-21,Brasil,MATO GROSSO,SANTA CRUZ DO XINGU,Amazônia,,,,0.7,-10.1445,-52.13208
2026/05/28 04:40:00,NOAA-21,Brasil,TOCANTINS,MATEIROS,Cerrado,,,,1.3,-10.63762,-46.89909
2026/05/28 04:40:00,NOAA-21,Brasil,MARANHÃO,ALTO PARNAÍBA,Cerrado,,,,1.3,-9.05688,-46.30318
2026/05/28 04:40:00,NOAA-21,Brasil,MARANHÃO,JOÃO LISBOA,Amazônia,,,,1.0,-5.10492,-46.94818
2026/05/28 04:40:00,NOAA-21,Brasil,MARANHÃO,BARRA DO CORDA,Cerrado,,,,2.2,-5.80615,-45.12761
2026/05/28 04:40:00,NOAA-21,Brasil,MATO GROSSO,NOVA CANAÃ DO NORTE,Amazônia,,,,1.7,-10.70918,-56.04611
2026/05/28 04:40:00,NOAA-21,Brasil,MATO GROSSO,UNIÃO DO SUL,Amazônia,,,,1.8,-11.27463,-53.96605
2026/05/28 04:40:00,NOAA-21,Brasil,TOCANTINS,MIRACEMA DO TOCANTINS,Cerrado,,,,0.6,-10.04081,-48.69074
2026/05/28 04:40:00,NOAA-21,Brasil,MARANHÃO,BARRA DO CORDA,Cerrado,,,,2.8,-5.79787,-45.13115
2026/05/28 04:40:00,NOAA-21,Brasil,MARANHÃO,RIACHÃO,Cerrado,,,,2.4,-7.35299,-46.21619
2026/05/28 04:40:00,NOAA-21,Brasil,PIAUÍ,FLORIANO,Caatinga,,,,6.4,-6.99985,-42.87602
2026/05/28 04:40:00,NOAA-21,Brasil,PARÁ,OURILÂNDIA DO NORTE,Amazônia,,,,4.9,-8.34059,-51.92284
2026/05/28 04:40:00,NOAA-21,Brasil,MARANHÃO,LAGOA DO MATO,Cerrado,,,,9.8,-5.95531,-43.48811
2026/05/28 04:40:00,NOAA-21,Brasil,MARANHÃO,BALSAS,Cerrado,,,,4.3,-7.71219,-45.93666
2026/05/28 04:40:00,NOAA-21,Brasil,MARANHÃO,BARRA DO CORDA,Cerrado,,,,2.2,-5.80684,-45.12304
2026/05/28 04:40:00,NOAA-21,Brasil,MATO GROSSO,UNIÃO DO SUL,Amazônia,,,,1.8,-11.27756,-53.97108
2026/05/28 04:40:00,NOAA-21,Brasil,TOCANTINS,NATIVIDADE,Cerrado,,,,11.8,-11.60191,-47.44648
2026/05/28 04:40:00,NOAA-21,Brasil,TOCANTINS,GUARAÍ,Cerrado,,,,1.7,-8.68295,-48.30167
2026/05/28 04:40:00,NOAA-21,Brasil,BAHIA,SÃO DESIDÉRIO,Cerrado,,,,2.4,-12.69179,-44.78565
2026/05/28 04:40:00,NOAA-21,Brasil,TOCANTINS,MATEIROS,Cerrado,,,,0.8,-10.80133,-46.87987
2026/05/28 04:40:00,NOAA-21,Brasil,BAHIA,SÃO DESIDÉRIO,Cerrado,,,,1.3,-12.69606,-44.78625
2026/05/28 04:40:00,NOAA-21,Brasil,TOCANTINS,PORTO NACIONAL,Cerrado,,,,1.5,-10.62839,-48.32946
2026/05/28 04:40:00,NOAA-21,Brasil,TOCANTINS,GUARAÍ,Cerrado,,,,9.5,-8.72629,-48.32329
2026/05/28 04:40:00,NOAA-21,Brasil,MARANHÃO,SAMBAÍBA,Cerrado,,,,1.4,-7.40793,-45.50384
2026/05/28 04:40:00,NOAA-21,Brasil,BAHIA,BAIANÓPOLIS,Cerrado,,,,1.3,-12.60433,-44.52594
2026/05/28 04:40:00,NOAA-21,Brasil,MATO GROSSO,SÃO FÉLIX DO ARAGUAIA,Amazônia,,,,4.8,-11.47449,-52.91607
2026/05/28 04:40:00,NOAA-21,Brasil,MARANHÃO,ALTO PARNAÍBA,Cerrado,,,,2.0,-9.05256,-46.30698
2026/05/28 04:40:00,NOAA-21,Brasil,MATO GROSSO,SÃO FÉLIX DO ARAGUAIA,Amazônia,,,,5.4,-11.47247,-52.91653
2026/05/28 04:40:00,NOAA-21,Brasil,PIAUÍ,SANTA FILOMENA,Cerrado,,,,5.0,-9.35645,-45.46839
2026/05/28 04:40:00,NOAA-21,Brasil,TOCANTINS,GUARAÍ,Cerrado,,,,9.5,-8.72966,-48.32382
2026/05/28 04:40:00,NOAA-21,Brasil,PIAUÍ,SANTA FILOMENA,Cerrado,,,,2.9,-9.35865,-45.45992
2026/05/28 04:40:00,NOAA-21,Brasil,MATO GROSSO,UNIÃO DO SUL,Amazônia,,,,1.7,-11.29808,-54.02683
2026/05/28 04:40:00,NOAA-21,Brasil,PARÁ,SANTA MARIA DAS BARREIRAS,Amazônia,,,,3.2,-8.40539,-50.2485
2026/05/28 04:40:00,NOAA-21,Brasil,PIAUÍ,SANTA FILOMENA,Cerrado,,,,3.2,-9.34866,-45.46727
2026/05/28 04:40:00,NOAA-21,Brasil,MATO GROSSO,SÃO FÉLIX DO ARAGUAIA,Amazônia,,,,3.8,-11.47319,-52.92387
2026/05/28 04:40:00,NOAA-21,Brasil,MARANHÃO,MIRADOR,Cerrado,,,,7.3,-6.53861,-44.68578
2026/05/28 04:40:00,NOAA-21,Brasil,TOCANTINS,MATEIROS,Cerrado,,,,7.1,-10.77876,-46.90742
2026/05/28 04:40:00,NOAA-21,Brasil,PARÁ,SANTANA DO ARAGUAIA,Amazônia,,,,0.9,-9.1675,-50.0328
2026/05/28 04:40:00,NOAA-21,Brasil,MATO GROSSO,ARIPUANÃ,Amazônia,,,,0.7,-10.44484,-59.43234
2026/05/28 04:40:00,NOAA-21,Brasil,TOCANTINS,RIO DOS BOIS,Cerrado,,,,2.2,-9.27845,-48.58505
2026/05/28 04:40:00,NOAA-21,Brasil,MATO GROSSO,UNIÃO DO SUL,Amazônia,,,,1.8,-11.28935,-54.01173
2026/05/28 04:40:00,NOAA-21,Brasil,TOCANTINS,MIRANORTE,Cerrado,,,,1.3,-9.27791,-48.58865
2026/05/28 04:40:00,NOAA-21,Brasil,PARÁ,CUMARU DO NORTE,Amazônia,,,,2.9,-9.14683,-51.28238
2026/05/28 04:40:00,NOAA-21,Brasil,PARÁ,SÃO FÉLIX DO XINGU,Amazônia,,,,0.9,-8.91053,-51.8522
2026/05/28 04:40:00,NOAA-21,Brasil,TOCANTINS,SUCUPIRA,Cerrado,,,,0.9,-12.2677,-48.80495
2026/05/28 04:40:00,NOAA-21,Brasil,MATO GROSSO,COTRIGUAÇU,Amazônia,,,,1.4,-9.60521,-58.34044
2026/05/28 04:40:00,NOAA-21,Brasil,TOCANTINS,PORTO NACIONAL,Cerrado,,,,1.5,-10.63237,-48.32623
2026/05/28 04:40:00,NOAA-21,Brasil,MATO GROSSO,SÃO FÉLIX DO ARAGUAIA,Amazônia,,,,1.0,-11.44276,-52.92359
2026/05/28 04:40:00,NOAA-21,Brasil,TOCANTINS,NATIVIDADE,Cerrado,,,,3.6,-11.58933,-47.45767
2026/05/28 04:40:00,NOAA-21,Brasil,MARANHÃO,LORETO,Cerrado,,,,3.3,-7.0114,-44.99071
2026/05/28 04:40:00,NOAA-21,Brasil,TOCANTINS,NATIVIDADE,Cerrado,,,,20.0,-11.59414,-47.44963
2026/05/28 04:40:00,NOAA-21,Brasil,TOCANTINS,RIO DOS BOIS,Cerrado,,,,1.4,-9.28854,-48.58659
2026/05/28 04:40:00,NOAA-21,Brasil,TOCANTINS,LIZARDA,Cerrado,,,,1.5,-9.14982,-46.86154
2026/05/28 04:40:00,NOAA-21,Brasil,TOCANTINS,MATEIROS,Cerrado,,,,12.1,-10.62909,-46.90654
2026/05/28 04:40:00,NOAA-21,Brasil,TOCANTINS,CONCEIÇÃO DO TOCANTINS,Cerrado,,,,3.1,-11.97044,-47.37709
2026/05/28 04:40:00,NOAA-21,Brasil,TOCANTINS,MATEIROS,Cerrado,,,,0.9,-10.77571,-46.90264
2026/05/28 04:40:00,NOAA-21,Brasil,TOCANTINS,GUARAÍ,Cerrado,,,,1.7,-8.68915,-48.30634
2026/05/28 04:40:00,NOAA-21,Brasil,TOCANTINS,TOCANTÍNIA,Cerrado,,,,0.9,-9.75664,-48.06588
2026/05/28 04:40:00,NOAA-21,Brasil,TOCANTINS,MONTE DO CARMO,Cerrado,,,,1.5,-10.56863,-48.0269
2026/05/28 04:40:00,NOAA-21,Brasil,PARÁ,CUMARU DO NORTE,Amazônia,,,,0.8,-8.8985,-51.8617
2026/05/28 04:40:00,NOAA-21,Brasil,MARANHÃO,BARRA DO CORDA,Cerrado,,,,2.2,-5.80235,-45.1271
2026/05/28 04:40:00,NOAA-21,Brasil,MARANHÃO,COLINAS,Cerrado,,,,2.0,-6.0339,-43.9934
2026/05/28 04:40:00,NOAA-21,Brasil,BAHIA,JUAZEIRO,Caatinga,,,,3.5,-9.13982,-40.10775
2026/05/28 04:40:00,NOAA-21,Brasil,TOCANTINS,GUARAÍ,Cerrado,,,,0.8,-8.72465,-48.33421
2026/05/28 04:40:00,NOAA-21,Brasil,MATO GROSSO,UNIÃO DO SUL,Amazônia,,,,1.8,-11.2739,-53.97045
2026/05/28 04:40:00,NOAA-21,Brasil,TOCANTINS,NATIVIDADE,Cerrado,,,,6.3,-11.59712,-47.45438
2026/05/28 04:40:00,NOAA-21,Brasil,TOCANTINS,PALMEIRANTE,Cerrado,,,,0.6,-7.9311,-47.9677
2026/05/28 04:40:00,NOAA-21,Brasil,TOCANTINS,SÃO VALÉRIO,Cerrado,,,,2.7,-11.82994,-48.2134
2026/05/28 04:40:00,NOAA-21,Brasil,MARANHÃO,BARRA DO CORDA,Cerrado,,,,1.2,-5.79856,-45.12658
2026/05/28 04:40:00,NOAA-21,Brasil,TOCANTINS,MATEIROS,Cerrado,,,,0.9,-10.77634,-46.89823
2026/05/28 04:40:00,NOAA-21,Brasil,MARANHÃO,LAGOA DO MATO,Cerrado,,,,7.3,-5.95907,-43.49487
2026/05/28 04:40:00,NOAA-21,Brasil,MATO GROSSO,SANTA CRUZ DO XINGU,Amazônia,,,,4.3,-10.14019,-52.39926
2026/05/28 04:40:00,NOAA-21,Brasil,TOCANTINS,FORTALEZA DO TABOCÃO,Amazônia,,,,0.6,-9.09568,-48.6499
2026/05/28 04:40:00,NOAA-21,Brasil,MATO GROSSO,VILA RICA,Amazônia,,,,0.7,-10.05606,-51.68185
2026/05/28 04:40:00,NOAA-21,Brasil,MARANHÃO,COLINAS,Cerrado,,,,2.0,-6.03334,-43.99726
2026/05/28 04:40:00,NOAA-21,Brasil,TOCANTINS,MIRACEMA DO TOCANTINS,Cerrado,,,,1.3,-9.38875,-48.43866
2026/05/28 04:40:00,NOAA-21,Brasil,PIAUÍ,SANTA FILOMENA,Cerrado,,,,2.9,-9.35795,-45.46495
2026/05/28 04:40:00,NOAA-21,Brasil,PIAUÍ,SANTA FILOMENA,Cerrado,,,,2.9,-9.36255,-45.46046
2026/05/28 04:40:00,NOAA-21,Brasil,BAHIA,SANTA RITA DE CÁSSIA,Cerrado,,,,0.9,-10.97743,-44.6078
2026/05/28 04:40:00,NOAA-21,Brasil,TOCANTINS,LAJEADO,Cerrado,,,,1.6,-9.91562,-48.24339
2026/05/28 04:40:00,NOAA-21,Brasil,TOCANTINS,MATEIROS,Cerrado,,,,6.5,-10.62545,-46.90599
2026/05/28 04:40:00,NOAA-21,Brasil,PARÁ,CONCEIÇÃO DO ARAGUAIA,Amazônia,,,,0.7,-8.1177,-49.56704
2026/05/28 04:40:00,NOAA-21,Brasil,TOCANTINS,MIRACEMA DO TOCANTINS,Cerrado,,,,0.9,-10.04137,-48.68708
2026/05/28 04:40:00,NOAA-21,Brasil,TOCANTINS,MATEIROS,Cerrado,,,,6.5,-10.62181,-46.90545
2026/05/28 04:40:00,NOAA-21,Brasil,TOCANTINS,SÃO VALÉRIO,Cerrado,,,,4.5,-11.83052,-48.20952
2026/05/28 04:40:00,NOAA-21,Brasil,BAHIA,SANTA RITA DE CÁSSIA,Cerrado,,,,1.2,-10.95394,-44.17244
2026/05/28 04:40:00,NOAA-21,Brasil,TOCANTINS,NATIVIDADE,Cerrado,,,,1.2,-11.59647,-47.45891
2026/05/28 04:40:00,NOAA-21,Brasil,PARÁ,CUMARU DO NORTE,Amazônia,,,,0.8,-8.89508,-51.86119
2026/05/28 04:40:00,NOAA-21,Brasil,TOCANTINS,DOIS IRMÃOS DO TOCANTINS,Cerrado,,,,2.9,-9.44267,-48.88967
2026/05/28 04:40:00,NOAA-21,Brasil,PIAUÍ,SANTA FILOMENA,Cerrado,,,,1.5,-9.35182,-45.4728
2026/05/28 04:40:00,NOAA-21,Brasil,MARANHÃO,LORETO,Cerrado,,,,2.9,-7.00922,-45.00546
2026/05/28 04:40:00,NOAA-21,Brasil,TOCANTINS,MATEIROS,Cerrado,,,,1.0,-10.64189,-46.89537
2026/05/28 04:40:00,NOAA-21,Brasil,MATO GROSSO,SANTA CRUZ DO XINGU,Amazônia,,,,2.2,-10.1395,-52.39864
2026/05/28 04:40:00,NOAA-21,Brasil,MARANHÃO,BARRA DO CORDA,Cerrado,,,,1.6,-5.48562,-45.11964
2026/05/28 04:40:00,NOAA-21,Brasil,PARÁ,CUMARU DO NORTE,Amazônia,,,,3.9,-9.14741,-51.27877
2026/05/28 04:40:00,NOAA-21,Brasil,TOCANTINS,NATIVIDADE,Cerrado,,,,11.8,-11.59833,-47.44597
2026/05/28 04:40:00,NOAA-21,Brasil,MARANHÃO,BARRA DO CORDA,Cerrado,,,,1.5,-5.78892,-45.13923
2026/05/28 04:40:00,NOAA-21,Brasil,MARANHÃO,ALTO PARNAÍBA,Cerrado,,,,1.8,-9.04887,-46.30639
2026/05/28 04:40:00,NOAA-21,Brasil,BAHIA,SANTA RITA DE CÁSSIA,Cerrado,,,,1.1,-10.97798,-44.60388
2026/05/28 04:40:00,NOAA-21,Brasil,PARÁ,CUMARU DO NORTE,Amazônia,,,,2.2,-8.52568,-51.57781
2026/05/28 04:40:00,NOAA-21,Brasil,TOCANTINS,CONCEIÇÃO DO TOCANTINS,Cerrado,,,,0.9,-11.99481,-47.15731
2026/05/28 04:40:00,NOAA-21,Brasil,TOCANTINS,MIRACEMA DO TOCANTINS,Cerrado,,,,1.3,-9.39213,-48.43919
2026/05/28 04:40:00,NOAA-21,Brasil,TOCANTINS,GUARAÍ,Cerrado,,,,7.1,-8.72574,-48.32693
2026/05/28 04:40:00,NOAA-21,Brasil,MATO GROSSO,UNIÃO DO SUL,Amazônia,,,,4.4,-11.30099,-54.03188
2026/05/28 04:40:00,NOAA-21,Brasil,TOCANTINS,LAGOA DA CONFUSÃO,Cerrado,,,,0.9,-10.65366,-49.72644
2026/05/28 04:40:00,NOAA-21,Brasil,MARANHÃO,MIRADOR,Cerrado,,,,3.1,-6.54317,-44.68398
2026/05/28 04:40:00,NOAA-21,Brasil,MATO GROSSO,UNIÃO DO SUL,Amazônia,,,,4.4,-11.29732,-54.03125
2026/05/28 04:40:00,NOAA-21,Brasil,TOCANTINS,MATEIROS,Cerrado,,,,6.5,-10.62118,-46.90979
2026/05/28 04:40:00,NOAA-21,Brasil,PIAUÍ,SANTA FILOMENA,Cerrado,,,,3.9,-9.34877,-45.4738
2026/05/28 04:40:00,NOAA-21,Brasil,MARANHÃO,COLINAS,Cerrado,,,,1.3,-6.08229,-44.00491
2026/05/28 04:40:00,NOAA-21,Brasil,MARANHÃO,BARRA DO CORDA,Cerrado,,,,2.8,-5.79719,-45.13572
2026/05/28 04:40:00,NOAA-21,Brasil,PARÁ,NOVO PROGRESSO,Amazônia,,,,0.9,-7.75395,-55.34779
2026/05/28 04:40:00,NOAA-21,Brasil,MATO GROSSO,NOVA CANAÃ DO NORTE,Amazônia,,,,2.3,-10.70985,-56.04223
2026/05/28 04:40:00,NOAA-21,Brasil,PARÁ,SANTA MARIA DAS BARREIRAS,Amazônia,,,,1.1,-8.73995,-50.24145
2026/05/28 04:40:00,NOAA-21,Brasil,TOCANTINS,APARECIDA DO RIO NEGRO,Cerrado,,,,2.2,-9.94246,-48.02002
2026/05/28 04:40:00,NOAA-21,Brasil,TOCANTINS,DIVINÓPOLIS DO TOCANTINS,Cerrado,,,,1.2,-9.73249,-49.21756
2026/05/28 04:40:00,NOAA-21,Brasil,MARANHÃO,BARRA DO CORDA,Cerrado,,,,2.8,-5.79339,-45.13519
2026/05/28 04:40:00,NOAA-21,Brasil,PARÁ,CONCEIÇÃO DO ARAGUAIA,Amazônia,,,,1.1,-8.30569,-49.40546
2026/05/28 04:40:00,NOAA-21,Brasil,BAHIA,SANTA RITA DE CÁSSIA,Cerrado,,,,1.8,-10.91463,-44.18927
2026/05/28 04:42:00,NOAA-21,Brasil,MATO GROSSO,PORTO DOS GAÚCHOS,Amazônia,,,,1.9,-11.73209,-56.83807
2026/05/28 04:42:00,NOAA-21,Brasil,MATO GROSSO,NOVA MARINGÁ,Amazônia,,,,2.0,-11.81133,-57.35246
2026/05/28 04:42:00,NOAA-21,Brasil,MATO GROSSO,NOVA UBIRATÃ,Amazônia,,,,2.3,-13.21057,-54.51785
2026/05/28 04:42:00,NOAA-21,Brasil,GOIÁS,JATAÍ,Cerrado,,,,0.7,-17.93253,-51.33765
2026/05/28 04:42:00,NOAA-21,Brasil,MATO GROSSO,NOVA UBIRATÃ,Amazônia,,,,2.2,-13.19741,-54.5064
2026/05/28 04:42:00,NOAA-21,Brasil,MATO GROSSO,NOVA UBIRATÃ,Amazônia,,,,1.9,-13.19816,-54.502
2026/05/28 04:42:00,NOAA-21,Brasil,GOIÁS,JATAÍ,Cerrado,,,,5.1,-17.93093,-51.32657
2026/05/28 04:42:00,NOAA-21,Brasil,MATO GROSSO,NOVA UBIRATÃ,Amazônia,,,,2.3,-13.20614,-54.52162
2026/05/28 04:42:00,NOAA-21,Brasil,MATO GROSSO,CÁCERES,Pantanal,,,,2.2,-16.15935,-58.47561
2026/05/28 04:42:00,NOAA-21,Brasil,GOIÁS,JATAÍ,Cerrado,,,,2.3,-17.92706,-51.32965
2026/05/28 04:42:00,NOAA-21,Brasil,MATO GROSSO,PORTO ESPERIDIÃO,Pantanal,,,,1.4,-15.7941,-58.6462
2026/05/28 04:42:00,NOAA-21,Brasil,MATO GROSSO,PORTO DOS GAÚCHOS,Amazônia,,,,8.7,-11.63618,-56.866
2026/05/28 04:42:00,NOAA-21,Brasil,MATO GROSSO,NOVA UBIRATÃ,Amazônia,,,,2.9,-13.22674,-54.51166
2026/05/28 04:42:00,NOAA-21,Brasil,GOIÁS,JATAÍ,Cerrado,,,,1.2,-17.92871,-51.34108
2026/05/28 04:42:00,NOAA-21,Brasil,MATO GROSSO,NOVA UBIRATÃ,Amazônia,,,,2.5,-13.22749,-54.50723
2026/05/28 04:42:00,NOAA-21,Brasil,MATO GROSSO,PARANATINGA,Amazônia,,,,1.8,-12.72468,-54.19221
2026/05/28 04:42:00,NOAA-21,Brasil,MATO GROSSO,PARANATINGA,Amazônia,,,,1.9,-12.72321,-54.2009
2026/05/28 04:42:00,NOAA-21,Brasil,MATO GROSSO,NOVA UBIRATÃ,Amazônia,,,,2.4,-13.20032,-54.51146
2026/05/28 04:42:00,NOAA-21,Brasil,MATO GROSSO,NOVA UBIRATÃ,Amazônia,,,,3.4,-13.21575,-54.50964
2026/05/28 04:42:00,NOAA-21,Brasil,GOIÁS,JATAÍ,Cerrado,,,,5.1,-17.93149,-51.32294
2026/05/28 04:42:00,NOAA-21,Brasil,MATO GROSSO,NOVA UBIRATÃ,Amazônia,,,,3.2,-13.21133,-54.5134
2026/05/28 04:42:00,NOAA-21,Brasil,MATO GROSSO,PARANATINGA,Amazônia,,,,3.7,-13.36918,-54.27021
2026/05/28 04:42:00,NOAA-21,Brasil,MATO GROSSO,PORTO DOS GAÚCHOS,Amazônia,,,,3.4,-11.79622,-57.01215
2026/05/28 04:42:00,NOAA-21,Brasil,MATO GROSSO,NOVA UBIRATÃ,Amazônia,,,,3.4,-13.21941,-54.5103
2026/05/28 04:42:00,NOAA-21,Brasil,MATO GROSSO,CÁCERES,Pantanal,,,,3.6,-16.16382,-58.47647
2026/05/28 04:42:00,NOAA-21,Brasil,MATO GROSSO,NOVA UBIRATÃ,Amazônia,,,,3.4,-13.21866,-54.51474
2026/05/28 04:42:00,NOAA-21,Brasil,MATO GROSSO,PORTO DOS GAÚCHOS,Amazônia,,,,8.7,-11.63259,-56.86097
2026/05/28 04:42:00,NOAA-21,Brasil,MATO GROSSO,POXORÉU,Cerrado,,,,0.8,-15.74592,-54.50969
2026/05/28 04:42:00,NOAA-21,Brasil,MATO GROSSO,NOVA UBIRATÃ,Amazônia,,,,2.3,-13.2069,-54.51719
2026/05/28 04:42:00,NOAA-21,Brasil,MATO GROSSO,NOVA UBIRATÃ,Amazônia,,,,2.4,-13.20108,-54.50704
2026/05/28 04:42:00,NOAA-21,Brasil,MATO GROSSO,PORTO DOS GAÚCHOS,Amazônia,,,,3.4,-11.79543,-57.01654
2026/05/28 04:42:00,NOAA-21,Brasil,MATO GROSSO,CÁCERES,Pantanal,,,,2.2,-16.16165,-58.47354
2026/05/28 04:42:00,NOAA-21,Brasil,MATO GROSSO,PARANATINGA,Amazônia,,,,1.8,-13.3728,-54.27084
2026/05/28 04:42:00,NOAA-21,Brasil,MATO GROSSO,NOVA UBIRATÃ,Amazônia,,,,2.4,-13.20475,-54.50767
2026/05/28 04:42:00,NOAA-21,Brasil,MATO GROSSO,PORTO DOS GAÚCHOS,Amazônia,,,,2.5,-11.72268,-56.84068
2026/05/28 04:42:00,NOAA-21,Brasil,MATO GROSSO,PORTO DOS GAÚCHOS,Amazônia,,,,0.8,-11.93617,-57.04042
2026/05/28 04:42:00,NOAA-21,Brasil,MATO GROSSO,NOVA UBIRATÃ,Amazônia,,,,2.1,-12.54933,-54.58251
2026/05/28 04:42:00,NOAA-21,Brasil,MATO GROSSO,NOVA UBIRATÃ,Amazônia,,,,2.3,-13.19956,-54.5159
2026/05/28 04:42:00,NOAA-21,Brasil,GOIÁS,JATAÍ,Cerrado,,,,5.3,-17.93363,-51.33038
2026/05/28 04:42:00,NOAA-21,Brasil,MATO GROSSO,NOVA UBIRATÃ,Amazônia,,,,4.2,-13.22017,-54.50587
2026/05/28 04:42:00,NOAA-21,Brasil,GOIÁS,ALTO PARAÍSO DE GOIÁS,Cerrado,,,,3.2,-14.06836,-47.55036
2026/05/28 04:42:00,NOAA-21,Brasil,MATO GROSSO,NOVA UBIRATÃ,Amazônia,,,,2.9,-13.2179,-54.51919
2026/05/28 04:42:00,NOAA-21,Brasil,MATO GROSSO,NOVA UBIRATÃ,Amazônia,,,,4.6,-13.2055,-54.50327
2026/05/28 04:42:00,NOAA-21,Brasil,MATO GROSSO,ALTO TAQUARI,Cerrado,,,,0.8,-17.71448,-53.28402
2026/05/28 04:42:00,NOAA-21,Brasil,MATO GROSSO,NOVA UBIRATÃ,Amazônia,,,,2.4,-13.20399,-54.51209
2026/05/28 04:42:00,NOAA-21,Brasil,MATO GROSSO,SANTA RITA DO TRIVELATO,Cerrado,,,,2.1,-13.65666,-55.29646
2026/05/28 04:42:00,NOAA-21,Brasil,MATO GROSSO,NOVA UBIRATÃ,Amazônia,,,,2.3,-13.20247,-54.52098
2026/05/28 04:42:00,NOAA-21,Brasil,MATO GROSSO,NOVA MARINGÁ,Amazônia,,,,1.2,-11.79957,-57.35238
2026/05/28 04:42:00,NOAA-21,Brasil,MATO GROSSO,PORTO DOS GAÚCHOS,Amazônia,,,,0.9,-11.93103,-57.04393
2026/05/28 04:42:00,NOAA-21,Brasil,MATO GROSSO,NOVA UBIRATÃ,Amazônia,,,,4.7,-13.20917,-54.50391
2026/05/28 04:42:00,NOAA-21,Brasil,MATO GROSSO,SANTA RITA DO TRIVELATO,Cerrado,,,,2.0,-13.65286,-55.29576
2026/05/28 04:42:00,NOAA-21,Brasil,MATO GROSSO,PORTO DOS GAÚCHOS,Amazônia,,,,2.5,-11.72192,-56.84494
2026/05/28 04:42:00,NOAA-21,Brasil,MATO GROSSO,NOVA UBIRATÃ,Amazônia,,,,3.3,-13.218,-54.49642
2026/05/28 04:42:00,NOAA-21,Brasil,GOIÁS,JATAÍ,Cerrado,,,,0.7,-17.93197,-51.34127
2026/05/28 04:42:00,NOAA-21,Brasil,MATO GROSSO,NOVA UBIRATÃ,Amazônia,,,,4.6,-13.20183,-54.50262
2026/05/28 04:42:00,NOAA-21,Brasil,MATO GROSSO,NOVA UBIRATÃ,Amazônia,,,,3.3,-13.22167,-54.49707
2026/05/28 04:42:00,NOAA-21,Brasil,MATO GROSSO,PORTO DOS GAÚCHOS,Amazônia,,,,8.7,-11.63694,-56.86172
2026/05/28 04:42:00,NOAA-21,Brasil,MATO GROSSO,NOVA UBIRATÃ,Amazônia,,,,2.4,-13.22608,-54.49334
2026/05/28 04:42:00,NOAA-21,Brasil,GOIÁS,JATAÍ,Cerrado,,,,0.7,-17.93529,-51.34182
2026/05/28 04:42:00,NOAA-21,Brasil,MATO GROSSO,CÁCERES,Pantanal,,,,2.3,-16.16611,-58.47441
2026/05/28 04:42:00,NOAA-21,Brasil,MATO GROSSO,NOVA MARINGÁ,Amazônia,,,,1.0,-12.54263,-57.19851
2026/05/28 04:42:00,NOAA-21,Brasil,MATO GROSSO,PORTO DOS GAÚCHOS,Amazônia,,,,5.4,-11.79184,-57.01139
2026/05/28 04:42:00,NOAA-21,Brasil,GOIÁS,JATAÍ,Cerrado,,,,5.1,-17.92762,-51.32602
2026/05/28 04:42:00,NOAA-21,Brasil,MATO GROSSO,NOVA UBIRATÃ,Amazônia,,,,4.2,-13.22092,-54.50146
2026/05/28 04:42:00,NOAA-21,Brasil,GOIÁS,NIQUELÂNDIA,Cerrado,,,,1.3,-14.4753,-47.89567
2026/05/28 04:42:00,NOAA-21,Brasil,MATO GROSSO,NOVA UBIRATÃ,Amazônia,,,,2.4,-13.22533,-54.49773
2026/05/28 04:42:00,NOAA-21,Brasil,BAHIA,JABORANDI,Cerrado,,,,1.8,-14.15346,-45.27761
2026/05/28 04:42:00,NOAA-21,Brasil,MATO GROSSO,NOVA UBIRATÃ,Amazônia,,,,4.7,-13.21284,-54.50456
2026/05/28 04:42:00,NOAA-21,Brasil,BAHIA,COCOS,Cerrado,,,,1.3,-14.78514,-45.62129
2026/05/28 04:42:00,NOAA-21,Brasil,MATO GROSSO,NOVA MARINGÁ,Amazônia,,,,2.0,-11.80604,-57.3561
2026/05/28 04:42:00,NOAA-21,Brasil,GOIÁS,JATAÍ,Cerrado,,,,1.2,-17.92927,-51.33745
2026/05/28 04:42:00,NOAA-21,Brasil,TOCANTINS,SÃO SALVADOR DO TOCANTINS,Cerrado,,,,0.8,-12.55833,-48.35463
2026/05/28 04:42:00,NOAA-21,Brasil,MATO GROSSO,PORTO DOS GAÚCHOS,Amazônia,,,,0.9,-11.9354,-57.04474
2026/05/28 04:42:00,NOAA-21,Brasil,MATO GROSSO,NOVA UBIRATÃ,Amazônia,,,,2.8,-13.22156,-54.51987
2026/05/28 04:42:00,NOAA-21,Brasil,GOIÁS,JATAÍ,Cerrado,,,,0.6,-17.93087,-51.34852
2026/05/28 04:42:00,NOAA-21,Brasil,MATO GROSSO,PORTO DOS GAÚCHOS,Amazônia,,,,0.4,-11.9318,-57.03959
2026/05/28 04:42:00,NOAA-21,Brasil,MATO GROSSO,NOVA UBIRATÃ,Amazônia,,,,2.5,-13.22383,-54.50655
2026/05/28 04:42:00,NOAA-21,Brasil,GOIÁS,JATAÍ,Cerrado,,,,1.2,-17.9254,-51.34053
2026/05/28 04:42:00,NOAA-21,Brasil,MATO GROSSO,NOVA UBIRATÃ,Amazônia,,,,2.9,-13.21423,-54.51852
2026/05/28 04:42:00,NOAA-21,Brasil,MATO GROSSO,NOVA UBIRATÃ,Amazônia,,,,3.3,-13.21875,-54.49204
2026/05/28 04:42:00,NOAA-21,Brasil,MATO GROSSO,NOVA UBIRATÃ,Amazônia,,,,3.3,-13.22241,-54.49269
2026/05/28 04:42:00,NOAA-21,Brasil,MATO GROSSO,NOVA UBIRATÃ,Amazônia,,,,2.3,-13.20323,-54.51653
2026/05/28 04:42:00,NOAA-21,Brasil,GOIÁS,EDÉIA,Cerrado,,,,0.8,-17.31643,-49.91255
2026/05/28 04:42:00,NOAA-21,Brasil,MATO GROSSO,NOVA MARINGÁ,Amazônia,,,,1.7,-11.80156,-57.3553
2026/05/28 04:42:00,NOAA-21,Brasil,MATO GROSSO,NOVA UBIRATÃ,Amazônia,,,,3.2,-13.20766,-54.51274
2026/05/28 04:42:00,NOAA-21,Brasil,BAHIA,COCOS,Cerrado,,,,1.3,-14.78464,-45.62511
2026/05/28 04:42:00,NOAA-21,Brasil,MATO GROSSO,NOVA UBIRATÃ,Amazônia,,,,2.5,-13.22458,-54.50213
2026/05/28 04:42:00,NOAA-21,Brasil,TOCANTINS,SANDOLÂNDIA,Cerrado,,,,0.6,-12.55068,-49.90365
2026/05/28 04:42:00,NOAA-21,Brasil,MATO GROSSO,NOVA MARINGÁ,Amazônia,,,,1.0,-12.54341,-57.19419
2026/05/28 04:42:00,NOAA-21,Brasil,MATO GROSSO,NOVA UBIRATÃ,Amazônia,,,,3.4,-13.21499,-54.51406
2026/05/28 04:42:00,NOAA-21,Brasil,MATO GROSSO,NOVA UBIRATÃ,Amazônia,,,,4.2,-13.21725,-54.50082
2026/05/28 04:42:00,NOAA-21,Brasil,MATO GROSSO,CÁCERES,Pantanal,,,,2.2,-16.16078,-58.4782
2026/05/28 04:42:00,NOAA-21,Brasil,MATO GROSSO,NOVA UBIRATÃ,Amazônia,,,,4.2,-13.2165,-54.50521
2026/05/28 04:42:00,NOAA-21,Brasil,MATO GROSSO,NOVA UBIRATÃ,Amazônia,,,,2.5,-13.22824,-54.50281
2026/05/28 04:42:00,NOAA-21,Brasil,BAHIA,IUIU,Cerrado,,,,2.0,-14.39678,-43.52052
2026/05/28 04:42:00,NOAA-21,Brasil,MATO GROSSO,PARANATINGA,Amazônia,,,,1.9,-12.72395,-54.19654
2026/05/28 04:42:00,NOAA-21,Brasil,MATO GROSSO,NOVA MARINGÁ,Amazônia,,,,1.2,-11.80406,-57.35315
2026/05/28 04:42:00,NOAA-21,Brasil,MATO GROSSO,NOVA MARINGÁ,Amazônia,,,,2.0,-12.54185,-57.20282
2026/05/28 04:42:00,NOAA-21,Brasil,MATO GROSSO,PARANATINGA,Amazônia,,,,1.8,-12.72541,-54.1879
2026/05/28 04:42:00,NOAA-21,Brasil,GOIÁS,JATAÍ,Cerrado,,,,5.3,-17.93694,-51.33093
2026/05/28 04:42:00,NOAA-21,Brasil,GOIÁS,JATAÍ,Cerrado,,,,0.9,-17.882,-51.75606
2026/05/28 04:42:00,NOAA-21,Brasil,GOIÁS,JATAÍ,Cerrado,,,,2.3,-17.93038,-51.3302
2026/05/28 04:42:00,NOAA-21,Brasil,MATO GROSSO,VILA BELA DA SANTÍSSIMA TRINDADE,Amazônia,,,,3.4,-16.21842,-59.66661
2026/05/28 04:42:00,NOAA-21,Brasil,MATO GROSSO,NOVA UBIRATÃ,Amazônia,,,,2.9,-13.22232,-54.51542
2026/05/28 04:42:00,NOAA-21,Brasil,TOCANTINS,SÃO SALVADOR DO TOCANTINS,Cerrado,,,,1.1,-12.51465,-48.27692
2026/05/28 04:42:00,NOAA-21,Brasil,MATO GROSSO,PARANATINGA,Cerrado,,,,1.3,-13.94964,-53.8678
2026/05/28 04:42:00,NOAA-21,Brasil,MATO GROSSO,NOVA UBIRATÃ,Amazônia,,,,2.9,-13.22308,-54.51098
2026/05/28 04:42:00,NOAA-21,Brasil,MATO GROSSO,PORTO DOS GAÚCHOS,Amazônia,,,,1.9,-11.72776,-56.83727
2026/05/28 04:42:00,NOAA-21,Brasil,MATO GROSSO,NOVA UBIRATÃ,Amazônia,,,,2.4,-13.22899,-54.4984
2026/05/28 04:42:00,NOAA-21,Brasil,MATO GROSSO,CLÁUDIA,Amazônia,,,,1.6,-11.44974,-55.11055
2026/05/28 04:42:00,NOAA-21,Brasil,GOIÁS,ALTO PARAÍSO DE GOIÁS,Cerrado,,,,1.2,-14.07263,-47.54657
2026/05/28 04:42:00,NOAA-21,Brasil,GOIÁS,JATAÍ,Cerrado,,,,1.6,-17.93418,-51.32675
2026/05/28 04:42:00,NOAA-21,Brasil,MATO GROSSO,NOVA UBIRATÃ,Amazônia,,,,3.2,-13.20841,-54.50832
2026/05/28 04:42:00,NOAA-21,Brasil,MATO GROSSO,UNIÃO DO SUL,Amazônia,,,,1.7,-11.56177,-54.53071
2026/05/28 04:42:00,NOAA-21,Brasil,TOCANTINS,SÃO SALVADOR DO TOCANTINS,Cerrado,,,,1.0,-12.55486,-48.35411
2026/05/28 04:42:00,NOAA-21,Brasil,MATO GROSSO,NOVA UBIRATÃ,Amazônia,,,,3.2,-13.21208,-54.50897
2026/05/28 04:42:00,NOAA-21,Brasil,MATO GROSSO,PORTO DOS GAÚCHOS,Amazônia,,,,0.8,-11.72624,-56.84579
2026/05/28 04:44:00,NOAA-21,Brasil,MATO GROSSO DO SUL,BANDEIRANTES,Cerrado,,,,0.7,-19.69137,-54.35291
2026/05/28 04:44:00,NOAA-21,Brasil,MATO GROSSO DO SUL,BONITO,Cerrado,,,,0.9,-20.73685,-56.13579
2026/05/28 04:44:00,NOAA-21,Brasil,MINAS GERAIS,FORTALEZA DE MINAS,Mata Atlântica,,,,2.2,-20.91642,-46.78678
2026/05/28 04:44:00,NOAA-21,Brasil,MATO GROSSO DO SUL,PORTO MURTINHO,Cerrado,,,,2.3,-21.98095,-57.60461
2026/05/28 04:44:00,NOAA-21,Brasil,SÃO PAULO,MOCOCA,Cerrado,,,,3.6,-21.54306,-47.04335
2026/05/28 04:44:00,NOAA-21,Brasil,SÃO PAULO,ITÁPOLIS,Cerrado,,,,2.0,-21.549,-48.8938
2026/05/28 04:44:00,NOAA-21,Brasil,SÃO PAULO,MOCOCA,Cerrado,,,,2.5,-21.54672,-47.04795
2026/05/28 04:44:00,NOAA-21,Brasil,SÃO PAULO,MOCOCA,Cerrado,,,,1.4,-21.43266,-47.06538
2026/05/28 04:44:00,NOAA-21,Brasil,SÃO PAULO,MOCOCA,Cerrado,,,,1.4,-21.41874,-47.07569
2026/05/28 04:44:00,NOAA-21,Brasil,MINAS GERAIS,CAMPINA VERDE,Cerrado,,,,1.5,-19.56157,-50.01689
2026/05/28 04:44:00,NOAA-21,Brasil,MATO GROSSO DO SUL,CAMPO GRANDE,Cerrado,,,,0.6,-20.5214,-54.60808
2026/05/28 04:44:00,NOAA-21,Brasil,MATO GROSSO DO SUL,PEDRO GOMES,Cerrado,,,,1.6,-17.95215,-54.46706
2026/05/28 04:44:00,NOAA-21,Brasil,SÃO PAULO,ITÁPOLIS,Cerrado,,,,2.6,-21.54465,-48.89805
2026/05/28 04:44:00,NOAA-21,Brasil,MINAS GERAIS,JACUTINGA,Mata Atlântica,,,,0.5,-22.2456,-46.5814
2026/05/28 04:44:00,NOAA-21,Brasil,MINAS GERAIS,VARGEM BONITA,Cerrado,,,,0.7,-20.45522,-46.40189
2026/05/28 04:44:00,NOAA-21,Brasil,SÃO PAULO,MOCOCA,Cerrado,,,,8.5,-21.54446,-47.04575
2026/05/28 04:44:00,NOAA-21,Brasil,SÃO PAULO,MOCOCA,Cerrado,,,,1.6,-21.42485,-47.06028
2026/05/28 04:44:00,NOAA-21,Brasil,MATO GROSSO DO SUL,NOVA ANDRADINA,Cerrado,,,,1.5,-21.90019,-53.46525
2026/05/28 04:44:00,NOAA-21,Brasil,MATO GROSSO DO SUL,PORTO MURTINHO,Cerrado,,,,0.5,-21.98475,-57.6055
2026/05/28 04:44:00,NOAA-21,Brasil,SÃO PAULO,MOCOCA,Cerrado,,,,1.4,-21.42339,-47.07221
2026/05/28 04:44:00,NOAA-21,Brasil,SÃO PAULO,VISTA ALEGRE DO ALTO,Mata Atlântica,,,,3.2,-21.15892,-48.60015
2026/05/28 04:44:00,NOAA-21,Brasil,SÃO PAULO,MONTE ALTO,Mata Atlântica,,,,3.8,-21.29918,-48.58893
2026/05/28 04:44:00,NOAA-21,Brasil,SÃO PAULO,MOCOCA,Cerrado,,,,1.4,-21.42288,-47.0763
2026/05/28 04:44:00,NOAA-21,Brasil,SÃO PAULO,MONTE ALTO,Mata Atlântica,,,,3.8,-21.29983,-48.58398
2026/05/28 04:44:00,NOAA-21,Brasil,SÃO PAULO,PRESIDENTE ALVES,Mata Atlântica,,,,0.6,-22.14302,-49.42288
2026/05/28 04:44:00,NOAA-21,Brasil,SÃO PAULO,MOCOCA,Cerrado,,,,4.2,-21.54257,-47.04737
2026/05/28 04:44:00,NOAA-21,Brasil,SÃO PAULO,ITÁPOLIS,Cerrado,,,,1.3,-21.54838,-48.89861
2026/05/28 04:44:00,NOAA-21,Brasil,SÃO PAULO,MOCOCA,Cerrado,,,,1.0,-21.42437,-47.06425
2026/05/28 04:44:00,NOAA-21,Brasil,SÃO PAULO,PAULO DE FARIA,Mata Atlântica,,,,1.1,-20.1915,-49.5641
2026/05/28 04:44:00,NOAA-21,Brasil,SÃO PAULO,MOCOCA,Cerrado,,,,0.6,-21.429,-47.06086
2026/05/28 04:44:00,NOAA-21,Brasil,MATO GROSSO DO SUL,NOVA ANDRADINA,Cerrado,,,,0.8,-21.81293,-53.09107
2026/05/28 04:44:00,NOAA-21,Brasil,SÃO PAULO,MOCOCA,Cerrado,,,,0.9,-21.42753,-47.07281
2026/05/28 04:46:00,NOAA-21,Brasil,RIO GRANDE DO SUL,SANTO AUGUSTO,Mata Atlântica,,,,0.5,-27.91639,-53.69824
2026/05/28 04:50:00,GOES-19,Brasil,MATO GROSSO,NOVA UBIRATÃ,Amazônia,,,,53.4,-13.2186,-54.5182
2026/05/28 04:50:00,GOES-19,Brasil,TOCANTINS,NATIVIDADE,Cerrado,,,,88.0,-11.591,-47.4496
2026/05/28 04:50:00,GOES-19,Brasil,MATO GROSSO,NOVA UBIRATÃ,Amazônia,,,,67.3,-13.2189,-54.4975
2026/05/28 05:00:00,GOES-19,Brasil,TOCANTINS,NATIVIDADE,Cerrado,,,,87.5,-11.591,-47.4496
2026/05/28 05:10:00,GOES-19,Brasil,TOCANTINS,NATIVIDADE,Cerrado,,,,84.8,-11.591,-47.4496
2026/05/28 05:14:00,NPP-375D,Brasil,PARÁ,ALTAMIRA,Amazônia,,,,0.7,-8.09225,-55.01886
2026/05/28 05:14:00,NPP-375D,Brasil,MARANHÃO,LORETO,Cerrado,,,,4.0,-7.00874,-44.99908
2026/05/28 05:14:00,NPP-375D,Brasil,PIAUÍ,SANTA FILOMENA,Cerrado,,,,2.9,-9.3536,-45.46896
2026/05/28 05:14:00,NPP-375D,Brasil,TOCANTINS,NATIVIDADE,Cerrado,,,,2.6,-11.58829,-47.4438
2026/05/28 05:14:00,NPP-375D,Brasil,TOCANTINS,CONCEIÇÃO DO TOCANTINS,Cerrado,,,,1.0,-11.96549,-47.37839
2026/05/28 05:14:00,NPP-375D,Brasil,TOCANTINS,CONCEIÇÃO DO TOCANTINS,Cerrado,,,,2.0,-11.96939,-47.37753
2026/05/28 05:14:00,NPP-375D,Brasil,TOCANTINS,GUARAÍ,Cerrado,,,,2.0,-8.68341,-48.30831
2026/05/28 05:14:00,NPP-375D,Brasil,BAHIA,SÃO DESIDÉRIO,Cerrado,,,,2.8,-12.69252,-44.78954
2026/05/28 05:14:00,NPP-375D,Brasil,MATO GROSSO,SÃO FÉLIX DO ARAGUAIA,Amazônia,,,,6.7,-11.4743,-52.92394
2026/05/28 05:14:00,NPP-375D,Brasil,BAHIA,SÃO DESIDÉRIO,Cerrado,,,,4.2,-12.68851,-44.78861
2026/05/28 05:14:00,NPP-375D,Brasil,MARANHÃO,LAGOA DO MATO,Cerrado,,,,9.6,-5.95809,-43.49622
2026/05/28 05:14:00,NPP-375D,Brasil,TOCANTINS,ITACAJÁ,Cerrado,,,,1.5,-8.71385,-47.80007
2026/05/28 05:14:00,NPP-375D,Brasil,MATO GROSSO,UNIÃO DO SUL,Amazônia,,,,1.0,-11.27365,-53.97392
2026/05/28 05:14:00,NPP-375D,Brasil,PARÁ,OURILÂNDIA DO NORTE,Amazônia,,,,5.2,-8.3385,-51.92429
2026/05/28 05:14:00,NPP-375D,Brasil,MARANHÃO,BARRA DO CORDA,Cerrado,,,,1.9,-5.79248,-45.13301
2026/05/28 05:14:00,NPP-375D,Brasil,TOCANTINS,NATIVIDADE,Cerrado,,,,6.2,-11.59894,-47.44884
2026/05/28 05:14:00,NPP-375D,Brasil,TOCANTINS,MATEIROS,Cerrado,,,,6.4,-10.62495,-46.90591
2026/05/28 05:14:00,NPP-375D,Brasil,PARÁ,SÃO FÉLIX DO XINGU,Amazônia,,,,1.2,-8.91371,-51.85568
2026/05/28 05:14:00,NPP-375D,Brasil,MATO GROSSO,TABAPORÃ,Amazônia,,,,0.7,-10.82441,-56.60706
2026/05/28 05:14:00,NPP-375D,Brasil,PARÁ,CUMARU DO NORTE,Amazônia,,,,1.0,-9.14529,-51.27876
2026/05/28 05:14:00,NPP-375D,Brasil,BAHIA,SÃO DESIDÉRIO,Cerrado,,,,2.7,-12.69517,-44.7893
2026/05/28 05:14:00,NPP-375D,Brasil,MARANHÃO,BARRA DO CORDA,Cerrado,,,,3.6,-5.79429,-45.13676
2026/05/28 05:14:00,NPP-375D,Brasil,MATO GROSSO,SÃO FÉLIX DO ARAGUAIA,Amazônia,,,,2.7,-11.45891,-52.92167
2026/05/28 05:14:00,NPP-375D,Brasil,PARÁ,TRAIRÃO,Amazônia,,,,1.5,-5.20491,-56.04427
2026/05/28 05:14:00,NPP-375D,Brasil,TOCANTINS,GUARAÍ,Cerrado,,,,17.8,-8.7271,-48.32594
2026/05/28 05:14:00,NPP-375D,Brasil,TOCANTINS,MATEIROS,Cerrado,,,,9.9,-10.61824,-46.91314
2026/05/28 05:14:00,NPP-375D,Brasil,MATO GROSSO,UNIÃO DO SUL,Amazônia,,,,2.1,-11.27727,-53.97446
2026/05/28 05:14:00,NPP-375D,Brasil,TOCANTINS,MATEIROS,Cerrado,,,,0.8,-10.63728,-46.89983
2026/05/28 05:14:00,NPP-375D,Brasil,MATO GROSSO,SÃO FÉLIX DO ARAGUAIA,Amazônia,,,,1.4,-11.44985,-52.93014
2026/05/28 05:14:00,NPP-375D,Brasil,PIAUÍ,SANTA FILOMENA,Cerrado,,,,2.1,-9.35422,-45.46423
2026/05/28 05:14:00,NPP-375D,Brasil,TOCANTINS,MIRACEMA DO TOCANTINS,Cerrado,,,,2.4,-9.38616,-48.44082
2026/05/28 05:14:00,NPP-375D,Brasil,TOCANTINS,MATEIROS,Cerrado,,,,0.8,-10.63778,-46.896
2026/05/28 05:14:00,NPP-375D,Brasil,MATO GROSSO,CLÁUDIA,Amazônia,,,,0.5,-11.44822,-55.11314
2026/05/28 05:14:00,NPP-375D,Brasil,PARÁ,CUMARU DO NORTE,Amazônia,,,,0.8,-9.1489,-51.28305
2026/05/28 05:14:00,NPP-375D,Brasil,MATO GROSSO,APIACÁS,Amazônia,,,,1.0,-9.28268,-57.84689
2026/05/28 05:14:00,NPP-375D,Brasil,MARANHÃO,BALSAS,Cerrado,,,,1.8,-7.71267,-45.93965
2026/05/28 05:14:00,NPP-375D,Brasil,MATO GROSSO,MARCELÂNDIA,Amazônia,,,,0.5,-10.84521,-53.7552
2026/05/28 05:14:00,NPP-375D,Brasil,TOCANTINS,PORTO NACIONAL,Cerrado,,,,0.9,-10.63014,-48.32979
2026/05/28 05:14:00,NPP-375D,Brasil,MATO GROSSO,PEIXOTO DE AZEVEDO,Amazônia,,,,1.0,-9.99075,-53.62543
2026/05/28 05:14:00,NPP-375D,Brasil,TOCANTINS,NATIVIDADE,Cerrado,,,,3.0,-11.58275,-47.44299
2026/05/28 05:14:00,NPP-375D,Brasil,TOCANTINS,NATIVIDADE,Cerrado,,,,2.6,-11.59432,-47.44074
2026/05/28 05:14:00,NPP-375D,Brasil,TOCANTINS,MIRANORTE,Cerrado,,,,2.3,-9.28055,-48.58956
2026/05/28 05:14:00,NPP-375D,Brasil,TOCANTINS,DIVINÓPOLIS DO TOCANTINS,Cerrado,,,,1.2,-9.73475,-49.21692
2026/05/28 05:14:00,NPP-375D,Brasil,TOCANTINS,DIVINÓPOLIS DO TOCANTINS,Cerrado,,,,1.2,-9.73954,-49.21765
2026/05/28 05:14:00,NPP-375D,Brasil,MATO GROSSO,SÃO FÉLIX DO ARAGUAIA,Amazônia,,,,5.9,-11.47883,-52.91971
2026/05/28 05:14:00,NPP-375D,Brasil,MATO GROSSO,UNIÃO DO SUL,Amazônia,,,,2.6,-11.29613,-54.02735
2026/05/28 05:14:00,NPP-375D,Brasil,MATO GROSSO,QUERÊNCIA,Amazônia,,,,1.4,-11.64182,-52.86143
2026/05/28 05:14:00,NPP-375D,Brasil,MARANHÃO,BARRA DO CORDA,Cerrado,,,,2.1,-5.80086,-45.13321
2026/05/28 05:14:00,NPP-375D,Brasil,MATO GROSSO,SÃO FÉLIX DO ARAGUAIA,Amazônia,,,,6.7,-11.47498,-52.91914
2026/05/28 05:14:00,NPP-375D,Brasil,TOCANTINS,MIRACEMA DO TOCANTINS,Cerrado,,,,5.8,-9.39622,-48.44234
2026/05/28 05:14:00,NPP-375D,Brasil,TOCANTINS,ITACAJÁ,Cerrado,,,,1.1,-8.70822,-47.80244
2026/05/28 05:14:00,NPP-375D,Brasil,TOCANTINS,DOIS IRMÃOS DO TOCANTINS,Cerrado,,,,2.0,-9.44355,-48.89196
2026/05/28 05:14:00,NPP-375D,Brasil,MARANHÃO,BARRA DO CORDA,Cerrado,,,,2.1,-5.80142,-45.12909
2026/05/28 05:14:00,NPP-375D,Brasil,MATO GROSSO,CLÁUDIA,Amazônia,,,,0.5,-11.44879,-55.10932
2026/05/28 05:14:00,NPP-375D,Brasil,MATO GROSSO,COTRIGUAÇU,Amazônia,,,,0.6,-9.60348,-58.34404
2026/05/28 05:14:00,NPP-375D,Brasil,TOCANTINS,PARANÃ,Cerrado,,,,2.1,-12.32529,-47.8966
2026/05/28 05:14:00,NPP-375D,Brasil,TOCANTINS,NATIVIDADE,Cerrado,,,,2.1,-11.59478,-47.437
2026/05/28 05:14:00,NPP-375D,Brasil,MATO GROSSO,COTRIGUAÇU,Amazônia,,,,1.1,-9.60408,-58.34034
2026/05/28 05:14:00,NPP-375D,Brasil,TOCANTINS,PUGMIL,Cerrado,,,,5.4,-10.48113,-48.91299
2026/05/28 05:14:00,NPP-375D,Brasil,TOCANTINS,DOIS IRMÃOS DO TOCANTINS,Cerrado,,,,1.9,-9.44108,-48.89046
2026/05/28 05:14:00,NPP-375D,Brasil,TOCANTINS,PUGMIL,Cerrado,,,,0.9,-10.47696,-48.9066
2026/05/28 05:14:00,NPP-375D,Brasil,TOCANTINS,PARANÃ,Cerrado,,,,2.1,-12.33033,-47.90063
2026/05/28 05:14:00,NPP-375D,Brasil,MATO GROSSO,ITAÚBA,Amazônia,,,,0.4,-11.07471,-55.05378
2026/05/28 05:14:00,NPP-375D,Brasil,TOCANTINS,NATIVIDADE,Cerrado,,,,3.7,-11.58686,-47.45523
2026/05/28 05:14:00,NPP-375D,Brasil,MATO GROSSO,UNIÃO DO SUL,Amazônia,,,,2.6,-11.29974,-54.0279
2026/05/28 05:14:00,NPP-375D,Brasil,TOCANTINS,CONCEIÇÃO DO TOCANTINS,Cerrado,,,,2.0,-11.96895,-47.38127
2026/05/28 05:14:00,NPP-375D,Brasil,MARANHÃO,RIACHÃO,Cerrado,,,,1.6,-7.35556,-46.21611
2026/05/28 05:14:00,NPP-375D,Brasil,TOCANTINS,GUARAÍ,Cerrado,,,,2.0,-8.67839,-48.30756
2026/05/28 05:14:00,NPP-375D,Brasil,MATO GROSSO,CLÁUDIA,Amazônia,,,,0.8,-11.45168,-55.11369
2026/05/28 05:14:00,NPP-375D,Brasil,PIAUÍ,SANTA FILOMENA,Cerrado,,,,2.2,-9.34604,-45.47405
2026/05/28 05:14:00,NPP-375D,Brasil,TOCANTINS,MATEIROS,Cerrado,,,,9.9,-10.62443,-46.9099
2026/05/28 05:14:00,NPP-375D,Brasil,MARANHÃO,BARRA DO CORDA,Cerrado,,,,3.0,-5.79486,-45.13262
2026/05/28 05:14:00,NPP-375D,Brasil,MATO GROSSO,MARCELÂNDIA,Amazônia,,,,0.9,-10.87394,-53.73759
2026/05/28 05:14:00,NPP-375D,Brasil,MATO GROSSO,SANTA CRUZ DO XINGU,Amazônia,,,,1.7,-10.14233,-52.40208
2026/05/28 05:14:00,NPP-375D,Brasil,TOCANTINS,PARANÃ,Cerrado,,,,2.1,-12.33074,-47.89723
2026/05/28 05:14:00,NPP-375D,Brasil,MARANHÃO,LORETO,Cerrado,,,,2.7,-7.0075,-45.00831
2026/05/28 05:14:00,NPP-375D,Brasil,TOCANTINS,NATIVIDADE,Cerrado,,,,8.1,-11.59941,-47.44512
2026/05/28 05:14:00,NPP-375D,Brasil,TOCANTINS,PARANÃ,Cerrado,,,,1.5,-12.32346,-47.90023
2026/05/28 05:14:00,NPP-375D,Brasil,TOCANTINS,NATIVIDADE,Cerrado,,,,7.8,-11.59337,-47.44824
2026/05/28 05:14:00,NPP-375D,Brasil,TOCANTINS,MIRACEMA DO TOCANTINS,Cerrado,,,,2.1,-9.38761,-48.44037
2026/05/28 05:14:00,NPP-375D,Brasil,PARÁ,OURILÂNDIA DO NORTE,Amazônia,,,,1.2,-7.62137,-51.68019
2026/05/28 05:14:00,NPP-375D,Brasil,TOCANTINS,MATEIROS,Cerrado,,,,1.0,-10.77874,-46.90939
2026/05/28 05:14:00,NPP-375D,Brasil,MATO GROSSO,UNIÃO DO SUL,Amazônia,,,,1.8,-11.28152,-53.97082
2026/05/28 05:14:00,NPP-375D,Brasil,MATO GROSSO,UNIÃO DO SUL,Amazônia,,,,1.3,-11.56364,-54.53057
2026/05/28 05:14:00,NPP-375D,Brasil,MATO GROSSO,UNIÃO DO SUL,Amazônia,,,,2.6,-11.29552,-54.03152
2026/05/28 05:14:00,NPP-375D,Brasil,PARÁ,ALTAMIRA,Amazônia,,,,0.6,-6.52913,-55.06661
2026/05/28 05:14:00,NPP-375D,Brasil,MARANHÃO,LORETO,Cerrado,,,,2.2,-7.00936,-44.9944
2026/05/28 05:14:00,NPP-375D,Brasil,PIAUÍ,SANTA FILOMENA,Cerrado,,,,2.2,-9.33992,-45.47324
2026/05/28 05:14:00,NPP-375D,Brasil,MARANHÃO,BARRA DO CORDA,Cerrado,,,,0.9,-5.48768,-45.1184
2026/05/28 05:14:00,NPP-375D,Brasil,PIAUÍ,SANTA FILOMENA,Cerrado,,,,2.9,-9.34747,-45.4682
2026/05/28 05:14:00,NPP-375D,Brasil,PARÁ,SANTANA DO ARAGUAIA,Amazônia,,,,0.7,-9.71509,-50.41197
2026/05/28 05:14:00,NPP-375D,Brasil,BAHIA,SÃO DESIDÉRIO,Cerrado,,,,1.2,-12.68649,-44.78303
2026/05/28 05:14:00,NPP-375D,Brasil,TOCANTINS,PARANÃ,Cerrado,,,,2.9,-12.32892,-47.90084
2026/05/28 05:14:00,NPP-375D,Brasil,MATO GROSSO,NOVA CANAÃ DO NORTE,Amazônia,,,,1.5,-10.71002,-56.04317
2026/05/28 05:14:00,NPP-375D,Brasil,MARANHÃO,RIACHÃO,Cerrado,,,,1.4,-7.35167,-46.21395
2026/05/28 05:14:00,NPP-375D,Brasil,MARANHÃO,LORETO,Cerrado,,,,2.7,-7.01365,-45.00887
2026/05/28 05:14:00,NPP-375D,Brasil,TOCANTINS,PARANÃ,Cerrado,,,,2.1,-12.32488,-47.90001
2026/05/28 05:14:00,NPP-375D,Brasil,TOCANTINS,NATIVIDADE,Cerrado,,,,3.7,-11.59238,-47.4562
2026/05/28 05:14:00,NPP-375D,Brasil,TOCANTINS,ALMAS,Cerrado,,,,0.9,-11.16646,-46.81185
2026/05/28 05:14:00,NPP-375D,Brasil,TOCANTINS,APARECIDA DO RIO NEGRO,Cerrado,,,,1.5,-9.94135,-48.0194
2026/05/28 05:14:00,NPP-375D,Brasil,PARÁ,CONCEIÇÃO DO ARAGUAIA,Amazônia,,,,1.8,-8.22499,-49.67687
2026/05/28 05:14:00,NPP-375D,Brasil,AMAZONAS,MANICORÉ,Amazônia,,,,0.6,-7.86252,-61.48952
2026/05/28 05:14:00,NPP-375D,Brasil,TOCANTINS,CONCEIÇÃO DO TOCANTINS,Cerrado,,,,0.9,-11.975,-47.37828
2026/05/28 05:14:00,NPP-375D,Brasil,MATO GROSSO,SANTA CRUZ DO XINGU,Amazônia,,,,4.9,-10.13453,-52.4009
2026/05/28 05:14:00,NPP-375D,Brasil,TOCANTINS,MATEIROS,Cerrado,,,,9.9,-10.61876,-46.90916
2026/05/28 05:14:00,NPP-375D,Brasil,MARANHÃO,BARRA DO CORDA,Cerrado,,,,1.1,-5.80199,-45.12492
2026/05/28 05:14:00,NPP-375D,Brasil,MARANHÃO,BARRA DO CORDA,Cerrado,,,,1.8,-5.48173,-45.11767
2026/05/28 05:14:00,NPP-375D,Brasil,MARANHÃO,ALTO PARNAÍBA,Cerrado,,,,1.0,-9.05363,-46.30655
2026/05/28 05:14:00,NPP-375D,Brasil,TOCANTINS,PARANÃ,Cerrado,,,,1.5,-12.3239,-47.89683
2026/05/28 05:14:00,NPP-375D,Brasil,MARANHÃO,BALSAS,Cerrado,,,,1.9,-7.71292,-45.93751
2026/05/28 05:14:00,NPP-375D,Brasil,TOCANTINS,NATIVIDADE,Cerrado,,,,6.2,-11.59847,-47.45261
2026/05/28 05:14:00,NPP-375D,Brasil,PARÁ,ALTAMIRA,Amazônia,,,,0.8,-8.21948,-55.10139
2026/05/28 05:14:00,NPP-375D,Brasil,MATO GROSSO,UNIÃO DO SUL,Amazônia,,,,1.8,-11.2779,-53.97028
2026/05/28 05:14:00,NPP-375D,Brasil,MATO GROSSO,NOVA CANAÃ DO NORTE,Amazônia,,,,1.5,-10.70947,-56.04675
2026/05/28 05:14:00,NPP-375D,Brasil,MATO GROSSO,ITAÚBA,Amazônia,,,,1.5,-11.07816,-55.05431
2026/05/28 05:14:00,NPP-375D,Brasil,TOCANTINS,MATEIROS,Cerrado,,,,6.4,-10.61927,-46.90515
2026/05/28 05:14:00,NPP-375D,Brasil,PARÁ,CUMARU DO NORTE,Amazônia,,,,2.9,-9.14371,-51.28981
2026/05/28 05:14:00,NPP-375D,Brasil,MATO GROSSO,NOVA CANAÃ DO NORTE,Amazônia,,,,0.7,-10.70611,-56.04621
2026/05/28 05:14:00,NPP-375D,Brasil,TOCANTINS,GUARAÍ,Cerrado,,,,6.4,-8.72629,-48.33178
2026/05/28 05:14:00,NPP-375D,Brasil,PIAUÍ,SANTA FILOMENA,Cerrado,,,,1.6,-9.36035,-45.46496
2026/05/28 05:14:00,NPP-375D,Brasil,PIAUÍ,SANTA FILOMENA,Cerrado,,,,2.9,-9.34685,-45.47292
2026/05/28 05:14:00,NPP-375D,Brasil,TOCANTINS,CONCEIÇÃO DO TOCANTINS,Cerrado,,,,0.7,-11.98984,-47.15812
2026/05/28 05:14:00,NPP-375D,Brasil,PIAUÍ,SANTA FILOMENA,Cerrado,,,,2.6,-9.35947,-45.46613
2026/05/28 05:14:00,NPP-375D,Brasil,PARÁ,TRAIRÃO,Amazônia,,,,2.0,-5.20436,-56.04773
2026/05/28 05:14:00,NPP-375D,Brasil,TOCANTINS,LAGOA DA CONFUSÃO,Cerrado,,,,1.5,-10.65618,-49.73318
2026/05/28 05:14:00,NPP-375D,Brasil,MARANHÃO,RIACHÃO,Cerrado,,,,1.4,-7.5991,-46.46458
2026/05/28 05:14:00,NPP-375D,Brasil,PIAUÍ,SANTA FILOMENA,Cerrado,,,,2.8,-9.34662,-45.46932
2026/05/28 05:14:00,NPP-375D,Brasil,TOCANTINS,ALMAS,Cerrado,,,,0.9,-11.16694,-46.80808
2026/05/28 05:14:00,NPP-375D,Brasil,MATO GROSSO,NOVO MUNDO,Amazônia,,,,0.7,-10.04476,-55.2505
2026/05/28 05:14:00,NPP-375D,Brasil,PARÁ,CUMARU DO NORTE,Amazônia,,,,1.0,-9.14476,-51.28245
2026/05/28 05:14:00,NPP-375D,Brasil,PARÁ,CONCEIÇÃO DO ARAGUAIA,Amazônia,,,,1.0,-8.30526,-49.40412
2026/05/28 05:14:00,NPP-375D,Brasil,PARÁ,CUMARU DO NORTE,Amazônia,,,,0.8,-9.14943,-51.27936
2026/05/28 05:14:00,NPP-375D,Brasil,MATO GROSSO,SÃO FÉLIX DO ARAGUAIA,Amazônia,,,,2.1,-11.46728,-52.918
2026/05/28 05:14:00,NPP-375D,Brasil,PIAUÍ,SANTA FILOMENA,Cerrado,,,,2.6,-9.35275,-45.4701
2026/05/28 05:14:00,NPP-375D,Brasil,AMAZONAS,MANICORÉ,Amazônia,,,,1.3,-7.86191,-61.4931
2026/05/28 05:14:00,NPP-375D,Brasil,MATO GROSSO,SÃO FÉLIX DO ARAGUAIA,Amazônia,,,,2.1,-11.46275,-52.92224
2026/05/28 05:14:00,NPP-375D,Brasil,TOCANTINS,PARANÃ,Cerrado,,,,2.9,-12.32935,-47.89743
2026/05/28 05:14:00,NPP-375D,Brasil,MARANHÃO,BARRA DO CORDA,Cerrado,,,,1.9,-5.79188,-45.13714
2026/05/28 05:14:00,NPP-375D,Brasil,MATO GROSSO,SÃO FÉLIX DO ARAGUAIA,Amazônia,,,,0.7,-11.44284,-52.92418
2026/05/28 05:14:00,NPP-375D,Brasil,MARANHÃO,RIACHÃO,Cerrado,,,,0.9,-7.59962,-46.46083
2026/05/28 05:14:00,NPP-375D,Brasil,MARANHÃO,LORETO,Cerrado,,,,4.0,-7.00811,-45.00373
2026/05/28 05:14:00,NPP-375D,Brasil,PIAUÍ,FLORIANO,Caatinga,,,,4.5,-6.99434,-42.87511
2026/05/28 05:14:00,NPP-375D,Brasil,MATO GROSSO,UNIÃO DO SUL,Amazônia,,,,2.5,-11.29852,-54.03625
2026/05/28 05:14:00,NPP-375D,Brasil,MARANHÃO,BARRA DO CORDA,Cerrado,,,,1.9,-5.79907,-45.1295
2026/05/28 05:14:00,NPP-375D,Brasil,TOCANTINS,NATIVIDADE,Cerrado,,,,3.7,-11.59176,-47.46112
2026/05/28 05:14:00,NPP-375D,Brasil,MATO GROSSO,UNIÃO DO SUL,Amazônia,,,,1.0,-11.2749,-53.96555
2026/05/28 05:14:00,NPP-375D,Brasil,TOCANTINS,DOIS IRMÃOS DO TOCANTINS,Cerrado,,,,2.0,-9.44426,-48.88662
2026/05/28 05:14:00,NPP-375D,Brasil,TOCANTINS,MIRACEMA DO TOCANTINS,Cerrado,,,,2.4,-9.39119,-48.44158
2026/05/28 05:14:00,NPP-375D,Brasil,PARÁ,CONCEIÇÃO DO ARAGUAIA,Amazônia,,,,1.2,-8.12,-49.56598
2026/05/28 05:14:00,NPP-375D,Brasil,TOCANTINS,MATEIROS,Cerrado,,,,2.5,-10.61774,-46.91706
2026/05/28 05:14:00,NPP-375D,Brasil,PARÁ,CUMARU DO NORTE,Amazônia,,,,2.9,-9.14424,-51.28613
2026/05/28 05:14:00,NPP-375D,Brasil,PIAUÍ,SANTA FILOMENA,Cerrado,,,,2.6,-9.36007,-45.4613
2026/05/28 05:14:00,NPP-375D,Brasil,MATO GROSSO,ARIPUANÃ,Amazônia,,,,0.7,-10.03046,-59.3515
2026/05/28 05:14:00,NPP-375D,Brasil,TOCANTINS,MATEIROS,Cerrado,,,,1.3,-10.63112,-46.90279
2026/05/28 05:14:00,NPP-375D,Brasil,MARANHÃO,LAGOA DO MATO,Cerrado,,,,9.6,-5.95885,-43.49065
2026/05/28 05:14:00,NPP-375D,Brasil,PARÁ,CUMARU DO NORTE,Amazônia,,,,1.5,-8.52709,-51.57867
2026/05/28 05:14:00,NPP-375D,Brasil,MARANHÃO,JOÃO LISBOA,Amazônia,,,,1.1,-5.10118,-46.9472
2026/05/28 05:14:00,NPP-375D,Brasil,TOCANTINS,CONCEIÇÃO DO TOCANTINS,Cerrado,,,,1.5,-11.99361,-47.15644
2026/05/28 05:14:00,NPP-375D,Brasil,TOCANTINS,MATEIROS,Cerrado,,,,1.0,-10.77922,-46.90551
2026/05/28 05:14:00,NPP-375D,Brasil,MATO GROSSO,SÃO FÉLIX DO ARAGUAIA,Amazônia,,,,6.7,-11.47113,-52.91857
2026/05/28 05:14:00,NPP-375D,Brasil,TOCANTINS,MATEIROS,Cerrado,,,,1.1,-10.63276,-46.90303
2026/05/28 05:14:00,NPP-375D,Brasil,MARANHÃO,JOÃO LISBOA,Amazônia,,,,1.2,-5.10069,-46.94694
2026/05/28 05:14:00,NPP-375D,Brasil,MATO GROSSO,MARCELÂNDIA,Amazônia,,,,0.9,-10.91315,-54.12352
2026/05/28 05:14:00,NPP-375D,Brasil,MARANHÃO,BARRA DO CORDA,Cerrado,,,,1.1,-5.80799,-45.12553
2026/05/28 05:14:00,NPP-375D,Brasil,TOCANTINS,NATIVIDADE,Cerrado,,,,7.8,-11.58735,-47.45128
2026/05/28 05:14:00,NPP-375D,Brasil,PARÁ,ALTAMIRA,Amazônia,,,,0.6,-6.53304,-55.0636
2026/05/28 05:14:00,NPP-375D,Brasil,MATO GROSSO,VILA RICA,Amazônia,,,,1.1,-10.04997,-51.68398
2026/05/28 05:14:00,NPP-375D,Brasil,PIAUÍ,SANTA FILOMENA,Cerrado,,,,0.9,-9.34073,-45.47213
2026/05/28 05:14:00,NPP-375D,Brasil,MARANHÃO,ALTO PARNAÍBA,Cerrado,,,,1.0,-9.05414,-46.30259
2026/05/28 05:14:00,NPP-375D,Brasil,TOCANTINS,MIRACEMA DO TOCANTINS,Cerrado,,,,3.9,-9.39263,-48.44112
2026/05/28 05:14:00,NPP-375D,Brasil,BAHIA,SÃO DESIDÉRIO,Cerrado,,,,1.2,-12.68586,-44.78882
2026/05/28 05:14:00,NPP-375D,Brasil,TOCANTINS,GUARAÍ,Cerrado,,,,2.0,-8.68419,-48.30254
2026/05/28 05:14:00,NPP-375D,Brasil,TOCANTINS,MIRACEMA DO TOCANTINS,Cerrado,,,,3.9,-9.39766,-48.44188
2026/05/28 05:14:00,NPP-375D,Brasil,MATO GROSSO,UNIÃO DO SUL,Amazônia,,,,2.6,-11.29913,-54.03207
2026/05/28 05:14:00,NPP-375D,Brasil,TOCANTINS,NATIVIDADE,Cerrado,,,,7.8,-11.58782,-47.44756
2026/05/28 05:14:00,NPP-375D,Brasil,TOCANTINS,MATEIROS,Cerrado,,,,2.7,-10.77828,-46.91308
2026/05/28 05:14:00,NPP-375D,Brasil,PIAUÍ,SANTA FILOMENA,Cerrado,,,,2.6,-9.35334,-45.46537
2026/05/28 05:14:00,NPP-375D,Brasil,PARÁ,ALTAMIRA,Amazônia,,,,0.6,-6.52969,-55.06308
2026/05/28 05:14:00,NPP-375D,Brasil,TOCANTINS,NATIVIDADE,Cerrado,,,,7.8,-11.59291,-47.45195
2026/05/28 05:14:00,NPP-375D,Brasil,PIAUÍ,SANTA FILOMENA,Cerrado,,,,1.6,-9.361,-45.4601
2026/05/28 05:14:00,NPP-375D,Brasil,MARANHÃO,BARRA DO CORDA,Cerrado,,,,1.9,-5.7913,-45.14122
2026/05/28 05:14:00,NPP-375D,Brasil,BAHIA,SÃO DESIDÉRIO,Cerrado,,,,2.8,-12.69314,-44.78382
2026/05/28 05:14:00,NPP-375D,Brasil,MATO GROSSO,UNIÃO DO SUL,Amazônia,,,,1.0,-11.27427,-53.96973
2026/05/28 05:14:00,NPP-375D,Brasil,TOCANTINS,CONCEIÇÃO DO TOCANTINS,Cerrado,,,,0.7,-11.99552,-47.15892
2026/05/28 05:14:00,NPP-375D,Brasil,TOCANTINS,NATIVIDADE,Cerrado,,,,2.6,-11.59384,-47.4445
2026/05/28 05:14:00,NPP-375D,Brasil,TOCANTINS,PUGMIL,Cerrado,,,,7.1,-10.4819,-48.90735
2026/05/28 05:14:00,NPP-375D,Brasil,PIAUÍ,FLORIANO,Caatinga,,,,8.3,-7.00045,-42.88245
2026/05/28 05:14:00,NPP-375D,Brasil,MARANHÃO,BARRA DO CORDA,Cerrado,,,,1.9,-5.79847,-45.13363
2026/05/28 05:14:00,NPP-375D,Brasil,PIAUÍ,FLORIANO,Caatinga,,,,7.7,-6.99347,-42.8817
2026/05/28 05:14:00,NPP-375D,Brasil,MATO GROSSO,VILA RICA,Amazônia,,,,0.8,-10.05456,-51.68093
2026/05/28 05:14:00,NPP-375D,Brasil,BAHIA,SÃO DESIDÉRIO,Cerrado,,,,2.6,-12.68917,-44.78285
2026/05/28 05:14:00,NPP-375D,Brasil,MATO GROSSO,MARCELÂNDIA,Amazônia,,,,0.9,-10.90956,-54.12297
2026/05/28 05:14:00,NPP-375D,Brasil,MARANHÃO,BARRA DO CORDA,Cerrado,,,,1.9,-5.80566,-45.12595
2026/05/28 05:14:00,NPP-375D,Brasil,MATO GROSSO,SANTA CRUZ DO XINGU,Amazônia,,,,1.7,-10.13843,-52.40149
2026/05/28 05:14:00,NPP-375D,Brasil,TOCANTINS,PUGMIL,Cerrado,,,,6.5,-10.47795,-48.90743
2026/05/28 05:14:00,NPP-375D,Brasil,PIAUÍ,FLORIANO,Caatinga,,,,4.9,-7.00132,-42.87589
2026/05/28 05:14:00,NPP-375D,Brasil,TOCANTINS,CONCEIÇÃO DO TOCANTINS,Cerrado,,,,1.9,-11.9706,-47.38295
2026/05/28 05:14:00,NPP-375D,Brasil,TOCANTINS,CONCEIÇÃO DO TOCANTINS,Cerrado,,,,1.9,-11.97108,-47.37921
2026/05/28 05:14:00,NPP-375D,Brasil,TOCANTINS,MATEIROS,Cerrado,,,,1.8,-10.63936,-46.89624
2026/05/28 05:14:00,NPP-375D,Brasil,TOCANTINS,LAGOA DA CONFUSÃO,Cerrado,,,,1.5,-10.65685,-49.72824
2026/05/28 05:14:00,NPP-375D,Brasil,TOCANTINS,DIVINÓPOLIS DO TOCANTINS,Cerrado,,,,1.7,-9.74025,-49.21244
2026/05/28 05:14:00,NPP-375D,Brasil,TOCANTINS,PUGMIL,Cerrado,,,,6.5,-10.4829,-48.90817
2026/05/28 05:16:00,NPP-375D,Brasil,MATO GROSSO,PORTO ESPERIDIÃO,Pantanal,,,,0.5,-15.82574,-58.61752
2026/05/28 05:16:00,NPP-375D,Brasil,MATO GROSSO,NOVA UBIRATÃ,Amazônia,,,,1.4,-13.2077,-54.50154
2026/05/28 05:16:00,NPP-375D,Brasil,MATO GROSSO,RIBEIRÃO CASCALHEIRA,Amazônia,,,,1.4,-12.90473,-51.87543
2026/05/28 05:16:00,NPP-375D,Brasil,MATO GROSSO,PORTO DOS GAÚCHOS,Amazônia,,,,1.7,-11.72015,-56.84486
2026/05/28 05:16:00,NPP-375D,Brasil,MATO GROSSO,NOVA UBIRATÃ,Amazônia,,,,1.1,-13.21977,-54.49473
2026/05/28 05:16:00,NPP-375D,Brasil,MATO GROSSO,PORTO DOS GAÚCHOS,Amazônia,,,,1.2,-11.73126,-56.8394
2026/05/28 05:16:00,NPP-375D,Brasil,MATO GROSSO DO SUL,PEDRO GOMES,Cerrado,,,,0.7,-17.95615,-54.46143
2026/05/28 05:16:00,NPP-375D,Brasil,MATO GROSSO,PORTO DOS GAÚCHOS,Amazônia,,,,0.9,-11.73181,-56.83586
2026/05/28 05:16:00,NPP-375D,Brasil,MATO GROSSO,VILA BELA DA SANTÍSSIMA TRINDADE,Amazônia,,,,1.0,-16.21677,-59.66918
2026/05/28 05:16:00,NPP-375D,Brasil,MATO GROSSO,NOVA UBIRATÃ,Amazônia,,,,3.2,-13.19926,-54.50887
2026/05/28 05:16:00,NPP-375D,Brasil,MATO GROSSO,NOVA UBIRATÃ,Amazônia,,,,2.1,-13.22213,-54.50372
2026/05/28 05:16:00,NPP-375D,Brasil,MATO GROSSO,PORTO DOS GAÚCHOS,Amazônia,,,,0.7,-11.72404,-56.84185
2026/05/28 05:16:00,NPP-375D,Brasil,MATO GROSSO,PORTO DOS GAÚCHOS,Amazônia,,,,2.7,-11.63559,-56.86698
2026/05/28 05:16:00,NPP-375D,Brasil,MATO GROSSO,PARANATINGA,Cerrado,,,,0.6,-13.95357,-53.86507
2026/05/28 05:16:00,NPP-375D,Brasil,MATO GROSSO,NOVA UBIRATÃ,Amazônia,,,,2.1,-13.21667,-54.51579
2026/05/28 05:16:00,NPP-375D,Brasil,MATO GROSSO,NOVA UBIRATÃ,Amazônia,,,,2.1,-13.22276,-54.4995
2026/05/28 05:16:00,NPP-375D,Brasil,MATO GROSSO,PORTO DOS GAÚCHOS,Amazônia,,,,1.4,-11.79007,-57.0084
2026/05/28 05:16:00,NPP-375D,Brasil,MATO GROSSO,PORTO DOS GAÚCHOS,Amazônia,,,,5.7,-11.63281,-56.86291
2026/05/28 05:16:00,NPP-375D,Brasil,MATO GROSSO,VÁRZEA GRANDE,Cerrado,,,,1.6,-15.42022,-56.31124
2026/05/28 05:16:00,NPP-375D,Brasil,MATO GROSSO,VILA BELA DA SANTÍSSIMA TRINDADE,Amazônia,,,,0.8,-16.2661,-60.00706
2026/05/28 05:16:00,NPP-375D,Brasil,MATO GROSSO,NOVA UBIRATÃ,Amazônia,,,,2.6,-13.20709,-54.50578
2026/05/28 05:16:00,NPP-375D,Brasil,MATO GROSSO,PORTO DOS GAÚCHOS,Amazônia,,,,1.7,-11.93286,-57.04196
2026/05/28 05:16:00,NPP-375D,Brasil,MATO GROSSO,NOVA UBIRATÃ,Amazônia,,,,2.6,-13.20348,-54.50522
2026/05/28 05:16:00,NPP-375D,Brasil,GOIÁS,JATAÍ,Cerrado,,,,2.7,-17.93686,-51.33329
2026/05/28 05:16:00,NPP-375D,Brasil,MATO GROSSO,NOVA UBIRATÃ,Amazônia,,,,1.5,-13.20225,-54.51363
2026/05/28 05:16:00,NPP-375D,Brasil,MATO GROSSO,NOVA UBIRATÃ,Amazônia,,,,2.1,-13.21852,-54.50319
2026/05/28 05:16:00,NPP-375D,Brasil,MATO GROSSO,NOVA UBIRATÃ,Amazônia,,,,1.5,-13.20524,-54.51838
2026/05/28 05:16:00,NPP-375D,Brasil,MATO GROSSO,NOVA UBIRATÃ,Amazônia,,,,2.1,-13.21915,-54.49896
2026/05/28 05:16:00,NPP-375D,Brasil,MATO GROSSO,CANARANA,Amazônia,,,,2.2,-13.18419,-52.70457
2026/05/28 05:16:00,NPP-375D,Brasil,MATO GROSSO,PORTO DOS GAÚCHOS,Amazônia,,,,3.4,-11.63615,-56.86345
2026/05/28 05:16:00,NPP-375D,Brasil,MATO GROSSO,NOVA UBIRATÃ,Amazônia,,,,2.4,-13.22575,-54.50425
2026/05/28 05:16:00,NPP-375D,Brasil,MATO GROSSO,NOVA UBIRATÃ,Amazônia,,,,1.8,-13.2209,-54.51213
2026/05/28 05:16:00,NPP-375D,Brasil,MATO GROSSO DO SUL,PEDRO GOMES,Cerrado,,,,0.7,-17.95233,-54.46082
2026/05/28 05:16:00,NPP-375D,Brasil,MATO GROSSO,PORTO DOS GAÚCHOS,Amazônia,,,,0.7,-11.7207,-56.84132
2026/05/28 05:16:00,NPP-375D,Brasil,MATO GROSSO,PARANATINGA,Amazônia,,,,1.3,-12.725,-54.19294
2026/05/28 05:16:00,NPP-375D,Brasil,MATO GROSSO,NOVA UBIRATÃ,Amazônia,,,,1.4,-13.2041,-54.501
2026/05/28 05:16:00,NPP-375D,Brasil,MATO GROSSO,PORTO DOS GAÚCHOS,Amazônia,,,,3.4,-11.63948,-56.86399
2026/05/28 05:16:00,NPP-375D,Brasil,MATO GROSSO,NOVA UBIRATÃ,Amazônia,,,,2.3,-13.2143,-54.50686
2026/05/28 05:16:00,NPP-375D,Brasil,MATO GROSSO,CÁCERES,Pantanal,,,,1.7,-16.16278,-58.4739
2026/05/28 05:16:00,NPP-375D,Brasil,MATO GROSSO,NOVA MARINGÁ,Amazônia,,,,0.9,-11.8024,-57.3541
2026/05/28 05:16:00,NPP-375D,Brasil,MATO GROSSO,NOVA MARINGÁ,Amazônia,,,,0.8,-11.79907,-57.35356
2026/05/28 05:16:00,NPP-375D,Brasil,MATO GROSSO,VILA BELA DA SANTÍSSIMA TRINDADE,Amazônia,,,,0.9,-16.26889,-60.01147
2026/05/28 05:16:00,NPP-375D,Brasil,MATO GROSSO,NOVA UBIRATÃ,Amazônia,,,,3.2,-13.19987,-54.50467
2026/05/28 05:16:00,NPP-375D,Brasil,MATO GROSSO,NOVA UBIRATÃ,Amazônia,,,,1.9,-12.54882,-54.58346
2026/05/28 05:16:00,NPP-375D,Brasil,MATO GROSSO,VÁRZEA GRANDE,Cerrado,,,,1.3,-15.42365,-56.31179
2026/05/28 05:16:00,NPP-375D,Brasil,MATO GROSSO,VILA BELA DA SANTÍSSIMA TRINDADE,Amazônia,,,,1.0,-16.22077,-59.66604
2026/05/28 05:16:00,NPP-375D,Brasil,MATO GROSSO,NOVA UBIRATÃ,Amazônia,,,,2.4,-13.22637,-54.50003
2026/05/28 05:16:00,NPP-375D,Brasil,MATO GROSSO,PORTO DOS GAÚCHOS,Amazônia,,,,2.9,-11.79774,-57.0166
2026/05/28 05:16:00,NPP-375D,Brasil,MATO GROSSO,VILA BELA DA SANTÍSSIMA TRINDADE,Amazônia,,,,1.0,-16.218,-59.66171
2026/05/28 05:16:00,NPP-375D,Brasil,MATO GROSSO,NOVA UBIRATÃ,Amazônia,,,,2.6,-13.20647,-54.50998
2026/05/28 05:16:00,NPP-375D,Brasil,MATO GROSSO,NOVA UBIRATÃ,Amazônia,,,,1.8,-13.21791,-54.5074
2026/05/28 05:16:00,NPP-375D,Brasil,MATO GROSSO,PORTO DOS GAÚCHOS,Amazônia,,,,3.4,-11.6367,-56.85991
2026/05/28 05:16:00,NPP-375D,Brasil,MATO GROSSO,NOVA UBIRATÃ,Amazônia,,,,2.1,-13.19864,-54.51307
2026/05/28 05:16:00,NPP-375D,Brasil,MATO GROSSO,NOVA UBIRATÃ,Amazônia,,,,2.1,-13.21606,-54.51997
2026/05/28 05:16:00,NPP-375D,Brasil,MATO GROSSO,CÁCERES,Pantanal,,,,0.8,-16.15888,-58.47688
2026/05/28 05:16:00,NPP-375D,Brasil,MATO GROSSO,NOVA UBIRATÃ,Amazônia,,,,1.5,-13.20585,-54.51419
2026/05/28 05:16:00,NPP-375D,Brasil,MATO GROSSO,PARANATINGA,Amazônia,,,,1.0,-12.72375,-54.20147
2026/05/28 05:16:00,NPP-375D,Brasil,GOIÁS,JATAÍ,Cerrado,,,,1.1,-17.93566,-51.34309
2026/05/28 05:16:00,NPP-375D,Brasil,MATO GROSSO,NOVA UBIRATÃ,Amazônia,,,,1.1,-13.22338,-54.49527
2026/05/28 05:16:00,NPP-375D,Brasil,MATO GROSSO,NOVA UBIRATÃ,Amazônia,,,,1.8,-13.22151,-54.50793
2026/05/28 05:16:00,NPP-375D,Brasil,MATO GROSSO,NOVA UBIRATÃ,Amazônia,,,,0.5,-13.22699,-54.49581
2026/05/28 05:16:00,NPP-375D,Brasil,MATO GROSSO,NOVA UBIRATÃ,Amazônia,,,,2.1,-13.21966,-54.5205
2026/05/28 05:16:00,NPP-375D,Brasil,MATO GROSSO,PORTO DOS GAÚCHOS,Amazônia,,,,2.9,-11.79441,-57.01606
2026/05/28 05:16:00,NPP-375D,Brasil,MATO GROSSO,NOVA UBIRATÃ,Amazônia,,,,2.6,-13.20286,-54.50943
2026/05/28 05:16:00,NPP-375D,Brasil,MATO GROSSO,PORTO DOS GAÚCHOS,Amazônia,,,,0.8,-11.72515,-56.83478
2026/05/28 05:16:00,NPP-375D,Brasil,MATO GROSSO,NOVA UBIRATÃ,Amazônia,,,,1.4,-13.22389,-54.51683
2026/05/28 05:16:00,NPP-375D,Brasil,MATO GROSSO,NOVA UBIRATÃ,Amazônia,,,,2.1,-13.19803,-54.51726
2026/05/28 05:16:00,NPP-375D,Brasil,GOIÁS,JATAÍ,Cerrado,,,,1.8,-17.93279,-51.32774
2026/05/28 05:16:00,NPP-375D,Brasil,MATO GROSSO,PORTO DOS GAÚCHOS,Amazônia,,,,1.4,-11.78951,-57.01193
2026/05/28 05:16:00,NPP-375D,Brasil,MATO GROSSO,NOVA UBIRATÃ,Amazônia,,,,1.9,-13.20946,-54.51472
2026/05/28 05:16:00,NPP-375D,Brasil,MATO GROSSO,PORTO DOS GAÚCHOS,Amazônia,,,,1.0,-11.79496,-57.01253
2026/05/28 05:16:00,NPP-375D,Brasil,MATO GROSSO,CÁCERES,Pantanal,,,,0.8,-16.15944,-58.47333
2026/05/28 05:16:00,NPP-375D,Brasil,MATO GROSSO,CÁCERES,Pantanal,,,,0.6,-16.16945,-58.47504
2026/05/28 05:16:00,NPP-375D,Brasil,GOIÁS,JATAÍ,Cerrado,,,,2.4,-17.93219,-51.3327
2026/05/28 05:16:00,NPP-375D,Brasil,MATO GROSSO,NOVA UBIRATÃ,Amazônia,,,,1.5,-13.20163,-54.51782
2026/05/28 05:16:00,NPP-375D,Brasil,MATO GROSSO,PORTO DOS GAÚCHOS,Amazônia,,,,1.7,-11.72348,-56.84539
2026/05/28 05:16:00,NPP-375D,Brasil,GOIÁS,JATAÍ,Cerrado,,,,2.4,-17.92752,-51.33212
2026/05/28 05:16:00,NPP-375D,Brasil,MATO GROSSO,PARANATINGA,Cerrado,,,,1.1,-13.94916,-53.8691
2026/05/28 05:16:00,NPP-375D,Brasil,MATO GROSSO,PORTO DOS GAÚCHOS,Amazônia,,,,1.4,-11.79284,-57.01247
2026/05/28 05:16:00,NPP-375D,Brasil,MATO GROSSO,NOVA UBIRATÃ,Amazônia,,,,2.3,-13.21069,-54.50632
2026/05/28 05:16:00,NPP-375D,Brasil,MATO GROSSO,CÁCERES,Pantanal,,,,1.7,-16.16611,-58.47447
2026/05/28 05:16:00,NPP-375D,Brasil,MATO GROSSO,CANARANA,Amazônia,,,,2.4,-13.18203,-52.70713
2026/05/28 05:16:00,NPP-375D,Brasil,MATO GROSSO,NOVA UBIRATÃ,Amazônia,,,,1.9,-13.21492,-54.50264
2026/05/28 05:16:00,NPP-375D,Brasil,MATO GROSSO,NOVA UBIRATÃ,Amazônia,,,,2.1,-13.22028,-54.51632
2026/05/28 05:16:00,NPP-375D,Brasil,GOIÁS,JATAÍ,Cerrado,,,,1.8,-17.92812,-51.32718
2026/05/28 05:16:00,NPP-375D,Brasil,MATO GROSSO,NOVA MARINGÁ,Amazônia,,,,0.9,-11.80573,-57.35465
2026/05/28 05:16:00,NPP-375D,Brasil,MATO GROSSO,NOVA MARINGÁ,Amazônia,,,,1.0,-11.81295,-57.35221
2026/05/28 05:16:00,NPP-375D,Brasil,MATO GROSSO,NOVA UBIRATÃ,Amazônia,,,,1.8,-13.21729,-54.5116
2026/05/28 05:16:00,NPP-375D,Brasil,MATO GROSSO,SANTA RITA DO TRIVELATO,Cerrado,,,,1.7,-13.65783,-55.29673
2026/05/28 05:16:00,NPP-375D,Brasil,MATO GROSSO,NOVA UBIRATÃ,Amazônia,,,,1.9,-13.21245,-54.51944
2026/05/28 05:16:00,NPP-375D,Brasil,MATO GROSSO,NOVA UBIRATÃ,Amazônia,,,,2.0,-13.22513,-54.50845
2026/05/28 05:16:00,NPP-375D,Brasil,MATO GROSSO,NOVA UBIRATÃ,Amazônia,,,,2.3,-13.21007,-54.51053
2026/05/28 05:16:00,NPP-375D,Brasil,MATO GROSSO DO SUL,PEDRO GOMES,Cerrado,,,,0.7,-17.95167,-54.46565
2026/05/28 05:16:00,NPP-375D,Brasil,MATO GROSSO,NOVA UBIRATÃ,Amazônia,,,,1.9,-13.20884,-54.51891
2026/05/28 05:16:00,NPP-375D,Brasil,MATO GROSSO,NOVA UBIRATÃ,Amazônia,,,,2.0,-13.22451,-54.51265
2026/05/28 05:16:00,NPP-375D,Brasil,MATO GROSSO,NOVA UBIRATÃ,Amazônia,,,,1.9,-13.21306,-54.51526
2026/05/28 05:16:00,NPP-375D,Brasil,MATO GROSSO,PARANATINGA,Amazônia,,,,1.0,-12.72438,-54.19722
2026/05/28 05:16:00,NPP-375D,Brasil,MATO GROSSO,PORTO DOS GAÚCHOS,Amazônia,,,,5.7,-11.63337,-56.85937
2026/05/28 05:16:00,NPP-375D,Brasil,MATO GROSSO,NOVA UBIRATÃ,Amazônia,,,,1.9,-13.21131,-54.50209
2026/05/28 05:16:00,NPP-375D,Brasil,MATO GROSSO,PORTO DOS GAÚCHOS,Amazônia,,,,0.7,-11.72126,-56.83778
2026/05/28 05:16:00,NPP-375D,Brasil,MATO GROSSO,VILA BELA DA SANTÍSSIMA TRINDADE,Amazônia,,,,0.6,-16.2345,-59.98572
2026/05/28 05:16:00,NPP-375D,Brasil,MATO GROSSO,CÁCERES,Pantanal,,,,1.7,-16.16221,-58.47746
2026/05/28 05:16:00,NPP-375D,Brasil,MATO GROSSO,NOVA MARINGÁ,Amazônia,,,,1.0,-11.80906,-57.35519
2026/05/28 05:16:00,NPP-375D,Brasil,MATO GROSSO,PORTO DOS GAÚCHOS,Amazônia,,,,0.9,-11.72848,-56.83532
2026/05/28 05:16:00,NPP-375D,Brasil,MATO GROSSO,PORTO DOS GAÚCHOS,Amazônia,,,,1.0,-11.54741,-56.93629
2026/05/28 05:16:00,NPP-375D,Brasil,MATO GROSSO,PARANATINGA,Cerrado,,,,1.1,-14.01688,-53.36314
2026/05/28 05:16:00,NPP-375D,Brasil,MATO GROSSO,SANTA RITA DO TRIVELATO,Cerrado,,,,1.3,-13.65083,-55.29565
2026/05/28 05:16:00,NPP-375D,Brasil,MATO GROSSO,VILA BELA DA SANTÍSSIMA TRINDADE,Amazônia,,,,1.0,-16.21738,-59.66545
2026/05/28 05:16:00,NPP-375D,Brasil,MATO GROSSO,SANTA RITA DO TRIVELATO,Cerrado,,,,1.7,-13.65433,-55.29619
2026/05/28 05:16:00,NPP-375D,Brasil,MATO GROSSO,BRASNORTE,Amazônia,,,,1.5,-11.63908,-58.2432
2026/05/28 05:16:00,NPP-375D,Brasil,MATO GROSSO,NOVA UBIRATÃ,Amazônia,,,,2.3,-13.21368,-54.51107
2026/05/28 05:16:00,NPP-375D,Brasil,MATO GROSSO,PORTO DOS GAÚCHOS,Amazônia,,,,1.4,-11.7934,-57.00895
2026/05/28 05:18:00,NPP-375D,Brasil,SÃO PAULO,MOCOCA,Cerrado,,,,3.4,-21.54438,-47.04502
2026/05/28 05:18:00,NPP-375D,Brasil,MATO GROSSO DO SUL,BONITO,Cerrado,,,,0.7,-20.73557,-56.13559
2026/05/28 05:18:00,NPP-375D,Brasil,SÃO PAULO,MONTE ALTO,Mata Atlântica,,,,2.2,-21.30071,-48.58807
2026/05/28 05:18:00,NPP-375D,Brasil,SÃO PAULO,MOCOCA,Cerrado,,,,1.2,-21.42434,-47.07155
2026/05/28 05:18:00,NPP-375D,Brasil,SÃO PAULO,MONTE ALTO,Mata Atlântica,,,,1.3,-21.30113,-48.58362
2026/05/28 05:18:00,NPP-375D,Brasil,SÃO PAULO,MOCOCA,Cerrado,,,,1.2,-21.42385,-47.07731
2026/05/28 05:18:00,NPP-375D,Brasil,SÃO PAULO,ITÁPOLIS,Cerrado,,,,2.2,-21.54658,-48.897
2026/05/28 05:18:00,NPP-375D,Brasil,MATO GROSSO DO SUL,MIRANDA,Cerrado,,,,0.5,-20.14246,-56.34249
2026/05/28 05:18:00,NPP-375D,Brasil,MATO GROSSO DO SUL,CORUMBÁ,Pantanal,,,,0.9,-19.00175,-57.62477
2026/05/28 05:18:00,NPP-375D,Brasil,MATO GROSSO DO SUL,PORTO MURTINHO,Cerrado,,,,1.5,-21.98396,-57.60381
2026/05/28 05:18:00,NPP-375D,Brasil,MATO GROSSO DO SUL,PORTO MURTINHO,Cerrado,,,,1.5,-21.9805,-57.60329
2026/05/28 05:18:00,NPP-375D,Brasil,MATO GROSSO DO SUL,BELA VISTA,Cerrado,,,,0.8,-22.05647,-56.18534
2026/05/28 05:31:00,NOAA-20,Brasil,PARÁ,CUMARU DO NORTE,Amazônia,,,,2.0,-9.14569,-51.28294
2026/05/28 05:31:00,NOAA-20,Brasil,PARÁ,ALTAMIRA,Amazônia,,,,0.8,-6.52791,-55.06282
2026/05/28 05:31:00,NOAA-20,Brasil,PARÁ,OURILÂNDIA DO NORTE,Amazônia,,,,1.4,-8.34022,-51.92508
2026/05/28 05:31:00,NOAA-20,Brasil,PARÁ,TRAIRÃO,Amazônia,,,,2.8,-5.20473,-56.04662
2026/05/28 05:31:00,NOAA-20,Brasil,PARÁ,CUMARU DO NORTE,Amazônia,,,,1.7,-9.14019,-51.28533
2026/05/28 05:31:00,NOAA-20,Brasil,AMAZONAS,MANICORÉ,Amazônia,,,,1.3,-7.86344,-61.49201
2026/05/28 05:31:00,NOAA-20,Brasil,PARÁ,CUMARU DO NORTE,Amazônia,,,,1.7,-9.14638,-51.28607
2026/05/28 05:31:00,NOAA-20,Brasil,PARÁ,ALTAMIRA,Amazônia,,,,0.8,-6.53255,-55.06347
2026/05/28 05:31:00,NOAA-20,Brasil,AMAZONAS,MANICORÉ,Amazônia,,,,0.8,-7.86399,-61.48848
2026/05/28 05:31:00,NOAA-20,Brasil,PARÁ,CUMARU DO NORTE,Amazônia,,,,1.7,-9.147,-51.28136
2026/05/28 05:31:00,NOAA-20,Brasil,PARÁ,OURILÂNDIA DO NORTE,Amazônia,,,,2.8,-8.33595,-51.92046
2026/05/28 05:31:00,NOAA-20,Brasil,PARÁ,CUMARU DO NORTE,Amazônia,,,,2.9,-9.1451,-51.28767
2026/05/28 05:31:00,NOAA-20,Brasil,PARÁ,OURILÂNDIA DO NORTE,Amazônia,,,,1.4,-8.34081,-51.92056
2026/05/28 05:31:00,NOAA-20,Brasil,PARÁ,CUMARU DO NORTE,Amazônia,,,,1.4,-9.14761,-51.27665
2026/05/28 05:31:00,NOAA-20,Brasil,PARÁ,CUMARU DO NORTE,Amazônia,,,,2.0,-9.14627,-51.27823
2026/05/28 05:33:00,NOAA-20,Brasil,MATO GROSSO,TABAPORÃ,Amazônia,,,,1.0,-11.03808,-56.92539
2026/05/28 05:33:00,NOAA-20,Brasil,MATO GROSSO,PARANATINGA,Cerrado,,,,2.0,-14.01736,-53.36406
2026/05/28 05:33:00,NOAA-20,Brasil,MATO GROSSO,SÃO FÉLIX DO ARAGUAIA,Amazônia,,,,3.7,-11.47379,-52.92292
2026/05/28 05:33:00,NOAA-20,Brasil,MATO GROSSO,NOVA MARINGÁ,Amazônia,,,,0.8,-12.05113,-57.41799
2026/05/28 05:33:00,NOAA-20,Brasil,MATO GROSSO,NOVA UBIRATÃ,Amazônia,,,,2.4,-13.21832,-54.51137
2026/05/28 05:33:00,NOAA-20,Brasil,MATO GROSSO,NOVA UBIRATÃ,Amazônia,,,,1.5,-13.20309,-54.51289
2026/05/28 05:33:00,NOAA-20,Brasil,MATO GROSSO,NOVA UBIRATÃ,Amazônia,,,,2.4,-13.22068,-54.50139
2026/05/28 05:33:00,NOAA-20,Brasil,MATO GROSSO,NOVA UBIRATÃ,Amazônia,,,,2.4,-13.21871,-54.50803
2026/05/28 05:33:00,NOAA-20,Brasil,MATO GROSSO,UNIÃO DO SUL,Amazônia,,,,2.2,-11.29964,-54.03513
2026/05/28 05:33:00,NOAA-20,Brasil,MATO GROSSO,NOVA UBIRATÃ,Amazônia,,,,0.7,-13.20435,-54.50283
2026/05/28 05:33:00,NOAA-20,Brasil,MATO GROSSO,PORTO DOS GAÚCHOS,Amazônia,,,,1.9,-11.93193,-57.04253
2026/05/28 05:33:00,NOAA-20,Brasil,MATO GROSSO,NOVA UBIRATÃ,Amazônia,,,,2.8,-13.22431,-54.51526
2026/05/28 05:33:00,NOAA-20,Brasil,MATO GROSSO,PORTO DOS GAÚCHOS,Amazônia,,,,2.8,-11.79304,-57.0116
2026/05/28 05:33:00,NOAA-20,Brasil,MATO GROSSO,SÃO FÉLIX DO ARAGUAIA,Amazônia,,,,1.2,-11.45656,-52.92073
2026/05/28 05:33:00,NOAA-20,Brasil,MATO GROSSO,NOVA UBIRATÃ,Amazônia,,,,2.4,-13.22402,-54.5086
2026/05/28 05:33:00,NOAA-20,Brasil,MATO GROSSO,SANTA CRUZ DO XINGU,Amazônia,,,,0.8,-10.14025,-52.39777
2026/05/28 05:33:00,NOAA-20,Brasil,MATO GROSSO,NOVA MARINGÁ,Amazônia,,,,0.7,-11.80068,-57.35622
2026/05/28 05:33:00,NOAA-20,Brasil,MATO GROSSO,UNIÃO DO SUL,Amazônia,,,,2.1,-11.29515,-54.02784
2026/05/28 05:33:00,NOAA-20,Brasil,MATO GROSSO,PARANATINGA,Amazônia,,,,1.2,-12.72337,-54.19611
2026/05/28 05:33:00,NOAA-20,Brasil,MATO GROSSO,VÁRZEA GRANDE,Cerrado,,,,3.8,-15.42082,-56.3112
2026/05/28 05:33:00,NOAA-20,Brasil,MATO GROSSO,PARANATINGA,Amazônia,,,,0.5,-12.72003,-54.19838
2026/05/28 05:33:00,NOAA-20,Brasil,MATO GROSSO,NOVA UBIRATÃ,Amazônia,,,,1.6,-13.21301,-54.51077
2026/05/28 05:33:00,NOAA-20,Brasil,MATO GROSSO,PORTO DOS GAÚCHOS,Amazônia,,,,1.1,-11.72746,-56.83608
2026/05/28 05:33:00,NOAA-20,Brasil,RONDÔNIA,COSTA MARQUES,Amazônia,,,,0.9,-12.09224,-64.2588
2026/05/28 05:33:00,NOAA-20,Brasil,MATO GROSSO,NOVA UBIRATÃ,Amazônia,,,,2.0,-13.20731,-54.51347
2026/05/28 05:33:00,NOAA-20,Brasil,MATO GROSSO,CÁCERES,Pantanal,,,,1.0,-16.16565,-58.47626
2026/05/28 05:33:00,NOAA-20,Brasil,MATO GROSSO,NOVA UBIRATÃ,Amazônia,,,,1.1,-13.2085,-54.50338
2026/05/28 05:33:00,NOAA-20,Brasil,MATO GROSSO,NOVA UBIRATÃ,Amazônia,,,,2.8,-13.21858,-54.518
2026/05/28 05:33:00,NOAA-20,Brasil,MATO GROSSO,NOVA UBIRATÃ,Amazônia,,,,1.4,-13.20965,-54.50349
2026/05/28 05:33:00,NOAA-20,Brasil,MATO GROSSO,NOVA MARINGÁ,Amazônia,,,,1.3,-11.80551,-57.35275
2026/05/28 05:33:00,NOAA-20,Brasil,MATO GROSSO,NOVA MARINGÁ,Amazônia,,,,1.3,-11.80979,-57.35332
2026/05/28 05:33:00,NOAA-20,Brasil,MATO GROSSO,NOVA UBIRATÃ,Amazônia,,,,2.6,-13.22482,-54.5019
2026/05/28 05:33:00,NOAA-20,Brasil,MATO GROSSO,PARANATINGA,Amazônia,,,,1.1,-12.72669,-54.18889
2026/05/28 05:33:00,NOAA-20,Brasil,MATO GROSSO,PORTO DOS GAÚCHOS,Amazônia,,,,1.5,-11.73188,-56.83669
2026/05/28 05:33:00,NOAA-20,Brasil,MATO GROSSO,MARCELÂNDIA,Amazônia,,,,0.7,-10.9143,-54.12422
2026/05/28 05:33:00,NOAA-20,Brasil,MATO GROSSO,PARANATINGA,Amazônia,,,,1.2,-12.72297,-54.19949
2026/05/28 05:33:00,NOAA-20,Brasil,MATO GROSSO,PARANATINGA,Amazônia,,,,0.8,-12.72581,-54.1958
2026/05/28 05:33:00,NOAA-20,Brasil,MATO GROSSO,UNIÃO DO SUL,Amazônia,,,,1.4,-11.27486,-53.97348
2026/05/28 05:33:00,NOAA-20,Brasil,MATO GROSSO,NOVA UBIRATÃ,Amazônia,,,,2.4,-13.22363,-54.51193
2026/05/28 05:33:00,NOAA-20,Brasil,MATO GROSSO,JUARA,Amazônia,,,,0.9,-11.41225,-57.80647
2026/05/28 05:33:00,NOAA-20,Brasil,MATO GROSSO,NOVA UBIRATÃ,Amazônia,,,,1.0,-13.21581,-54.49732
2026/05/28 05:33:00,NOAA-20,Brasil,MATO GROSSO,MARCELÂNDIA,Amazônia,,,,0.7,-10.90943,-54.12027
2026/05/28 05:33:00,NOAA-20,Brasil,MATO GROSSO,NOVA UBIRATÃ,Amazônia,,,,1.1,-13.21381,-54.50404
2026/05/28 05:33:00,NOAA-20,Brasil,MATO GROSSO,UNIÃO DO SUL,Amazônia,,,,1.3,-11.29192,-54.01054
2026/05/28 05:33:00,NOAA-20,Brasil,MATO GROSSO,VILA RICA,Amazônia,,,,1.7,-10.05036,-51.68274
2026/05/28 05:33:00,NOAA-20,Brasil,MATO GROSSO,NOVA UBIRATÃ,Amazônia,,,,1.3,-13.22111,-54.49799
2026/05/28 05:33:00,AQUA_M-M,Brasil,MARANHÃO,LAGOA DO MATO,Cerrado,,,,32.7,-5.95003,-43.47726
2026/05/28 05:33:00,NOAA-20,Brasil,MATO GROSSO,NOVA UBIRATÃ,Amazônia,,,,1.9,-13.22323,-54.51523
2026/05/28 05:33:00,NOAA-20,Brasil,MATO GROSSO,NOVA UBIRATÃ,Amazônia,,,,1.8,-13.20881,-54.51022
2026/05/28 05:33:00,NOAA-20,Brasil,MATO GROSSO,NOVA UBIRATÃ,Amazônia,,,,1.6,-13.21341,-54.50741
2026/05/28 05:33:00,NOAA-20,Brasil,MATO GROSSO,UNIÃO DO SUL,Amazônia,,,,1.3,-11.28062,-53.97087
2026/05/28 05:33:00,NOAA-20,Brasil,MATO GROSSO,PORTO DOS GAÚCHOS,Amazônia,,,,1.9,-11.93272,-57.04146
2026/05/28 05:33:00,NOAA-20,Brasil,MATO GROSSO,NOVA UBIRATÃ,Amazônia,,,,1.6,-13.20811,-54.50676
2026/05/28 05:33:00,NOAA-20,Brasil,MATO GROSSO,NOVA UBIRATÃ,Amazônia,,,,1.9,-13.22284,-54.51853
2026/05/28 05:33:00,NOAA-20,Brasil,MATO GROSSO,NOVA UBIRATÃ,Amazônia,,,,1.1,-13.21421,-54.50062
2026/05/28 05:33:00,NOAA-20,Brasil,MATO GROSSO,NOVA UBIRATÃ,Amazônia,,,,1.9,-13.21753,-54.51797
2026/05/28 05:33:00,NOAA-20,Brasil,MATO GROSSO,NOVA UBIRATÃ,Amazônia,,,,1.9,-13.21792,-54.51468
2026/05/28 05:33:00,NOAA-20,Brasil,MATO GROSSO,PORTO DOS GAÚCHOS,Amazônia,,,,4.5,-11.6346,-56.86043
2026/05/28 05:33:00,NOAA-20,Brasil,MATO GROSSO,BRASNORTE,Amazônia,,,,1.2,-11.63766,-58.24175
2026/05/28 05:33:00,NOAA-20,Brasil,MATO GROSSO,NOVA UBIRATÃ,Amazônia,,,,2.0,-13.21262,-54.5141
2026/05/28 05:33:00,NOAA-20,Brasil,MATO GROSSO,SÃO FÉLIX DO ARAGUAIA,Amazônia,,,,3.7,-11.46804,-52.92221
2026/05/28 05:33:00,NOAA-20,Brasil,MATO GROSSO,UNIÃO DO SUL,Amazônia,,,,2.2,-11.30006,-54.03182
2026/05/28 05:33:00,NOAA-20,Brasil,MATO GROSSO,PARANATINGA,Amazônia,,,,1.3,-12.72378,-54.19267
2026/05/28 05:33:00,NOAA-20,Brasil,MATO GROSSO,UNIÃO DO SUL,Amazônia,,,,2.2,-11.29474,-54.03113
2026/05/28 05:33:00,NOAA-20,Brasil,MATO GROSSO,PORTO DOS GAÚCHOS,Amazônia,,,,3.0,-11.72182,-56.84426
2026/05/28 05:33:00,NOAA-20,Brasil,MATO GROSSO,SANTA CRUZ DO XINGU,Amazônia,,,,0.8,-10.13972,-52.40193
2026/05/28 05:33:00,NOAA-20,Brasil,MATO GROSSO,ARIPUANÃ,Amazônia,,,,0.2,-10.0255,-59.34475
2026/05/28 05:33:00,NOAA-20,Brasil,MATO GROSSO,NOVA UBIRATÃ,Amazônia,,,,1.4,-13.21495,-54.50413
2026/05/28 05:33:00,NOAA-20,Brasil,MATO GROSSO,SÃO FÉLIX DO ARAGUAIA,Amazônia,,,,3.7,-11.46855,-52.91817
2026/05/28 05:33:00,NOAA-20,Brasil,MATO GROSSO,PORTO DOS GAÚCHOS,Amazônia,,,,4.5,-11.63399,-56.86478
2026/05/28 05:33:00,NOAA-20,Brasil,MATO GROSSO,PORTO DOS GAÚCHOS,Amazônia,,,,1.0,-11.7315,-56.83519
2026/05/28 05:33:00,NOAA-20,Brasil,MATO GROSSO,VILA RICA,Amazônia,,,,1.0,-10.05581,-51.68281
2026/05/28 05:33:00,NOAA-20,Brasil,MATO GROSSO,NOVA UBIRATÃ,Amazônia,,,,2.6,-13.21984,-54.5081
2026/05/28 05:33:00,NOAA-20,Brasil,MATO GROSSO,PARANATINGA,Amazônia,,,,0.8,-12.72539,-54.19917
2026/05/28 05:33:00,NOAA-20,Brasil,MATO GROSSO,PARANATINGA,Amazônia,,,,1.3,-12.7242,-54.18921
2026/05/28 05:33:00,NOAA-20,Brasil,MATO GROSSO,NOVA MARINGÁ,Amazônia,,,,2.5,-12.54289,-57.20346
2026/05/28 05:33:00,NOAA-20,Brasil,MATO GROSSO,NOVA UBIRATÃ,Amazônia,,,,2.6,-13.22473,-54.51196
2026/05/28 05:33:00,NOAA-20,Brasil,MATO GROSSO,CÁCERES,Pantanal,,,,3.1,-16.16143,-58.47564
2026/05/28 05:33:00,NOAA-20,Brasil,MATO GROSSO,NOVA UBIRATÃ,Amazônia,,,,2.8,-13.219,-54.51472
2026/05/28 05:33:00,NOAA-20,Brasil,MATO GROSSO,NOVA UBIRATÃ,Amazônia,,,,1.5,-13.19781,-54.51217
2026/05/28 05:33:00,NOAA-20,Brasil,MATO GROSSO,NOVA UBIRATÃ,Amazônia,,,,1.8,-13.21453,-54.50749
2026/05/28 05:33:00,NOAA-20,Brasil,MATO GROSSO,NOVA UBIRATÃ,Amazônia,,,,2.3,-13.21369,-54.51416
2026/05/28 05:33:00,NOAA-20,Brasil,MATO GROSSO,NOVA CANAÃ DO NORTE,Amazônia,,,,2.4,-10.71002,-56.04422
2026/05/28 05:33:00,NOAA-20,Brasil,MATO GROSSO,SÃO FÉLIX DO ARAGUAIA,Amazônia,,,,1.2,-11.4623,-52.92149
2026/05/28 05:33:00,NOAA-20,Brasil,MATO GROSSO,PORTO DOS GAÚCHOS,Amazônia,,,,4.8,-11.79683,-57.01647
2026/05/28 05:33:00,NOAA-20,Brasil,MATO GROSSO,PORTO DOS GAÚCHOS,Amazônia,,,,6.6,-11.63437,-56.85848
2026/05/28 05:33:00,NOAA-20,Brasil,MATO GROSSO,NOVA UBIRATÃ,Amazônia,,,,1.8,-13.21411,-54.51084
2026/05/28 05:33:00,NOAA-20,Brasil,MATO GROSSO,NOVA UBIRATÃ,Amazônia,,,,2.6,-13.21951,-54.5013
2026/05/28 05:33:00,NOAA-20,Brasil,MATO GROSSO,PORTO DOS GAÚCHOS,Amazônia,,,,6.7,-11.6382,-56.86353
2026/05/28 05:33:00,NOAA-20,Brasil,MATO GROSSO,NOVA UBIRATÃ,Amazônia,,,,1.4,-13.21538,-54.50073
2026/05/28 05:33:00,NOAA-20,Brasil,MATO GROSSO,NOVA UBIRATÃ,Amazônia,,,,2.4,-13.226,-54.50195
2026/05/28 05:33:00,NOAA-20,Brasil,MATO GROSSO,NOVA UBIRATÃ,Amazônia,,,,2.3,-13.21327,-54.51745
2026/05/28 05:33:00,NOAA-20,Brasil,MATO GROSSO,PARANATINGA,Cerrado,,,,2.9,-14.01783,-53.35993
2026/05/28 05:33:00,NOAA-20,Brasil,MATO GROSSO,NOVA UBIRATÃ,Amazônia,,,,2.6,-13.22442,-54.50526
2026/05/28 05:33:00,NOAA-20,Brasil,MATO GROSSO,NOVA UBIRATÃ,Amazônia,,,,1.5,-13.22523,-54.4985
2026/05/28 05:33:00,NOAA-20,Brasil,MATO GROSSO,ARIPUANÃ,Amazônia,,,,0.8,-10.44623,-59.42754
2026/05/28 05:33:00,NOAA-20,Brasil,MATO GROSSO,NOVA UBIRATÃ,Amazônia,,,,2.0,-13.21222,-54.5174
2026/05/28 05:33:00,NOAA-20,Brasil,MATO GROSSO,NOVA UBIRATÃ,Amazônia,,,,1.5,-13.20268,-54.5162
2026/05/28 05:33:00,NOAA-20,Brasil,MATO GROSSO,PORTO DOS GAÚCHOS,Amazônia,,,,6.6,-11.63379,-56.86287
2026/05/28 05:33:00,NOAA-20,Brasil,MATO GROSSO,UNIÃO DO SUL,Amazônia,,,,2.1,-11.30048,-54.02852
2026/05/28 05:33:00,NOAA-20,Brasil,MATO GROSSO,NOVA UBIRATÃ,Amazônia,,,,2.6,-13.22515,-54.50864
2026/05/28 05:33:00,NOAA-20,Brasil,MATO GROSSO,PORTO DOS GAÚCHOS,Amazônia,,,,1.1,-11.72242,-56.8399
2026/05/28 05:33:00,NOAA-20,Brasil,MATO GROSSO,NOVA UBIRATÃ,Amazônia,,,,2.6,-13.21911,-54.50468
2026/05/28 05:33:00,NOAA-20,Brasil,MATO GROSSO,NOVA UBIRATÃ,Amazônia,,,,1.3,-13.22154,-54.49459
2026/05/28 05:33:00,NOAA-20,Brasil,MATO GROSSO,COTRIGUAÇU,Amazônia,,,,1.8,-9.60322,-58.34
2026/05/28 05:33:00,NOAA-20,Brasil,MATO GROSSO,NOVA UBIRATÃ,Amazônia,,,,2.6,-13.21941,-54.51142
2026/05/28 05:33:00,NOAA-20,Brasil,MATO GROSSO,NOVA UBIRATÃ,Amazônia,,,,2.4,-13.22557,-54.50531
2026/05/28 05:33:00,NOAA-20,Brasil,MATO GROSSO,NOVA UBIRATÃ,Amazônia,,,,2.3,-13.20839,-54.51355
2026/05/28 05:33:00,NOAA-20,Brasil,MATO GROSSO,NOVA UBIRATÃ,Amazônia,,,,1.3,-13.19822,-54.50883
2026/05/28 05:33:00,NOAA-20,Brasil,MATO GROSSO,SANTA CRUZ DO XINGU,Amazônia,,,,3.3,-10.13389,-52.40113
2026/05/28 05:33:00,NOAA-20,Brasil,MATO GROSSO,NOVA UBIRATÃ,Amazônia,,,,1.5,-13.22563,-54.49511
2026/05/28 05:33:00,NOAA-20,Brasil,MATO GROSSO,PORTO DOS GAÚCHOS,Amazônia,,,,4.5,-11.63019,-56.85978
2026/05/28 05:33:00,NOAA-20,Brasil,MATO GROSSO,NOVA UBIRATÃ,Amazônia,,,,1.3,-13.20351,-54.50956
2026/05/28 05:33:00,NOAA-20,Brasil,MATO GROSSO,NOVA UBIRATÃ,Amazônia,,,,2.4,-13.22026,-54.50476
2026/05/28 05:33:00,NOAA-20,Brasil,MATO GROSSO,SÃO FÉLIX DO ARAGUAIA,Amazônia,,,,1.9,-11.48004,-52.91961
2026/05/28 05:33:00,NOAA-20,Brasil,MATO GROSSO,UNIÃO DO SUL,Amazônia,,,,1.3,-11.27527,-53.97017
2026/05/28 05:33:00,NOAA-20,Brasil,MATO GROSSO,NOVA UBIRATÃ,Amazônia,,,,1.8,-13.20923,-54.50686
2026/05/28 05:33:00,NOAA-20,Brasil,MATO GROSSO,SÃO FÉLIX DO ARAGUAIA,Amazônia,,,,3.7,-11.47429,-52.9189
2026/05/28 05:33:00,NOAA-20,Brasil,MATO GROSSO,ITAÚBA,Amazônia,,,,1.5,-11.07597,-55.05569
2026/05/28 05:33:00,NOAA-20,Brasil,MATO GROSSO,NOVA UBIRATÃ,Amazônia,,,,1.3,-13.22685,-54.49519
2026/05/28 05:33:00,NOAA-20,Brasil,MATO GROSSO,MARCELÂNDIA,Amazônia,,,,1.5,-10.90997,-54.12015
2026/05/28 05:33:00,NOAA-20,Brasil,MATO GROSSO,ARIPUANÃ,Amazônia,,,,1.6,-10.03223,-59.35022
2026/05/28 05:33:00,NOAA-20,Brasil,MATO GROSSO,NOVA UBIRATÃ,Amazônia,,,,1.3,-13.22642,-54.49857
2026/05/28 05:33:00,NOAA-20,Brasil,MATO GROSSO,NOVA MARINGÁ,Amazônia,,,,0.7,-11.80123,-57.3521
2026/05/28 05:33:00,NOAA-20,Brasil,MATO GROSSO,NOVA UBIRATÃ,Amazônia,,,,1.5,-13.22032,-54.49448
2026/05/28 05:33:00,NOAA-20,Brasil,MATO GROSSO,PORTO DOS GAÚCHOS,Amazônia,,,,2.8,-11.78867,-57.01093
2026/05/28 05:33:00,NOAA-20,Brasil,MATO GROSSO,NOVA MUTUM,Cerrado,,,,2.9,-13.64244,-55.75125
2026/05/28 05:33:00,NOAA-20,Brasil,MATO GROSSO,PORTO DOS GAÚCHOS,Amazônia,,,,1.0,-11.73093,-56.83955
2026/05/28 05:33:00,NOAA-20,Brasil,MATO GROSSO,NOVA UBIRATÃ,Amazônia,,,,1.5,-13.21992,-54.49789
2026/05/28 05:33:00,NOAA-20,Brasil,MATO GROSSO,NOVA UBIRATÃ,Amazônia,,,,2.3,-13.20797,-54.51685
2026/05/28 05:33:00,NOAA-20,Brasil,MATO GROSSO,PARANATINGA,Amazônia,,,,1.1,-12.72625,-54.19236
2026/05/28 05:33:00,NOAA-20,Brasil,MATO GROSSO,NOVA UBIRATÃ,Amazônia,,,,1.5,-13.19739,-54.51547
2026/05/28 05:33:00,NOAA-20,Brasil,MATO GROSSO,ARIPUANÃ,Amazônia,,,,0.8,-10.44558,-59.43194
2026/05/28 05:33:00,NOAA-20,Brasil,MATO GROSSO,UNIÃO DO SUL,Amazônia,,,,1.3,-11.27568,-53.96687
2026/05/28 05:33:00,NOAA-20,Brasil,MATO GROSSO,VILA RICA,Amazônia,,,,0.7,-10.0497,-51.68208
2026/05/28 05:33:00,NOAA-20,Brasil,MATO GROSSO,NOVA UBIRATÃ,Amazônia,,,,1.6,-13.20771,-54.51012
2026/05/28 05:33:00,NOAA-20,Brasil,MATO GROSSO,PARANATINGA,Amazônia,,,,0.5,-12.72046,-54.195
2026/05/28 05:33:00,NOAA-20,Brasil,MATO GROSSO,NOVA UBIRATÃ,Amazônia,,,,2.0,-13.20692,-54.51678
2026/05/28 05:36:00,NOAA-20,Brasil,MATO GROSSO,VILA BELA DA SANTÍSSIMA TRINDADE,Amazônia,,,,2.1,-16.26779,-60.00669
2026/05/28 05:36:00,NOAA-20,Brasil,GOIÁS,JATAÍ,Cerrado,,,,1.2,-17.937,-51.33417
2026/05/28 05:36:00,NOAA-20,Brasil,MATO GROSSO,VILA BELA DA SANTÍSSIMA TRINDADE,Amazônia,,,,0.9,-16.23347,-59.98422
2026/05/28 05:36:00,NOAA-20,Brasil,GOIÁS,JATAÍ,Cerrado,,,,3.4,-17.9313,-51.32096
2026/05/28 05:36:00,AQUA_M-M,Brasil,PIAUÍ,FLORIANO,Caatinga,,,,36.1,-6.98987,-42.87568
2026/05/28 05:36:00,AQUA_M-M,Brasil,PIAUÍ,FLORIANO,Caatinga,,,,34.0,-7.00054,-42.86979
2026/05/28 05:36:00,NOAA-20,Brasil,MATO GROSSO DO SUL,PORTO MURTINHO,Cerrado,,,,1.1,-21.98402,-57.60468
2026/05/28 05:36:00,NOAA-20,Brasil,GOIÁS,JATAÍ,Cerrado,,,,1.2,-17.93017,-51.33358
2026/05/28 05:36:00,NOAA-20,Brasil,GOIÁS,JATAÍ,Cerrado,,,,3.4,-17.93073,-51.3274
2026/05/28 05:36:00,NOAA-20,Brasil,MATO GROSSO,VILA BELA DA SANTÍSSIMA TRINDADE,Amazônia,,,,1.9,-16.21691,-59.66891
2026/05/28 05:36:00,NOAA-20,Brasil,MATO GROSSO,VILA BELA DA SANTÍSSIMA TRINDADE,Amazônia,,,,1.9,-16.21759,-59.66381
2026/05/28 05:36:00,NOAA-20,Brasil,MATO GROSSO DO SUL,PORTO MURTINHO,Cerrado,,,,1.1,-21.97914,-57.60435
2026/05/28 05:36:00,NOAA-20,Brasil,MATO GROSSO,VILA BELA DA SANTÍSSIMA TRINDADE,Amazônia,,,,0.6,-16.26602,-60.004
2026/05/28 05:40:00,GOES-19,Brasil,MATO GROSSO,NOVA UBIRATÃ,Amazônia,,,,53.1,-13.2189,-54.4975
2026/05/28 05:50:00,GOES-19,Brasil,TOCANTINS,NATIVIDADE,Cerrado,,,,73.5,-11.591,-47.4496
2026/05/28 06:00:00,GOES-19,Brasil,TOCANTINS,MATEIROS,Cerrado,,,,51.3,-10.6292,-46.9021
2026/05/28 06:00:00,GOES-19,Brasil,TOCANTINS,NATIVIDADE,Cerrado,,,,79.8,-11.591,-47.4496
2026/05/28 06:00:00,GOES-19,Brasil,TOCANTINS,MATEIROS,Cerrado,,,,88.5,-10.6102,-46.9044
2026/05/28 06:10:00,GOES-19,Brasil,TOCANTINS,NATIVIDADE,Cerrado,,,,78.6,-11.591,-47.4496
2026/05/28 06:40:00,GOES-19,Brasil,TOCANTINS,NATIVIDADE,Cerrado,,,,83.8,-11.591,-47.4496
2026/05/28 06:50:00,GOES-19,Brasil,TOCANTINS,NATIVIDADE,Cerrado,,,,57.9,-11.591,-47.4496
2026/05/28 07:14:00,AQUA_M-M,Brasil,MATO GROSSO,PORTO DOS GAÚCHOS,Amazônia,,,,13.8,-11.63065,-56.85787
2026/05/28 07:20:00,GOES-19,Brasil,TOCANTINS,NATIVIDADE,Cerrado,,,,72.9,-11.591,-47.4496
2026/05/28 07:30:00,GOES-19,Brasil,TOCANTINS,NATIVIDADE,Cerrado,,,,77.3,-11.591,-47.4496
2026/05/28 07:30:00,GOES-19,Brasil,AMAZONAS,PAUINI,Amazônia,,,,41.2,-7.6287,-68.5278
2026/05/28 07:30:00,GOES-19,Brasil,AMAZONAS,PAUINI,Amazônia,,,,52.9,-7.6287,-68.5094
2026/05/28 07:40:00,GOES-19,Brasil,TOCANTINS,NATIVIDADE,Cerrado,,,,78.7,-11.591,-47.4496
2026/05/28 07:50:00,GOES-19,Brasil,TOCANTINS,NATIVIDADE,Cerrado,,,,76.9,-11.591,-47.4496
2026/05/28 08:00:00,GOES-19,Brasil,TOCANTINS,NATIVIDADE,Cerrado,,,,73.9,-11.591,-47.4496
2026/05/28 08:10:00,GOES-19,Brasil,TOCANTINS,NATIVIDADE,Cerrado,,,,62.9,-11.591,-47.4496
2026/05/28 10:50:00,GOES-19,Brasil,MARANHÃO,BALSAS,Cerrado,,,,134.8,-8.854,-46.7005
2026/05/28 11:00:00,GOES-19,Brasil,MARANHÃO,BALSAS,Cerrado,,,,114.7,-8.854,-46.7005
2026/05/28 11:20:00,GOES-19,Brasil,MARANHÃO,BALSAS,Cerrado,,,,98.6,-8.854,-46.7005
2026/05/28 11:40:00,GOES-19,Brasil,MARANHÃO,BALSAS,Cerrado,,,,104.7,-8.854,-46.7005
2026/05/28 11:50:00,GOES-19,Brasil,MARANHÃO,BALSAS,Cerrado,,,,97.2,-8.854,-46.7005
2026/05/28 12:00:00,GOES-19,Brasil,MARANHÃO,BALSAS,Cerrado,,,,110.4,-8.854,-46.7005
2026/05/28 12:10:00,GOES-19,Brasil,MARANHÃO,BALSAS,Cerrado,,,,95.3,-8.854,-46.7005
2026/05/28 12:20:00,GOES-19,Brasil,MARANHÃO,BALSAS,Cerrado,,,,101.1,-8.854,-46.7005
2026/05/28 12:30:00,GOES-19,Brasil,MARANHÃO,BALSAS,Cerrado,,,,115.4,-8.854,-46.7005
2026/05/28 12:30:00,GOES-19,Brasil,MATO GROSSO,PARANATINGA,Amazônia,,,,110.1,-12.7272,-54.1988
2026/05/28 12:34:00,TERRA_M-T,Brasil,MATO GROSSO,UNIÃO DO SUL,Amazônia,,,,13.5,-11.28006,-53.96919
2026/05/28 12:34:00,TERRA_M-T,Brasil,MATO GROSSO,NOVA UBIRATÃ,Amazônia,,,,23.2,-13.20933,-54.50773
2026/05/28 12:34:00,TERRA_M-T,Brasil,MATO GROSSO,NOVA MARINGÁ,Amazônia,,,,5.8,-11.80855,-57.35221
2026/05/28 12:34:00,TERRA_M-T,Brasil,MATO GROSSO,SÃO FÉLIX DO ARAGUAIA,Amazônia,,,,17.3,-11.48172,-52.91703
2026/05/28 12:34:00,TERRA_M-T,Brasil,MATO GROSSO,PARANATINGA,Amazônia,,,,99.6,-12.71983,-54.19118
2026/05/28 12:34:00,TERRA_M-T,Brasil,TOCANTINS,GOIATINS,Cerrado,,,,18.1,-8.16836,-47.71754
2026/05/28 12:34:00,TERRA_M-T,Brasil,PARÁ,CUMARU DO NORTE,Amazônia,,,,19.5,-8.53649,-51.56879
2026/05/28 12:34:00,TERRA_M-T,Brasil,MATO GROSSO,NOVA UBIRATÃ,Amazônia,,,,15.2,-12.54634,-54.59187
2026/05/28 12:34:00,TERRA_M-T,Brasil,MATO GROSSO,NOVA MARINGÁ,Amazônia,,,,7.5,-12.54319,-57.16716
2026/05/28 12:34:00,TERRA_M-T,Brasil,MATO GROSSO,NOVA MARINGÁ,Amazônia,,,,37.1,-12.5419,-57.17631
2026/05/28 12:34:00,TERRA_M-T,Brasil,TOCANTINS,PUGMIL,Cerrado,,,,34.3,-10.49157,-48.89846
2026/05/28 12:34:00,TERRA_M-T,Brasil,MATO GROSSO,SINOP,Amazônia,,,,11.7,-11.59896,-55.33445
2026/05/28 12:34:00,TERRA_M-T,Brasil,MARANHÃO,BALSAS,Cerrado,,,,145.1,-8.8519,-46.69197
2026/05/28 12:34:00,TERRA_M-T,Brasil,MARANHÃO,BALSAS,Cerrado,,,,165.5,-8.85274,-46.69722
2026/05/28 12:34:00,TERRA_M-T,Brasil,MATO GROSSO,JUARA,Amazônia,,,,20.6,-11.41072,-57.80937
2026/05/28 12:34:00,TERRA_M-T,Brasil,MATO GROSSO,NOVA MARINGÁ,Amazônia,,,,88.6,-12.54062,-57.18544
2026/05/28 12:34:00,TERRA_M-T,Brasil,MATO GROSSO,COTRIGUAÇU,Amazônia,,,,6.4,-9.60842,-58.33919
2026/05/28 12:34:00,TERRA_M-T,Brasil,MATO GROSSO,SINOP,Amazônia,,,,9.9,-11.60038,-55.32402
2026/05/28 12:34:00,TERRA_M-T,Brasil,MATO GROSSO,PORTO DOS GAÚCHOS,Amazônia,,,,9.6,-11.63792,-56.85616
2026/05/28 12:34:00,TERRA_M-T,Brasil,MATO GROSSO,PORTO DOS GAÚCHOS,Amazônia,,,,12.1,-11.79148,-57.01104
2026/05/28 12:34:00,TERRA_M-T,Brasil,MATO GROSSO,NOVA UBIRATÃ,Amazônia,,,,9.1,-12.54527,-54.59819
2026/05/28 12:34:00,TERRA_M-T,Brasil,MATO GROSSO,NOVA MARINGÁ,Amazônia,,,,4.6,-12.53934,-57.19456
2026/05/28 12:34:00,TERRA_M-T,Brasil,MATO GROSSO,SÃO JOSÉ DO XINGU,Amazônia,,,,52.6,-10.37359,-52.53475
2026/05/28 12:34:00,TERRA_M-T,Brasil,MATO GROSSO,PORTO DOS GAÚCHOS,Amazônia,,,,22.9,-11.80038,-57.0123
2026/05/28 12:34:00,TERRA_M-T,Brasil,TOCANTINS,PUGMIL,Cerrado,,,,27.0,-10.47696,-48.91989
2026/05/28 12:34:00,TERRA_M-T,Brasil,MATO GROSSO,SÃO FÉLIX DO ARAGUAIA,Amazônia,,,,13.0,-11.48122,-52.92365
2026/05/28 12:34:00,TERRA_M-T,Brasil,MATO GROSSO,PARANATINGA,Amazônia,,,,23.4,-12.7302,-54.19262
2026/05/28 12:34:00,TERRA_M-T,Brasil,MATO GROSSO,JUARA,Amazônia,,,,6.3,-11.412,-57.80044
2026/05/28 12:34:00,TERRA_M-T,Brasil,TOCANTINS,PUGMIL,Cerrado,,,,38.0,-10.48046,-48.89011
2026/05/28 12:34:00,TERRA_M-T,Brasil,PARÁ,CUMARU DO NORTE,Amazônia,,,,16.9,-8.52858,-51.57837
2026/05/28 12:34:00,TERRA_M-T,Brasil,MATO GROSSO,PARANATINGA,Amazônia,,,,25.8,-12.71823,-54.20379
2026/05/28 12:34:00,TERRA_M-T,Brasil,MARANHÃO,SÃO PEDRO DA ÁGUA BRANCA,Amazônia,,,,18.7,-5.09728,-48.39358
2026/05/28 12:34:00,TERRA_M-T,Brasil,MATO GROSSO,PORTO DOS GAÚCHOS,Amazônia,,,,17.5,-11.63664,-56.86531
2026/05/28 12:36:00,TERRA_M-T,Brasil,MATO GROSSO,COMODORO,Amazônia,,,,9.6,-13.56915,-59.82906
2026/05/28 12:36:00,TERRA_M-T,Brasil,MATO GROSSO DO SUL,PORTO MURTINHO,Cerrado,,,,5.0,-21.29083,-56.87303
2026/05/28 12:36:00,TERRA_M-T,Brasil,GOIÁS,SERRANÓPOLIS,Cerrado,,,,14.5,-18.08502,-52.63699
2026/05/28 12:36:00,TERRA_M-T,Brasil,MATO GROSSO,ALTO ARAGUAIA,Cerrado,,,,67.6,-17.52814,-53.68929
2026/05/28 12:36:00,TERRA_M-T,Brasil,GOIÁS,SERRANÓPOLIS,Cerrado,,,,17.9,-18.08521,-52.64364
2026/05/28 12:38:00,TERRA_M-T,Brasil,SÃO PAULO,ÁGUAS DE SANTA BÁRBARA,Cerrado,,,,38.3,-22.80013,-49.33236
2026/05/28 12:38:00,TERRA_M-T,Brasil,SÃO PAULO,ÁGUAS DE SANTA BÁRBARA,Cerrado,,,,34.5,-22.79807,-49.32712
2026/05/28 12:40:00,GOES-19,Brasil,MATO GROSSO,PARANATINGA,Amazônia,,,,93.4,-12.7272,-54.1988
2026/05/28 12:40:00,GOES-19,Brasil,MARANHÃO,BALSAS,Cerrado,,,,131.6,-8.854,-46.7005
2026/05/28 12:50:00,GOES-19,Brasil,MARANHÃO,BALSAS,Cerrado,,,,203.6,-8.854,-46.7005
2026/05/28 13:00:00,GOES-19,Brasil,MARANHÃO,BALSAS,Cerrado,,,,160.1,-8.854,-46.7005
2026/05/28 13:10:00,GOES-19,Brasil,MARANHÃO,BALSAS,Cerrado,,,,155.3,-8.854,-46.7005
2026/05/28 13:20:00,GOES-19,Brasil,MARANHÃO,BALSAS,Cerrado,,,,156.1,-8.854,-46.7005
2026/05/28 13:30:00,GOES-19,Brasil,PIAUÍ,FLORIANO,Caatinga,,,,80.2,-6.9982,-42.878
2026/05/28 13:30:00,GOES-19,Brasil,MARANHÃO,BALSAS,Cerrado,,,,156.2,-8.854,-46.7005
2026/05/28 13:40:00,GOES-19,Brasil,MATO GROSSO,SÃO FÉLIX DO ARAGUAIA,Amazônia,,,,111.0,-11.4724,-52.9193
2026/05/28 13:40:00,GOES-19,Brasil,TOCANTINS,ALMAS,Cerrado,,,,113.7,-11.2754,-46.9323
2026/05/28 13:40:00,GOES-19,Brasil,MARANHÃO,BALSAS,Cerrado,,,,173.2,-8.854,-46.7005
2026/05/28 13:40:00,GOES-19,Brasil,MARANHÃO,LORETO,Cerrado,,,,94.0,-7.0125,-45.0069
2026/05/28 13:40:00,GOES-19,Brasil,PIAUÍ,FLORIANO,Caatinga,,,,78.3,-6.9982,-42.878
2026/05/28 13:50:00,GOES-19,Brasil,MARANHÃO,LORETO,Cerrado,,,,84.9,-7.0125,-45.0069
2026/05/28 13:50:00,GOES-19,Brasil,MATO GROSSO,SÃO FÉLIX DO ARAGUAIA,Amazônia,,,,105.6,-11.4724,-52.9193
2026/05/28 13:50:00,GOES-19,Brasil,PIAUÍ,FLORIANO,Caatinga,,,,80.5,-6.9982,-42.878
2026/05/28 13:50:00,GOES-19,Brasil,MARANHÃO,BALSAS,Cerrado,,,,200.3,-8.854,-46.7005
2026/05/28 13:50:00,GOES-19,Brasil,MARANHÃO,BALSAS,Cerrado,,,,96.3,-8.8543,-46.6781
2026/05/28 14:00:00,GOES-19,Brasil,MARANHÃO,LORETO,Cerrado,,,,90.4,-7.0125,-45.0069
2026/05/28 14:00:00,GOES-19,Brasil,MARANHÃO,SÃO FÉLIX DE BALSAS,Cerrado,,,,73.9,-7.0127,-44.9841
2026/05/28 14:00:00,GOES-19,Brasil,MARANHÃO,BALSAS,Cerrado,,,,90.5,-8.8543,-46.6781
2026/05/28 14:00:00,GOES-19,Brasil,PIAUÍ,FLORIANO,Caatinga,,,,80.2,-6.9982,-42.878
2026/05/28 14:00:00,GOES-19,Brasil,MARANHÃO,BALSAS,Cerrado,,,,258.8,-8.854,-46.7005
2026/05/28 14:00:00,GOES-19,Brasil,MATO GROSSO,PARANATINGA,Amazônia,,,,109.4,-12.7272,-54.1988
2026/05/28 14:10:00,GOES-19,Brasil,MATO GROSSO,SÃO FÉLIX DO ARAGUAIA,Amazônia,,,,132.3,-11.4724,-52.9193
2026/05/28 14:10:00,GOES-19,Brasil,MARANHÃO,BALSAS,Cerrado,,,,95.7,-8.8543,-46.6781
2026/05/28 14:10:00,GOES-19,Brasil,MARANHÃO,LORETO,Cerrado,,,,76.9,-7.0125,-45.0069
2026/05/28 14:10:00,GOES-19,Brasil,MARANHÃO,BALSAS,Cerrado,,,,215.4,-8.854,-46.7005
2026/05/28 14:10:00,GOES-19,Brasil,PIAUÍ,FLORIANO,Caatinga,,,,83.9,-6.9982,-42.878
2026/05/28 14:10:00,GOES-19,Brasil,MARANHÃO,SÃO FÉLIX DE BALSAS,Cerrado,,,,71.0,-7.0127,-44.9841
2026/05/28 14:10:00,GOES-19,Brasil,MATO GROSSO,PARANATINGA,Amazônia,,,,123.3,-12.7272,-54.1988
2026/05/28 14:20:00,GOES-19,Brasil,MATO GROSSO,PARANATINGA,Amazônia,,,,209.2,-12.7272,-54.1988
2026/05/28 14:20:00,GOES-19,Brasil,MARANHÃO,SÃO FÉLIX DE BALSAS,Cerrado,,,,63.7,-7.0127,-44.9841
2026/05/28 14:20:00,GOES-19,Brasil,MARANHÃO,LORETO,Cerrado,,,,76.2,-7.0125,-45.0069
2026/05/28 14:20:00,GOES-19,Brasil,MATO GROSSO,PARANATINGA,Amazônia,,,,100.0,-12.7275,-54.1782
2026/05/28 14:20:00,GOES-19,Brasil,MARANHÃO,BALSAS,Cerrado,,,,83.6,-8.8543,-46.6781
2026/05/28 14:20:00,GOES-19,Brasil,TOCANTINS,PUGMIL,Cerrado,,,,97.7,-10.4862,-48.9028
2026/05/28 14:20:00,GOES-19,Brasil,MATO GROSSO,SÃO FÉLIX DO ARAGUAIA,Amazônia,,,,155.5,-11.4724,-52.9193
2026/05/28 14:30:00,GOES-19,Brasil,TOCANTINS,LAGOA DA CONFUSÃO,Cerrado,,,,97.3,-10.737,-49.9126
2026/05/28 14:30:00,GOES-19,Brasil,MATO GROSSO,SÃO FÉLIX DO ARAGUAIA,Amazônia,,,,128.5,-11.4724,-52.9193
2026/05/28 14:30:00,GOES-19,Brasil,MARANHÃO,LORETO,Cerrado,,,,86.6,-7.0125,-45.0069
2026/05/28 14:30:00,GOES-19,Brasil,MARANHÃO,SÃO FÉLIX DE BALSAS,Cerrado,,,,77.1,-7.0127,-44.9841
2026/05/28 14:30:00,GOES-19,Brasil,MATO GROSSO,PARANATINGA,Amazônia,,,,91.2,-12.7275,-54.1782
2026/05/28 14:40:00,GOES-19,Brasil,MARANHÃO,LORETO,Cerrado,,,,82.5,-7.0125,-45.0069
2026/05/28 14:40:00,GOES-19,Brasil,MARANHÃO,SÃO FÉLIX DE BALSAS,Cerrado,,,,70.5,-7.0127,-44.9841
2026/05/28 14:40:00,GOES-19,Brasil,MATO GROSSO,PARANATINGA,Amazônia,,,,95.8,-12.7275,-54.1782
2026/05/28 14:40:00,GOES-19,Brasil,MATO GROSSO,PARANATINGA,Amazônia,,,,177.7,-12.7272,-54.1988
2026/05/28 14:40:00,GOES-19,Brasil,MATO GROSSO,UNIÃO DO SUL,Amazônia,,,,99.1,-11.3068,-54.0299
2026/05/28 14:40:00,GOES-19,Brasil,MATO GROSSO,SÃO FÉLIX DO ARAGUAIA,Amazônia,,,,127.9,-11.4724,-52.9193
2026/05/28 14:50:00,GOES-19,Brasil,MARANHÃO,SÃO FÉLIX DE BALSAS,Cerrado,,,,67.6,-7.0127,-44.9841
2026/05/28 14:50:00,GOES-19,Brasil,MARANHÃO,LORETO,Cerrado,,,,61.5,-6.9937,-45.0085
2026/05/28 14:50:00,GOES-19,Brasil,MATO GROSSO,UNIÃO DO SUL,Amazônia,,,,113.6,-11.3068,-54.0299
2026/05/28 14:50:00,GOES-19,Brasil,MARANHÃO,LORETO,Cerrado,,,,75.8,-7.0125,-45.0069
2026/05/28 14:50:00,GOES-19,Brasil,MATO GROSSO,SÃO FÉLIX DO ARAGUAIA,Amazônia,,,,134.2,-11.4724,-52.9193
2026/05/28 15:00:00,GOES-19,Brasil,TOCANTINS,PUGMIL,Cerrado,,,,94.8,-10.4862,-48.9028
2026/05/28 15:00:00,GOES-19,Brasil,MATO GROSSO,UNIÃO DO SUL,Amazônia,,,,111.0,-11.3068,-54.0299
2026/05/28 15:00:00,GOES-19,Brasil,MARANHÃO,SÃO FÉLIX DE BALSAS,Cerrado,,,,65.0,-7.0127,-44.9841
2026/05/28 15:00:00,GOES-19,Brasil,MARANHÃO,LORETO,Cerrado,,,,69.3,-7.0125,-45.0069
2026/05/28 15:00:00,GOES-19,Brasil,MATO GROSSO,SÃO FÉLIX DO ARAGUAIA,Amazônia,,,,138.3,-11.4724,-52.9193
2026/05/28 15:10:00,GOES-19,Brasil,MATO GROSSO,SÃO FÉLIX DO ARAGUAIA,Amazônia,,,,108.0,-11.4724,-52.9193
2026/05/28 15:10:00,GOES-19,Brasil,MATO GROSSO,UNIÃO DO SUL,Amazônia,,,,99.4,-11.3068,-54.0299
2026/05/28 15:10:00,GOES-19,Brasil,MARANHÃO,LORETO,Cerrado,,,,88.2,-7.0125,-45.0069
2026/05/28 15:10:00,GOES-19,Brasil,MARANHÃO,SÃO FÉLIX DE BALSAS,Cerrado,,,,68.0,-7.0127,-44.9841
2026/05/28 15:10:00,GOES-19,Brasil,TOCANTINS,MATEIROS,Cerrado,,,,146.8,-10.6292,-46.9021
2026/05/28 15:20:00,GOES-19,Brasil,MATO GROSSO,UNIÃO DO SUL,Amazônia,,,,83.2,-11.3457,-53.9442
2026/05/28 15:20:00,GOES-19,Brasil,MATO GROSSO,UNIÃO DO SUL,Amazônia,,,,108.8,-11.3068,-54.0299
2026/05/28 15:20:00,GOES-19,Brasil,MARANHÃO,LORETO,Cerrado,,,,68.1,-7.0125,-45.0069
2026/05/28 15:20:00,GOES-19,Brasil,MARANHÃO,SÃO FÉLIX DE BALSAS,Cerrado,,,,63.8,-7.0127,-44.9841
2026/05/28 15:20:00,GOES-19,Brasil,MATO GROSSO,SÃO FÉLIX DO ARAGUAIA,Amazônia,,,,125.4,-11.4724,-52.9193
2026/05/28 15:30:00,GOES-19,Brasil,MARANHÃO,SÃO FÉLIX DE BALSAS,Cerrado,,,,60.3,-7.0127,-44.9841
2026/05/28 15:30:00,GOES-19,Brasil,MATO GROSSO,UNIÃO DO SUL,Amazônia,,,,96.5,-11.3268,-53.9459
2026/05/28 15:30:00,GOES-19,Brasil,MARANHÃO,LORETO,Cerrado,,,,84.0,-7.0125,-45.0069
2026/05/28 15:30:00,GOES-19,Brasil,MATO GROSSO,SÃO FÉLIX DO ARAGUAIA,Amazônia,,,,115.3,-11.4724,-52.9193
2026/05/28 15:40:00,GOES-19,Brasil,MATO GROSSO,SÃO FÉLIX DO ARAGUAIA,Amazônia,,,,105.1,-11.4724,-52.9193
2026/05/28 15:40:00,GOES-19,Brasil,MARANHÃO,SÃO FÉLIX DE BALSAS,Cerrado,,,,59.5,-7.0127,-44.9841
2026/05/28 15:40:00,GOES-19,Brasil,MATO GROSSO,UNIÃO DO SUL,Amazônia,,,,100.0,-11.3068,-54.0299
2026/05/28 15:40:00,GOES-19,Brasil,MARANHÃO,LORETO,Cerrado,,,,80.9,-7.0125,-45.0069
2026/05/28 15:50:00,GOES-19,Brasil,MATO GROSSO,UNIÃO DO SUL,Amazônia,,,,107.4,-11.3457,-53.9442
2026/05/28 15:50:00,GOES-19,Brasil,MATO GROSSO,UNIÃO DO SUL,Amazônia,,,,98.2,-11.3268,-53.9459
2026/05/28 15:50:00,GOES-19,Brasil,MATO GROSSO,UNIÃO DO SUL,Amazônia,,,,108.4,-11.3068,-54.0299
2026/05/28 15:50:00,GOES-19,Brasil,MARANHÃO,LORETO,Cerrado,,,,73.8,-7.0125,-45.0069
2026/05/28 15:50:00,GOES-19,Brasil,MATO GROSSO,SÃO FÉLIX DO ARAGUAIA,Amazônia,,,,111.8,-11.4724,-52.9193
2026/05/28 16:00:00,GOES-19,Brasil,MATO GROSSO,SÃO FÉLIX DO ARAGUAIA,Amazônia,,,,117.3,-11.4724,-52.9193
2026/05/28 16:00:00,GOES-19,Brasil,MARANHÃO,LORETO,Cerrado,,,,64.8,-7.0125,-45.0069
2026/05/28 16:00:00,GOES-19,Brasil,MATO GROSSO,UNIÃO DO SUL,Amazônia,,,,107.2,-11.3068,-54.0299
2026/05/28 16:00:00,GOES-19,Brasil,MATO GROSSO,UNIÃO DO SUL,Amazônia,,,,118.1,-11.3268,-53.9459
2026/05/28 16:00:00,GOES-19,Brasil,MATO GROSSO,UNIÃO DO SUL,Amazônia,,,,111.9,-11.3457,-53.9442
2026/05/28 16:10:00,GOES-19,Brasil,MARANHÃO,LORETO,Cerrado,,,,63.5,-7.0125,-45.0069
2026/05/28 16:10:00,GOES-19,Brasil,MATO GROSSO,SÃO FÉLIX DO ARAGUAIA,Amazônia,,,,114.2,-11.4724,-52.9193
2026/05/28 16:10:00,GOES-19,Brasil,MATO GROSSO,UNIÃO DO SUL,Amazônia,,,,147.4,-11.3268,-53.9459
2026/05/28 16:20:00,GOES-19,Brasil,TOCANTINS,ALMAS,Cerrado,,,,97.5,-11.163,-46.8124
2026/05/28 16:20:00,GOES-19,Brasil,MATO GROSSO,SÃO FÉLIX DO ARAGUAIA,Amazônia,,,,101.5,-11.4724,-52.9193
2026/05/28 16:20:00,GOES-19,Brasil,MATO GROSSO,UNIÃO DO SUL,Amazônia,,,,109.9,-11.3457,-53.9442
2026/05/28 16:20:00,GOES-19,Brasil,MATO GROSSO,UNIÃO DO SUL,Amazônia,,,,101.1,-11.3268,-53.9459
2026/05/28 16:30:00,GOES-19,Brasil,MATO GROSSO,UNIÃO DO SUL,Amazônia,,,,139.8,-11.3268,-53.9459
2026/05/28 16:30:00,GOES-19,Brasil,MATO GROSSO,SÃO FÉLIX DO ARAGUAIA,Amazônia,,,,117.0,-11.4724,-52.9193
2026/05/28 16:40:00,GOES-19,Brasil,MATO GROSSO,UNIÃO DO SUL,Amazônia,,,,107.8,-11.3268,-53.9459
2026/05/28 16:40:00,GOES-19,Brasil,MARANHÃO,BALSAS,Cerrado,,,,87.8,-8.8729,-46.6985
2026/05/28 16:40:00,GOES-19,Brasil,MATO GROSSO,SÃO FÉLIX DO ARAGUAIA,Amazônia,,,,102.7,-11.4724,-52.9193
2026/05/28 16:40:00,GOES-19,Brasil,MATO GROSSO,UNIÃO DO SUL,Amazônia,,,,100.2,-11.3457,-53.9442
2026/05/28 16:50:00,GOES-19,Brasil,MARANHÃO,BALSAS,Cerrado,,,,88.6,-8.8543,-46.6781
2026/05/28 16:50:00,GOES-19,Brasil,MARANHÃO,BALSAS,Cerrado,,,,92.1,-8.8729,-46.6985
2026/05/28 16:50:00,GOES-19,Brasil,MATO GROSSO,UNIÃO DO SUL,Amazônia,,,,114.6,-11.3268,-53.9459
2026/05/28 17:00:00,GOES-19,Brasil,MARANHÃO,BALSAS,Cerrado,,,,92.2,-8.8729,-46.6985
2026/05/28 17:00:00,GOES-19,Brasil,TOCANTINS,PIUM,Cerrado,,,,144.5,-10.3781,-49.8864
2026/05/28 17:00:00,GOES-19,Brasil,MARANHÃO,BALSAS,Cerrado,,,,91.7,-8.8543,-46.6781
2026/05/28 17:10:00,GOES-19,Brasil,MARANHÃO,BALSAS,Cerrado,,,,88.7,-8.8543,-46.6781
2026/05/28 17:20:00,GOES-19,Brasil,MARANHÃO,BALSAS,Cerrado,,,,91.1,-8.8543,-46.6781
