datahora,satelite,pais,estado,municipio,bioma,diasemchuva,precipitacao,riscofogo,frp,lat,lon
2026/05/27 00:00:00,GOES-19,Brasil,MATO GROSSO,SÃO FÉLIX DO ARAGUAIA,Amazônia,12.0,0.0,0.27,66.8,-11.4724,-52.9193
2026/05/27 00:00:00,GOES-19,Brasil,MATO GROSSO,SÃO FÉLIX DO ARAGUAIA,Amazônia,12.0,0.0,0.27,70.3,-11.4534,-52.9212
2026/05/27 00:00:00,GOES-19,Brasil,MATO GROSSO,SÃO FÉLIX DO ARAGUAIA,Amazônia,11.0,0.0,0.49,84.4,-11.3584,-52.9514
2026/05/27 00:00:00,GOES-19,Brasil,MATO GROSSO,SÃO FÉLIX DO ARAGUAIA,Amazônia,11.0,0.0,0.28,47.2,-11.3394,-52.9533
2026/05/27 00:00:00,GOES-19,Brasil,MATO GROSSO,VILA RICA,Amazônia,28.0,0.0,0.42,81.1,-10.0534,-51.6786
2026/05/27 00:10:00,GOES-19,Brasil,MATO GROSSO,SÃO FÉLIX DO ARAGUAIA,Amazônia,11.0,0.0,0.49,83.4,-11.3584,-52.9514
2026/05/27 00:10:00,GOES-19,Brasil,MATO GROSSO,SÃO FÉLIX DO ARAGUAIA,Amazônia,12.0,0.0,0.27,75.5,-11.4534,-52.9212
2026/05/27 00:10:00,GOES-19,Brasil,MATO GROSSO,SÃO FÉLIX DO ARAGUAIA,Amazônia,12.0,0.0,0.27,69.9,-11.4724,-52.9193
2026/05/27 00:10:00,GOES-19,Brasil,MATO GROSSO,VILA RICA,Amazônia,28.0,0.0,0.42,61.3,-10.0534,-51.6786
2026/05/27 00:10:00,GOES-19,Brasil,MATO GROSSO,SÃO FÉLIX DO ARAGUAIA,Amazônia,11.0,0.0,0.28,56.2,-11.3581,-52.9722
2026/05/27 00:20:00,GOES-19,Brasil,MATO GROSSO,SÃO FÉLIX DO ARAGUAIA,Amazônia,12.0,0.0,0.27,65.9,-11.4724,-52.9193
2026/05/27 00:20:00,GOES-19,Brasil,MATO GROSSO,SÃO FÉLIX DO ARAGUAIA,Amazônia,11.0,0.0,0.49,70.0,-11.3584,-52.9514
2026/05/27 00:20:00,GOES-19,Brasil,MATO GROSSO,SÃO FÉLIX DO ARAGUAIA,Amazônia,12.0,0.0,0.27,76.1,-11.4534,-52.9212
2026/05/27 00:20:00,GOES-19,Brasil,MATO GROSSO,VILA RICA,Amazônia,28.0,0.0,0.42,68.1,-10.0534,-51.6786
2026/05/27 00:30:00,GOES-19,Brasil,MATO GROSSO,VILA RICA,Amazônia,28.0,0.0,0.42,67.7,-10.0534,-51.6786
2026/05/27 00:30:00,GOES-19,Brasil,MATO GROSSO,SÃO FÉLIX DO ARAGUAIA,Amazônia,11.0,0.0,0.49,88.0,-11.3584,-52.9514
2026/05/27 00:30:00,GOES-19,Brasil,MATO GROSSO,SÃO FÉLIX DO ARAGUAIA,Amazônia,12.0,0.0,0.27,56.5,-11.4724,-52.9193
2026/05/27 00:30:00,GOES-19,Brasil,MATO GROSSO,SÃO FÉLIX DO ARAGUAIA,Amazônia,12.0,0.0,0.27,60.8,-11.4534,-52.9212
2026/05/27 00:40:00,GOES-19,Brasil,MATO GROSSO,SÃO FÉLIX DO ARAGUAIA,Amazônia,12.0,0.0,0.27,62.6,-11.4534,-52.9212
2026/05/27 00:40:00,GOES-19,Brasil,MATO GROSSO,SÃO FÉLIX DO ARAGUAIA,Amazônia,11.0,0.0,0.28,60.5,-11.3581,-52.9722
2026/05/27 00:40:00,GOES-19,Brasil,MATO GROSSO,VILA RICA,Amazônia,28.0,0.0,0.42,49.8,-10.0534,-51.6786
2026/05/27 00:40:00,GOES-19,Brasil,MATO GROSSO,SÃO FÉLIX DO ARAGUAIA,Amazônia,12.0,0.0,0.27,70.5,-11.4724,-52.9193
2026/05/27 00:40:00,GOES-19,Brasil,MATO GROSSO,SÃO FÉLIX DO ARAGUAIA,Amazônia,11.0,0.0,0.49,85.7,-11.3584,-52.9514
2026/05/27 00:50:00,GOES-19,Brasil,MATO GROSSO,VILA RICA,Amazônia,28.0,0.0,0.42,49.8,-10.0534,-51.6786
2026/05/27 00:50:00,GOES-19,Brasil,MATO GROSSO,SÃO FÉLIX DO ARAGUAIA,Amazônia,11.0,0.0,0.28,60.5,-11.3581,-52.9722
2026/05/27 00:50:00,GOES-19,Brasil,MATO GROSSO,SÃO FÉLIX DO ARAGUAIA,Amazônia,12.0,0.0,0.27,67.1,-11.4724,-52.9193
2026/05/27 00:50:00,GOES-19,Brasil,MATO GROSSO,SÃO FÉLIX DO ARAGUAIA,Amazônia,12.0,0.0,0.27,60.8,-11.4534,-52.9212
2026/05/27 00:50:00,GOES-19,Brasil,MATO GROSSO,SÃO FÉLIX DO ARAGUAIA,Amazônia,11.0,0.0,0.49,79.9,-11.3584,-52.9514
2026/05/27 01:00:00,GOES-19,Brasil,MATO GROSSO,SÃO FÉLIX DO ARAGUAIA,Amazônia,12.0,0.0,0.27,52.1,-11.4534,-52.9212
2026/05/27 01:00:00,GOES-19,Brasil,MATO GROSSO,SÃO FÉLIX DO ARAGUAIA,Amazônia,11.0,0.0,0.49,89.4,-11.3584,-52.9514
2026/05/27 01:00:00,GOES-19,Brasil,MATO GROSSO,SÃO FÉLIX DO ARAGUAIA,Amazônia,12.0,0.0,0.27,51.6,-11.4724,-52.9193
2026/05/27 01:00:00,GOES-19,Brasil,MATO GROSSO,VILA RICA,Amazônia,28.0,0.0,0.42,55.4,-10.0534,-51.6786
2026/05/27 01:07:00,TERRA_M-M,Brasil,MATO GROSSO,CÁCERES,Pantanal,9.0,0.0,0.28,7.1,-16.16477,-58.47106
2026/05/27 01:07:00,TERRA_M-M,Brasil,MATO GROSSO,VILA BELA DA SANTÍSSIMA TRINDADE,Amazônia,4.0,0.0,0.72,7.1,-16.2661,-60.00399
2026/05/27 01:07:00,TERRA_M-M,Brasil,MATO GROSSO,CÁCERES,Pantanal,8.0,0.0,0.32,6.7,-16.1666,-58.48289
2026/05/27 01:09:00,TERRA_M-M,Brasil,AMAZONAS,LÁBREA,Amazônia,4.0,0.0,1.0,10.6,-9.23104,-65.72683
2026/05/27 01:09:00,TERRA_M-M,Brasil,MATO GROSSO,NOVA MARINGÁ,Amazônia,11.0,0.1,0.27,15.6,-11.81304,-57.35644
2026/05/27 01:09:00,TERRA_M-M,Brasil,MATO GROSSO,SÃO FÉLIX DO ARAGUAIA,Amazônia,12.0,0.0,0.27,36.3,-11.45687,-52.90006
2026/05/27 01:09:00,TERRA_M-M,Brasil,MATO GROSSO,NOVA MARINGÁ,Amazônia,10.0,0.0,0.28,13.0,-12.5381,-57.20237
2026/05/27 01:09:00,TERRA_M-M,Brasil,MATO GROSSO,SÃO FÉLIX DO ARAGUAIA,Amazônia,11.0,0.0,0.28,158.9,-11.35407,-52.9698
2026/05/27 01:09:00,TERRA_M-M,Brasil,MATO GROSSO,NOVA UBIRATÃ,Amazônia,11.0,0.31,0.3,23.8,-12.462,-54.45104
2026/05/27 01:09:00,TERRA_M-M,Brasil,AMAZONAS,CANUTAMA,Amazônia,7.0,0.0,0.16,6.8,-6.84571,-63.40437
2026/05/27 01:09:00,TERRA_M-M,Brasil,MATO GROSSO,SÃO FÉLIX DO ARAGUAIA,Amazônia,11.0,0.0,0.28,175.5,-11.35923,-52.96369
2026/05/27 01:09:00,TERRA_M-M,Brasil,MATO GROSSO,PORTO DOS GAÚCHOS,Amazônia,8.0,0.0,0.27,12.6,-11.54856,-56.93861
2026/05/27 01:09:00,TERRA_M-M,Brasil,MATO GROSSO,SÃO FÉLIX DO ARAGUAIA,Amazônia,12.0,0.0,0.27,41.6,-11.45198,-52.90796
2026/05/27 01:09:00,TERRA_M-M,Brasil,MATO GROSSO,PORTO DOS GAÚCHOS,Amazônia,10.0,0.0,0.31,16.9,-11.79424,-57.01157
2026/05/27 01:09:00,TERRA_M-M,Brasil,AMAZONAS,LÁBREA,Amazônia,4.0,0.0,1.0,12.6,-9.23238,-65.73717
2026/05/27 01:09:00,TERRA_M-M,Brasil,RONDÔNIA,NOVA MAMORÉ,Amazônia,9.0,0.0,1.0,4.8,-10.14216,-64.88416
2026/05/27 01:09:00,TERRA_M-M,Brasil,MATO GROSSO,SÃO FÉLIX DO ARAGUAIA,Amazônia,12.0,0.0,0.52,51.4,-11.45824,-52.94484
2026/05/27 01:09:00,TERRA_M-M,Brasil,MATO GROSSO,SÃO FÉLIX DO ARAGUAIA,Amazônia,12.0,0.0,0.27,107.5,-11.4634,-52.93706
2026/05/27 01:10:00,GOES-19,Brasil,MATO GROSSO,SÃO FÉLIX DO ARAGUAIA,Amazônia,11.0,0.0,0.49,96.9,-11.3584,-52.9514
2026/05/27 01:10:00,GOES-19,Brasil,MATO GROSSO,SÃO FÉLIX DO ARAGUAIA,Amazônia,12.0,0.0,0.27,55.4,-11.4724,-52.9193
2026/05/27 01:10:00,GOES-19,Brasil,MATO GROSSO,VILA RICA,Amazônia,28.0,0.0,0.42,47.7,-10.0534,-51.6786
2026/05/27 01:10:00,GOES-19,Brasil,MATO GROSSO,SÃO FÉLIX DO ARAGUAIA,Amazônia,11.0,0.0,0.28,49.7,-11.3581,-52.9722
2026/05/27 01:20:00,GOES-19,Brasil,MATO GROSSO,SÃO FÉLIX DO ARAGUAIA,Amazônia,12.0,0.0,0.27,52.8,-11.4724,-52.9193
2026/05/27 01:20:00,GOES-19,Brasil,MATO GROSSO,SÃO FÉLIX DO ARAGUAIA,Amazônia,12.0,0.0,0.27,53.7,-11.4534,-52.9212
2026/05/27 01:20:00,GOES-19,Brasil,MATO GROSSO,VILA RICA,Amazônia,28.0,0.0,0.42,48.2,-10.0534,-51.6786
2026/05/27 01:20:00,GOES-19,Brasil,MATO GROSSO,SÃO FÉLIX DO ARAGUAIA,Amazônia,11.0,0.0,0.49,61.8,-11.3584,-52.9514
2026/05/27 01:30:00,GOES-19,Brasil,MATO GROSSO,VILA RICA,Amazônia,28.0,0.0,0.42,51.1,-10.0534,-51.6786
2026/05/27 01:30:00,GOES-19,Brasil,MATO GROSSO,SÃO FÉLIX DO ARAGUAIA,Amazônia,11.0,0.0,0.49,85.0,-11.3584,-52.9514
2026/05/27 01:30:00,GOES-19,Brasil,MATO GROSSO,SÃO FÉLIX DO ARAGUAIA,Amazônia,12.0,0.0,0.27,52.5,-11.4724,-52.9193
2026/05/27 01:40:00,GOES-19,Brasil,MATO GROSSO,SÃO FÉLIX DO ARAGUAIA,Amazônia,12.0,0.0,0.27,54.6,-11.4724,-52.9193
2026/05/27 01:40:00,GOES-19,Brasil,MATO GROSSO,VILA RICA,Amazônia,28.0,0.0,0.42,46.3,-10.0534,-51.6786
2026/05/27 01:40:00,GOES-19,Brasil,MATO GROSSO,SÃO FÉLIX DO ARAGUAIA,Amazônia,11.0,0.0,0.49,64.7,-11.3584,-52.9514
2026/05/27 01:50:00,GOES-19,Brasil,MATO GROSSO,SÃO FÉLIX DO ARAGUAIA,Amazônia,11.0,0.0,0.49,57.1,-11.3584,-52.9514
2026/05/27 01:50:00,GOES-19,Brasil,MATO GROSSO,VILA RICA,Amazônia,28.0,0.0,0.42,44.0,-10.0534,-51.6786
2026/05/27 01:50:00,GOES-19,Brasil,MATO GROSSO,SÃO FÉLIX DO ARAGUAIA,Amazônia,12.0,0.0,0.27,46.3,-11.4724,-52.9193
2026/05/27 02:00:00,GOES-19,Brasil,MATO GROSSO,SÃO FÉLIX DO ARAGUAIA,Amazônia,11.0,0.0,0.49,63.3,-11.3584,-52.9514
2026/05/27 02:00:00,GOES-19,Brasil,MATO GROSSO,VILA RICA,Amazônia,28.0,0.0,0.42,41.3,-10.0534,-51.6786
2026/05/27 02:10:00,GOES-19,Brasil,MATO GROSSO,SÃO FÉLIX DO ARAGUAIA,Amazônia,11.0,0.0,0.49,71.1,-11.3584,-52.9514
2026/05/27 02:20:00,GOES-19,Brasil,MATO GROSSO,SÃO FÉLIX DO ARAGUAIA,Amazônia,11.0,0.0,0.49,48.4,-11.3584,-52.9514
2026/05/27 02:30:00,GOES-19,Brasil,MATO GROSSO,SÃO FÉLIX DO ARAGUAIA,Amazônia,11.0,0.0,0.49,55.9,-11.3584,-52.9514
2026/05/27 02:30:00,GOES-19,Brasil,MATO GROSSO,VILA RICA,Amazônia,28.0,0.0,0.42,45.2,-10.0534,-51.6786
2026/05/27 02:40:00,GOES-19,Brasil,MATO GROSSO,SÃO FÉLIX DO ARAGUAIA,Amazônia,11.0,0.0,0.49,54.3,-11.3584,-52.9514
2026/05/27 02:50:00,GOES-19,Brasil,MATO GROSSO,SÃO FÉLIX DO ARAGUAIA,Amazônia,11.0,0.0,0.49,60.6,-11.3584,-52.9514
2026/05/27 03:00:00,GOES-19,Brasil,MATO GROSSO,SÃO FÉLIX DO ARAGUAIA,Amazônia,11.0,0.0,0.49,60.6,-11.3584,-52.9514
2026/05/27 03:10:00,GOES-19,Brasil,MATO GROSSO,SÃO FÉLIX DO ARAGUAIA,Amazônia,11.0,0.0,0.49,49.9,-11.3584,-52.9514
2026/05/27 03:20:00,GOES-19,Brasil,MATO GROSSO,SÃO FÉLIX DO ARAGUAIA,Amazônia,11.0,0.0,0.49,63.4,-11.3584,-52.9514
2026/05/27 03:30:00,GOES-19,Brasil,MATO GROSSO,SÃO FÉLIX DO ARAGUAIA,Amazônia,11.0,0.0,0.49,52.6,-11.3584,-52.9514
2026/05/27 03:40:00,GOES-19,Brasil,MATO GROSSO,SÃO FÉLIX DO ARAGUAIA,Amazônia,11.0,0.0,0.49,45.5,-11.3584,-52.9514
2026/05/27 03:51:00,NPP-375D,Brasil,PARÁ,RIO MARIA,Amazônia,12.0,0.0,1.0,3.9,-7.22767,-49.59728
2026/05/27 03:51:00,NPP-375D,Brasil,PARÁ,RIO MARIA,Amazônia,12.0,0.0,1.0,2.4,-7.22898,-49.5993
2026/05/27 03:51:00,NPP-375D,Brasil,PARÁ,RIO MARIA,Amazônia,12.0,0.0,1.0,1.6,-7.22178,-49.59808
2026/05/27 04:10:00,NOAA-20,Brasil,PARÁ,CUMARU DO NORTE,Amazônia,9.0,0.0,0.56,1.4,-7.67958,-51.08488
2026/05/27 04:10:00,NOAA-20,Brasil,PARÁ,RIO MARIA,Amazônia,12.0,0.0,1.0,1.8,-7.22122,-49.59639
2026/05/27 04:10:00,NOAA-20,Brasil,PARÁ,OURILÂNDIA DO NORTE,Amazônia,12.0,0.0,0.55,1.2,-7.66925,-51.7302
2026/05/27 04:10:00,NOAA-20,Brasil,PARÁ,RIO MARIA,Amazônia,11.0,0.0,1.0,5.9,-7.22612,-49.59719
2026/05/27 04:10:00,NOAA-20,Brasil,PARÁ,CUMARU DO NORTE,Amazônia,9.0,0.0,0.56,1.8,-7.66878,-51.08339
2026/05/27 04:10:00,NOAA-20,Brasil,PARÁ,CUMARU DO NORTE,Amazônia,9.0,0.0,0.56,1.5,-7.68753,-51.10205
2026/05/27 04:10:00,NOAA-20,Brasil,PARÁ,CUMARU DO NORTE,Amazônia,9.0,0.0,0.56,0.9,-7.68816,-51.09855
2026/05/27 04:10:00,NOAA-20,Brasil,PARÁ,OURILÂNDIA DO NORTE,Amazônia,12.0,0.0,0.55,1.2,-7.66346,-51.73024
2026/05/27 04:10:00,NOAA-20,Brasil,PARÁ,CUMARU DO NORTE,Amazônia,9.0,0.0,0.56,1.4,-7.6789,-51.08857
2026/05/27 04:10:00,NOAA-20,Brasil,PARÁ,CUMARU DO NORTE,Amazônia,9.0,0.0,0.56,1.7,-7.66938,-51.08014
2026/05/27 04:10:00,NOAA-20,Brasil,PARÁ,SÃO GERALDO DO ARAGUAIA,Amazônia,11.0,0.0,1.0,1.7,-6.20406,-48.57043
2026/05/27 04:12:00,NOAA-20,Brasil,MATO GROSSO,NOVA UBIRATÃ,Amazônia,11.0,0.34,0.3,2.0,-12.45653,-54.45333
2026/05/27 04:12:00,NOAA-20,Brasil,MATO GROSSO,CANARANA,Amazônia,26.0,0.0,0.97,0.8,-13.34165,-52.93723
2026/05/27 04:12:00,NOAA-20,Brasil,MATO GROSSO,MARCELÂNDIA,Amazônia,12.0,0.0,0.22,1.7,-10.90667,-54.12029
2026/05/27 04:12:00,NOAA-20,Brasil,MATO GROSSO,VILA RICA,Amazônia,28.0,0.0,0.46,3.1,-10.05925,-51.68328
2026/05/27 04:12:00,NOAA-20,Brasil,MATO GROSSO,SANTA TEREZINHA,Amazônia,19.0,0.0,0.35,1.1,-10.70573,-51.32296
2026/05/27 04:12:00,NOAA-20,Brasil,MATO GROSSO,VILA RICA,Amazônia,28.0,0.0,0.79,6.8,-10.04858,-51.6811
2026/05/27 04:12:00,NOAA-20,Brasil,MATO GROSSO,SÃO FÉLIX DO ARAGUAIA,Amazônia,11.0,0.0,0.28,12.3,-11.3509,-52.95739
2026/05/27 04:12:00,NOAA-20,Brasil,MATO GROSSO,MARCELÂNDIA,Amazônia,12.0,0.0,0.22,1.9,-10.91184,-54.1264
2026/05/27 04:12:00,NOAA-20,Brasil,MATO GROSSO,SÃO FÉLIX DO ARAGUAIA,Amazônia,12.0,0.0,0.27,5.6,-11.46,-52.9212
2026/05/27 04:12:00,NOAA-20,Brasil,MATO GROSSO,NOVA UBIRATÃ,Amazônia,11.0,0.6,0.26,2.4,-12.54298,-54.59051
2026/05/27 04:12:00,NOAA-20,Brasil,MATO GROSSO,CANARANA,Amazônia,26.0,0.0,0.97,1.0,-13.3412,-52.94028
2026/05/27 04:12:00,NOAA-20,Brasil,MATO GROSSO,CANARANA,Amazônia,26.0,0.0,0.93,0.8,-13.34093,-52.94092
2026/05/27 04:12:00,NOAA-20,Brasil,MATO GROSSO,UNIÃO DO SUL,Amazônia,25.0,0.0,0.22,0.7,-11.27245,-53.96862
2026/05/27 04:12:00,NOAA-20,Brasil,MATO GROSSO,PEIXOTO DE AZEVEDO,Amazônia,9.0,0.0,0.18,1.3,-10.56508,-54.5124
2026/05/27 04:12:00,NOAA-20,Brasil,MATO GROSSO,PEIXOTO DE AZEVEDO,Amazônia,11.0,0.0,1.0,3.1,-10.32318,-53.57896
2026/05/27 04:12:00,NOAA-20,Brasil,MATO GROSSO,PORTO DOS GAÚCHOS,Amazônia,10.0,0.0,0.31,1.6,-11.79322,-57.01645
2026/05/27 04:12:00,NOAA-20,Brasil,MATO GROSSO,UNIÃO DO SUL,Amazônia,25.0,0.0,0.22,0.7,-11.27753,-53.97473
2026/05/27 04:12:00,NOAA-20,Brasil,MATO GROSSO,SÃO FÉLIX DO ARAGUAIA,Amazônia,12.0,0.0,0.27,0.9,-11.44642,-52.93062
2026/05/27 04:12:00,NOAA-20,Brasil,MATO GROSSO,VILA RICA,Amazônia,28.0,0.0,0.76,7.8,-10.05327,-51.68557
2026/05/27 04:12:00,NOAA-20,Brasil,MATO GROSSO,SÃO FÉLIX DO ARAGUAIA,Amazônia,12.0,0.0,0.27,3.8,-11.45923,-52.92511
2026/05/27 04:12:00,NOAA-20,Brasil,MATO GROSSO,SÃO FÉLIX DO ARAGUAIA,Amazônia,12.0,0.0,0.27,1.3,-11.44719,-52.9267
2026/05/27 04:12:00,NOAA-20,Brasil,MATO GROSSO,SÃO FÉLIX DO ARAGUAIA,Amazônia,11.0,0.0,0.27,0.9,-11.44077,-52.92946
2026/05/27 04:12:00,NOAA-20,Brasil,MATO GROSSO,PEIXOTO DE AZEVEDO,Amazônia,9.0,0.0,0.54,2.4,-10.56066,-54.51394
2026/05/27 04:12:00,NOAA-20,Brasil,MATO GROSSO,MARCELÂNDIA,Amazônia,11.0,0.0,0.31,1.6,-10.59624,-53.4758
2026/05/27 04:12:00,NOAA-20,Brasil,MATO GROSSO,VILA RICA,Amazônia,28.0,0.0,0.54,6.8,-10.05392,-51.68218
2026/05/27 04:12:00,NOAA-20,Brasil,MATO GROSSO,NOVA UBIRATÃ,Amazônia,11.0,0.35,0.3,2.0,-12.46262,-54.45463
2026/05/27 04:12:00,NOAA-20,Brasil,MATO GROSSO,SÃO FÉLIX DO ARAGUAIA,Amazônia,11.0,0.0,0.28,16.5,-11.35014,-52.96132
2026/05/27 04:12:00,NOAA-20,Brasil,MATO GROSSO,NOVA UBIRATÃ,Amazônia,11.0,0.42,0.58,3.0,-12.46074,-54.46391
2026/05/27 04:12:00,NOAA-20,Brasil,MATO GROSSO,CANARANA,Amazônia,25.0,0.0,0.96,1.0,-13.34195,-52.93658
2026/05/27 04:12:00,NOAA-20,Brasil,MATO GROSSO,SÃO FÉLIX DO ARAGUAIA,Amazônia,11.0,0.0,0.51,0.7,-11.36299,-52.95578
2026/05/27 04:12:00,NOAA-20,Brasil,MATO GROSSO,SÃO FÉLIX DO ARAGUAIA,Amazônia,11.0,0.0,0.28,16.5,-11.3558,-52.96247
2026/05/27 04:12:00,NOAA-20,Brasil,MATO GROSSO,PORTO DOS GAÚCHOS,Amazônia,9.0,0.0,0.27,1.9,-11.54728,-56.94213
2026/05/27 04:12:00,NOAA-20,Brasil,MATO GROSSO,SÃO FÉLIX DO ARAGUAIA,Amazônia,12.0,0.0,0.27,5.5,-11.47127,-52.92354
2026/05/27 04:12:00,NOAA-20,Brasil,MATO GROSSO,SÃO FÉLIX DO ARAGUAIA,Amazônia,11.0,0.0,0.29,0.7,-11.36223,-52.95969
2026/05/27 04:12:00,NOAA-20,Brasil,MATO GROSSO,PORTO DOS GAÚCHOS,Amazônia,9.0,0.0,0.29,3.4,-11.63336,-56.86588
2026/05/27 04:12:00,NOAA-20,Brasil,MATO GROSSO,PORTO DOS GAÚCHOS,Amazônia,10.0,0.0,0.31,1.6,-11.78607,-57.01499
2026/05/27 04:12:00,NOAA-20,Brasil,MATO GROSSO,PORTO DOS GAÚCHOS,Amazônia,10.0,0.0,0.31,1.6,-11.78764,-57.00765
2026/05/27 04:12:00,NOAA-20,Brasil,PARÁ,CUMARU DO NORTE,Amazônia,14.0,0.0,0.7,0.7,-8.87523,-51.78002
2026/05/27 04:12:00,NOAA-20,Brasil,MATO GROSSO,SÃO FÉLIX DO ARAGUAIA,Amazônia,12.0,0.0,0.27,5.5,-11.4664,-52.91846
2026/05/27 04:12:00,NOAA-20,Brasil,MATO GROSSO,VILA RICA,Amazônia,28.0,0.0,0.89,7.8,-10.04793,-51.68451
2026/05/27 04:12:00,NOAA-20,Brasil,MATO GROSSO,NOVA UBIRATÃ,Amazônia,11.0,0.39,0.29,2.0,-12.46169,-54.45924
2026/05/27 04:12:00,NOAA-20,Brasil,MATO GROSSO,SÃO FÉLIX DO ARAGUAIA,Amazônia,12.0,0.0,0.27,5.6,-11.45435,-52.92006
2026/05/27 04:12:00,NOAA-20,Brasil,MATO GROSSO,MARCELÂNDIA,Amazônia,12.0,0.0,0.22,1.7,-10.91282,-54.12148
2026/05/27 04:12:00,NOAA-20,Brasil,MATO GROSSO,PORTO DOS GAÚCHOS,Amazônia,9.0,0.0,0.29,2.1,-11.63487,-56.85876
2026/05/27 04:12:00,NOAA-20,Brasil,MATO GROSSO,PEIXOTO DE AZEVEDO,Amazônia,11.0,0.0,1.0,3.3,-10.32229,-53.58342
2026/05/27 04:12:00,NOAA-20,Brasil,MATO GROSSO,SÃO FÉLIX DO ARAGUAIA,Amazônia,12.0,0.0,0.27,3.8,-11.45359,-52.92395
2026/05/27 04:12:00,NOAA-20,Brasil,MATO GROSSO,SÃO FÉLIX DO ARAGUAIA,Amazônia,12.0,0.0,0.27,3.8,-11.45283,-52.92785
2026/05/27 04:12:00,NOAA-20,Brasil,MATO GROSSO,PEIXOTO DE AZEVEDO,Amazônia,9.0,0.0,0.25,1.3,-10.56409,-54.51744
2026/05/27 04:12:00,NOAA-20,Brasil,MATO GROSSO,PORTO DOS GAÚCHOS,Amazônia,9.0,0.0,0.27,2.2,-11.54883,-56.93475
2026/05/27 04:12:00,NOAA-20,Brasil,PARÁ,CUMARU DO NORTE,Amazônia,14.0,0.0,0.7,0.7,-8.87591,-51.77634
2026/05/27 04:12:00,NOAA-20,Brasil,MATO GROSSO,SÃO FÉLIX DO ARAGUAIA,Amazônia,12.0,0.0,0.27,4.9,-11.46487,-52.92628
2026/05/27 04:12:00,NOAA-20,Brasil,MATO GROSSO,VILA RICA,Amazônia,28.0,0.0,0.35,6.8,-10.05455,-51.6788
2026/05/27 04:12:00,NOAA-20,Brasil,MATO GROSSO,SÃO FÉLIX DO ARAGUAIA,Amazônia,11.0,0.0,0.37,12.3,-11.35733,-52.95463
2026/05/27 04:12:00,NOAA-20,Brasil,MATO GROSSO,SÃO FÉLIX DO ARAGUAIA,Amazônia,12.0,0.0,0.27,5.5,-11.46564,-52.92235
2026/05/27 04:12:00,NOAA-20,Brasil,MATO GROSSO,SÃO FÉLIX DO ARAGUAIA,Amazônia,11.0,0.0,0.29,12.3,-11.35657,-52.95854
2026/05/27 04:12:00,NOAA-20,Brasil,MATO GROSSO,SANTA TEREZINHA,Amazônia,19.0,0.0,0.35,1.0,-10.71087,-51.32405
2026/05/27 04:57:00,NOAA-21,Brasil,PARÁ,OURILÂNDIA DO NORTE,Amazônia,12.0,0.0,0.54,2.3,-7.67119,-51.73022
2026/05/27 04:57:00,NOAA-21,Brasil,PARÁ,NOVO PROGRESSO,Amazônia,9.0,0.0,1.0,1.7,-7.75667,-55.34767
2026/05/27 04:57:00,NOAA-21,Brasil,PARÁ,CUMARU DO NORTE,Amazônia,9.0,0.0,0.56,2.3,-7.67916,-51.09771
2026/05/27 04:57:00,NOAA-21,Brasil,PARÁ,CUMARU DO NORTE,Amazônia,9.0,0.0,0.56,2.3,-7.67977,-51.09369
2026/05/27 04:57:00,NOAA-21,Brasil,PARÁ,NOVO PROGRESSO,Amazônia,9.0,0.0,1.0,0.6,-7.75611,-55.35119
2026/05/27 04:57:00,NOAA-21,Brasil,PARÁ,SÃO GERALDO DO ARAGUAIA,Amazônia,11.0,0.0,1.0,2.0,-6.23615,-48.57254
2026/05/27 04:57:00,NOAA-21,Brasil,PARÁ,CUMARU DO NORTE,Amazônia,9.0,0.0,0.56,1.7,-7.68037,-51.08966
2026/05/27 04:57:00,NOAA-21,Brasil,PARÁ,CUMARU DO NORTE,Amazônia,9.0,0.0,0.56,2.4,-7.69,-51.09957
2026/05/27 04:57:00,NOAA-21,Brasil,PARÁ,RIO MARIA,Amazônia,11.0,0.0,0.56,1.2,-7.35045,-49.84495
2026/05/27 04:57:00,NOAA-21,Brasil,PARÁ,SÃO GERALDO DO ARAGUAIA,Amazônia,11.0,0.0,1.0,1.8,-6.20668,-48.57135
2026/05/27 04:57:00,NOAA-21,Brasil,PARÁ,CUMARU DO NORTE,Amazônia,9.0,0.0,0.56,1.6,-7.68937,-51.10375
2026/05/27 04:57:00,NOAA-21,Brasil,PARÁ,ÁGUA AZUL DO NORTE,Amazônia,11.0,0.0,0.71,1.0,-6.99853,-50.46615
2026/05/27 04:57:00,NOAA-21,Brasil,PARÁ,CUMARU DO NORTE,Amazônia,9.0,0.0,0.56,1.1,-7.6816,-51.08141
2026/05/27 04:57:00,NOAA-21,Brasil,PARÁ,CUMARU DO NORTE,Amazônia,9.0,0.0,0.56,1.7,-7.68098,-51.08557
2026/05/27 04:57:00,NOAA-21,Brasil,PARÁ,RIO MARIA,Amazônia,12.0,0.0,1.0,1.3,-7.23085,-49.59707
2026/05/27 04:57:00,NOAA-21,Brasil,PARÁ,TRAIRÃO,Amazônia,2.0,0.0,0.01,1.1,-5.207,-56.04752
2026/05/27 04:57:00,NOAA-21,Brasil,PARÁ,CONCEIÇÃO DO ARAGUAIA,Amazônia,11.0,0.0,1.0,1.6,-8.11791,-49.56404
2026/05/27 04:57:00,NOAA-21,Brasil,PARÁ,RIO MARIA,Amazônia,12.0,0.0,1.0,6.9,-7.22692,-49.59648
2026/05/27 04:57:00,NOAA-21,Brasil,PARÁ,CUMARU DO NORTE,Amazônia,9.0,0.0,0.56,1.5,-7.66651,-51.08314
2026/05/27 04:59:00,NOAA-21,Brasil,MATO GROSSO,NOVA UBIRATÃ,Amazônia,11.0,0.41,0.37,2.2,-12.45931,-54.46098
2026/05/27 04:59:00,NOAA-21,Brasil,MATO GROSSO,NOVA MARINGÁ,Amazônia,11.0,0.1,0.26,2.3,-11.79547,-57.3525
2026/05/27 04:59:00,NOAA-21,Brasil,MATO GROSSO,PORTO DOS GAÚCHOS,Amazônia,9.0,0.0,0.27,1.5,-11.55763,-56.93349
2026/05/27 04:59:00,NOAA-21,Brasil,RONDÔNIA,PORTO VELHO,Amazônia,8.0,0.0,1.0,1.4,-9.93739,-65.00826
2026/05/27 04:59:00,NOAA-21,Brasil,PARÁ,SÃO FÉLIX DO XINGU,Amazônia,14.0,0.0,0.75,1.1,-8.92492,-51.8419
2026/05/27 04:59:00,NOAA-21,Brasil,PARÁ,JACAREACANGA,Amazônia,10.0,0.0,0.14,0.6,-9.26417,-56.24905
2026/05/27 04:59:00,NOAA-21,Brasil,MATO GROSSO,PORTO DOS GAÚCHOS,Amazônia,9.0,0.0,0.29,2.4,-11.63349,-56.85897
2026/05/27 04:59:00,NOAA-21,Brasil,MATO GROSSO,PEIXOTO DE AZEVEDO,Amazônia,8.0,0.0,0.75,0.8,-9.99017,-53.62594
2026/05/27 04:59:00,NOAA-21,Brasil,MATO GROSSO,MARCELÂNDIA,Amazônia,11.0,0.0,0.31,1.2,-10.59779,-53.47741
2026/05/27 04:59:00,NOAA-21,Brasil,MATO GROSSO,CLÁUDIA,Amazônia,9.0,0.0,0.21,1.5,-11.26142,-54.71416
2026/05/27 04:59:00,NOAA-21,Brasil,MATO GROSSO,NOVA MARINGÁ,Amazônia,11.0,0.1,0.26,3.6,-11.80917,-57.35476
2026/05/27 04:59:00,NOAA-21,Brasil,MATO GROSSO,CLÁUDIA,Amazônia,11.0,0.0,0.3,0.8,-11.74544,-54.7951
2026/05/27 04:59:00,NOAA-21,Brasil,MATO GROSSO,VILA RICA,Amazônia,28.0,0.0,0.72,8.5,-10.05457,-51.68545
2026/05/27 04:59:00,NOAA-21,Brasil,MATO GROSSO,MARCELÂNDIA,Amazônia,11.0,0.0,0.31,1.2,-10.60117,-53.47795
2026/05/27 04:59:00,NOAA-21,Brasil,MATO GROSSO,SÃO FÉLIX DO ARAGUAIA,Amazônia,12.0,0.0,0.27,8.6,-11.46239,-52.92164
2026/05/27 04:59:00,NOAA-21,Brasil,PARÁ,SÃO FÉLIX DO XINGU,Amazônia,14.0,0.0,0.75,0.8,-8.92786,-51.8466
2026/05/27 04:59:00,NOAA-21,Brasil,MATO GROSSO,UNIÃO DO SUL,Amazônia,26.0,0.0,0.23,0.6,-11.27448,-53.96408
2026/05/27 04:59:00,NOAA-21,Brasil,MATO GROSSO,JUARA,Amazônia,10.0,0.0,0.31,1.6,-11.8701,-57.82375
2026/05/27 04:59:00,NOAA-21,Brasil,MATO GROSSO,SÃO FÉLIX DO ARAGUAIA,Amazônia,11.0,0.0,0.33,6.0,-11.36248,-52.95884
2026/05/27 04:59:00,NOAA-21,Brasil,MATO GROSSO,MARCELÂNDIA,Amazônia,12.0,0.0,0.22,1.2,-10.91413,-54.12062
2026/05/27 04:59:00,NOAA-21,Brasil,MATO GROSSO,SÃO FÉLIX DO ARAGUAIA,Amazônia,12.0,0.0,0.27,5.0,-11.47279,-52.92323
2026/05/27 04:59:00,NOAA-21,Brasil,MATO GROSSO,SÃO FÉLIX DO ARAGUAIA,Amazônia,12.0,0.0,0.27,1.7,-11.45183,-52.92905
2026/05/27 04:59:00,NOAA-21,Brasil,MATO GROSSO,NOVA UBIRATÃ,Amazônia,11.0,0.6,0.26,0.7,-12.54488,-54.59138
2026/05/27 04:59:00,NOAA-21,Brasil,MATO GROSSO,MARCELÂNDIA,Amazônia,26.0,0.0,0.26,1.0,-11.21984,-53.82612
2026/05/27 04:59:00,NOAA-21,Brasil,MATO GROSSO,CLÁUDIA,Amazônia,12.0,0.0,0.34,1.7,-11.46402,-55.11992
2026/05/27 04:59:00,NOAA-21,Brasil,PARÁ,CUMARU DO NORTE,Amazônia,14.0,0.0,0.7,2.6,-8.8767,-51.77774
2026/05/27 04:59:00,NOAA-21,Brasil,MATO GROSSO,SÃO FÉLIX DO ARAGUAIA,Amazônia,12.0,0.0,0.27,4.2,-11.45836,-52.92498
2026/05/27 04:59:00,NOAA-21,Brasil,MATO GROSSO,NOVA UBIRATÃ,Amazônia,11.0,0.57,0.26,2.7,-12.5482,-54.59191
2026/05/27 04:59:00,NOAA-21,Brasil,MATO GROSSO,NOVA MARINGÁ,Amazônia,10.0,0.0,0.28,2.3,-12.54116,-57.2017
2026/05/27 04:59:00,NOAA-21,Brasil,MATO GROSSO,PORTO DOS GAÚCHOS,Amazônia,9.0,0.0,0.27,1.1,-11.55027,-56.93604
2026/05/27 04:59:00,NOAA-21,Brasil,MATO GROSSO,NOVA UBIRATÃ,Amazônia,11.0,0.34,0.3,3.3,-12.4604,-54.4538
2026/05/27 04:59:00,NOAA-21,Brasil,MATO GROSSO,UNIÃO DO SUL,Amazônia,25.0,0.0,0.22,1.8,-11.27674,-53.97178
2026/05/27 04:59:00,NOAA-21,Brasil,MATO GROSSO,SANTA TEREZINHA,Amazônia,19.0,0.0,0.35,2.1,-10.71165,-51.32319
2026/05/27 04:59:00,NOAA-21,Brasil,MATO GROSSO,SÃO FÉLIX DO ARAGUAIA,Amazônia,11.0,0.0,0.32,6.0,-11.35903,-52.95831
2026/05/27 04:59:00,NOAA-21,Brasil,MATO GROSSO,FELIZ NATAL,Amazônia,8.0,0.0,0.32,0.7,-11.9541,-54.09468
2026/05/27 04:59:00,NOAA-21,Brasil,MATO GROSSO,MARCELÂNDIA,Amazônia,11.0,0.0,0.31,1.2,-10.59835,-53.47375
2026/05/27 04:59:00,NOAA-21,Brasil,MATO GROSSO,SÃO FÉLIX DO ARAGUAIA,Amazônia,12.0,0.0,0.27,1.7,-11.44836,-52.92851
2026/05/27 04:59:00,NOAA-21,Brasil,MATO GROSSO,UNIÃO DO SUL,Amazônia,22.0,0.0,0.23,1.2,-11.28796,-54.01041
2026/05/27 04:59:00,NOAA-21,Brasil,MATO GROSSO,CANARANA,Amazônia,25.0,0.0,0.96,1.6,-13.34375,-52.93721
2026/05/27 04:59:00,NOAA-21,Brasil,MATO GROSSO,PORTO DOS GAÚCHOS,Amazônia,9.0,0.0,0.27,1.1,-11.54689,-56.93548
2026/05/27 04:59:00,NOAA-21,Brasil,MATO GROSSO,UNIÃO DO SUL,Amazônia,11.0,0.0,0.28,0.8,-11.61581,-54.17489
2026/05/27 04:59:00,NOAA-21,Brasil,PARÁ,CUMARU DO NORTE,Amazônia,12.0,0.0,0.72,0.8,-8.88478,-51.84486
2026/05/27 04:59:00,NOAA-21,Brasil,MATO GROSSO,UNIÃO DO SUL,Amazônia,26.0,0.0,0.22,0.6,-11.27728,-53.96819
2026/05/27 04:59:00,NOAA-21,Brasil,MATO GROSSO,NOVA UBIRATÃ,Amazônia,11.0,0.34,0.6,1.6,-12.68534,-54.58413
2026/05/27 04:59:00,NOAA-21,Brasil,MATO GROSSO,CLÁUDIA,Amazônia,11.0,0.0,0.36,0.8,-11.74105,-54.80161
2026/05/27 04:59:00,NOAA-21,Brasil,MATO GROSSO,VILA RICA,Amazônia,28.0,0.0,0.8,4.2,-10.05095,-51.68491
2026/05/27 04:59:00,NOAA-21,Brasil,PARÁ,CUMARU DO NORTE,Amazônia,24.0,0.0,1.0,1.1,-9.14137,-51.28017
2026/05/27 04:59:00,NOAA-21,Brasil,MATO GROSSO,PORTO DOS GAÚCHOS,Amazônia,11.0,0.0,0.29,1.3,-11.93717,-57.04502
2026/05/27 04:59:00,NOAA-21,Brasil,MATO GROSSO,JUARA,Amazônia,8.0,0.0,0.21,0.8,-10.50477,-57.27113
2026/05/27 04:59:00,NOAA-21,Brasil,MATO GROSSO,SÃO FÉLIX DO ARAGUAIA,Amazônia,12.0,0.0,0.27,6.6,-11.46586,-52.92217
2026/05/27 04:59:00,NOAA-21,Brasil,MATO GROSSO,UNIÃO DO SUL,Amazônia,26.0,0.0,0.22,0.6,-11.27394,-53.96767
2026/05/27 04:59:00,NOAA-21,Brasil,MATO GROSSO,SÃO FÉLIX DO ARAGUAIA,Amazônia,11.0,0.0,0.28,6.0,-11.35846,-52.96217
2026/05/27 04:59:00,NOAA-21,Brasil,MATO GROSSO,NOVA MARINGÁ,Amazônia,11.0,0.1,0.26,0.7,-11.80513,-57.35797
2026/05/27 04:59:00,NOAA-21,Brasil,MATO GROSSO,MARCELÂNDIA,Amazônia,12.0,0.0,0.22,1.3,-10.91467,-54.11707
2026/05/27 04:59:00,NOAA-21,Brasil,MATO GROSSO,JUARA,Amazônia,10.0,0.0,0.31,1.1,-11.8625,-57.82648
2026/05/27 04:59:00,NOAA-21,Brasil,MATO GROSSO,TABAPORÃ,Amazônia,8.0,0.0,0.54,1.5,-11.57061,-56.34348
2026/05/27 04:59:00,NOAA-21,Brasil,MATO GROSSO,NOVA UBIRATÃ,Amazônia,11.0,0.56,0.26,2.7,-12.54875,-54.58834
2026/05/27 04:59:00,NOAA-21,Brasil,MATO GROSSO,SÃO FÉLIX DO ARAGUAIA,Amazônia,12.0,0.0,0.27,6.6,-11.46642,-52.91829
2026/05/27 04:59:00,NOAA-21,Brasil,MATO GROSSO,NOVA MARINGÁ,Amazônia,11.0,0.1,0.27,2.2,-11.81258,-57.35534
2026/05/27 04:59:00,NOAA-21,Brasil,MATO GROSSO,NOVA MARINGÁ,Amazônia,10.0,0.0,0.28,2.1,-12.54237,-57.19429
2026/05/27 04:59:00,NOAA-21,Brasil,MATO GROSSO,PORTO DOS GAÚCHOS,Amazônia,9.0,0.0,0.29,0.8,-11.63627,-56.86319
2026/05/27 04:59:00,NOAA-21,Brasil,MATO GROSSO,CANARANA,Amazônia,26.0,0.0,0.91,1.6,-13.34317,-52.94124
2026/05/27 04:59:00,NOAA-21,Brasil,MATO GROSSO,NOVA UBIRATÃ,Amazônia,11.0,0.4,0.41,2.2,-12.46264,-54.46151
2026/05/27 04:59:00,NOAA-21,Brasil,MATO GROSSO,UNIÃO DO SUL,Amazônia,11.0,0.0,0.96,3.5,-11.59765,-54.56194
2026/05/27 04:59:00,NOAA-21,Brasil,MATO GROSSO,MARCELÂNDIA,Amazônia,12.0,0.0,0.22,1.2,-10.91691,-54.1247
2026/05/27 04:59:00,NOAA-21,Brasil,MATO GROSSO,VILA RICA,Amazônia,28.0,0.0,0.41,8.5,-10.0588,-51.68175
2026/05/27 04:59:00,NOAA-21,Brasil,PARÁ,SÃO FÉLIX DO XINGU,Amazônia,13.0,0.0,0.74,1.2,-8.90839,-51.85604
2026/05/27 04:59:00,NOAA-21,Brasil,PARÁ,ALTAMIRA,Amazônia,9.0,0.0,0.89,0.4,-8.61368,-54.91905
2026/05/27 04:59:00,NOAA-21,Brasil,MATO GROSSO,ARIPUANÃ,Amazônia,9.0,0.0,0.22,2.1,-10.02724,-59.34465
2026/05/27 04:59:00,NOAA-21,Brasil,MATO GROSSO,JUARA,Amazônia,8.0,0.0,0.21,0.8,-10.50821,-57.27171
2026/05/27 04:59:00,NOAA-21,Brasil,MATO GROSSO,ARIPUANÃ,Amazônia,9.0,0.0,0.94,1.2,-10.44431,-59.43082
2026/05/27 04:59:00,NOAA-21,Brasil,MATO GROSSO,SÃO FÉLIX DO ARAGUAIA,Amazônia,12.0,0.0,0.27,8.6,-11.45893,-52.9211
2026/05/27 04:59:00,NOAA-21,Brasil,MATO GROSSO,SÃO FÉLIX DO ARAGUAIA,Amazônia,12.0,0.0,0.27,0.8,-11.4449,-52.92798
2026/05/27 04:59:00,NOAA-21,Brasil,MATO GROSSO,PORTO DOS GAÚCHOS,Amazônia,11.0,0.0,0.3,1.3,-11.93777,-57.04133
2026/05/27 04:59:00,NOAA-21,Brasil,MATO GROSSO,PORTO DOS GAÚCHOS,Amazônia,9.0,0.0,0.27,1.1,-11.55087,-56.93235
2026/05/27 04:59:00,NOAA-21,Brasil,MATO GROSSO,SÃO FÉLIX DO ARAGUAIA,Amazônia,11.0,0.0,0.28,18.0,-11.35211,-52.95724
2026/05/27 04:59:00,NOAA-21,Brasil,MATO GROSSO,FELIZ NATAL,Amazônia,8.0,0.0,0.46,0.7,-11.95075,-54.09415
2026/05/27 04:59:00,NOAA-21,Brasil,MATO GROSSO,SÃO FÉLIX DO ARAGUAIA,Amazônia,11.0,0.0,0.56,4.8,-11.36305,-52.95497
2026/05/27 04:59:00,NOAA-21,Brasil,MATO GROSSO,MARCELÂNDIA,Amazônia,12.0,0.0,0.22,1.5,-10.91134,-54.11655
2026/05/27 04:59:00,NOAA-21,Brasil,MATO GROSSO,QUERÊNCIA,Amazônia,22.0,0.0,0.34,1.5,-11.81408,-52.5154
2026/05/27 04:59:00,NOAA-21,Brasil,MATO GROSSO,PORTO DOS GAÚCHOS,Amazônia,9.0,0.0,0.27,1.1,-11.54749,-56.93178
2026/05/27 04:59:00,NOAA-21,Brasil,MATO GROSSO,CLÁUDIA,Amazônia,11.0,0.0,0.29,0.3,-11.74598,-54.79158
2026/05/27 04:59:00,NOAA-21,Brasil,MATO GROSSO,TABAPORÃ,Amazônia,8.0,0.0,0.97,0.8,-11.56451,-56.33881
2026/05/27 04:59:00,NOAA-21,Brasil,MATO GROSSO,PEIXOTO DE AZEVEDO,Amazônia,11.0,0.0,1.0,6.7,-10.32658,-53.58158
2026/05/27 04:59:00,NOAA-21,Brasil,MATO GROSSO,SÃO FÉLIX DO ARAGUAIA,Amazônia,12.0,0.0,0.27,1.4,-11.4549,-52.92445
2026/05/27 04:59:00,NOAA-21,Brasil,MATO GROSSO,SÃO FÉLIX DO ARAGUAIA,Amazônia,11.0,0.0,0.28,18.0,-11.355,-52.96164
2026/05/27 04:59:00,NOAA-21,Brasil,MATO GROSSO,UNIÃO DO SUL,Amazônia,11.0,0.0,1.0,2.3,-11.56496,-54.53143
2026/05/27 04:59:00,NOAA-21,Brasil,MATO GROSSO,PORTO DOS GAÚCHOS,Amazônia,9.0,0.0,0.27,1.1,-11.56101,-56.93407
2026/05/27 04:59:00,NOAA-21,Brasil,MATO GROSSO,JUARA,Amazônia,10.0,0.0,0.31,1.1,-11.85902,-57.8259
2026/05/27 04:59:00,NOAA-21,Brasil,MATO GROSSO,SANTA TEREZINHA,Amazônia,19.0,0.0,0.35,2.0,-10.70927,-51.32521
2026/05/27 04:59:00,NOAA-21,Brasil,MATO GROSSO,ITANHANGÁ,Amazônia,10.0,0.0,0.32,0.9,-12.18295,-56.45151
2026/05/27 04:59:00,NOAA-21,Brasil,MATO GROSSO,PORTO DOS GAÚCHOS,Amazônia,8.0,0.0,0.29,2.4,-11.63686,-56.85952
2026/05/27 04:59:00,NOAA-21,Brasil,MATO GROSSO,NOVA UBIRATÃ,Amazônia,11.0,0.3,0.3,3.3,-12.46094,-54.4502
2026/05/27 04:59:00,NOAA-21,Brasil,MATO GROSSO,SÃO FÉLIX DO ARAGUAIA,Amazônia,11.0,0.0,0.46,4.8,-11.35959,-52.95444
2026/05/27 04:59:00,NOAA-21,Brasil,MATO GROSSO,SÃO FÉLIX DO ARAGUAIA,Amazônia,12.0,0.0,0.27,0.8,-11.44144,-52.92745
2026/05/27 04:59:00,NOAA-21,Brasil,MATO GROSSO,JUARA,Amazônia,10.0,0.0,0.89,0.8,-11.4045,-57.80877
2026/05/27 04:59:00,NOAA-21,Brasil,MATO GROSSO,TABAPORÃ,Amazônia,8.0,0.0,0.79,0.8,-11.56394,-56.34239
2026/05/27 04:59:00,NOAA-21,Brasil,PARÁ,JACAREACANGA,Amazônia,10.0,0.0,0.14,0.6,-9.26475,-56.24542
2026/05/27 04:59:00,NOAA-21,Brasil,MATO GROSSO,MARCELÂNDIA,Amazônia,12.0,0.0,0.22,1.2,-10.91358,-54.12418
2026/05/27 04:59:00,NOAA-21,Brasil,MATO GROSSO,SÃO FÉLIX DO ARAGUAIA,Amazônia,12.0,0.0,0.27,6.6,-11.46989,-52.91882
2026/05/27 04:59:00,NOAA-21,Brasil,MATO GROSSO,JUARA,Amazônia,10.0,0.0,0.31,1.1,-11.85837,-57.82985
2026/05/27 04:59:00,NOAA-21,Brasil,PARÁ,CUMARU DO NORTE,Amazônia,13.0,0.0,0.53,1.0,-8.89074,-51.82928
2026/05/27 04:59:00,NOAA-21,Brasil,MATO GROSSO,SÃO FÉLIX DO ARAGUAIA,Amazônia,11.0,0.0,0.29,18.0,-11.35557,-52.95777
2026/05/27 04:59:00,NOAA-21,Brasil,MATO GROSSO,TABAPORÃ,Amazônia,8.0,0.0,0.7,1.5,-11.56728,-56.34293
2026/05/27 04:59:00,NOAA-21,Brasil,MATO GROSSO,SÃO FÉLIX DO ARAGUAIA,Amazônia,12.0,0.0,0.27,1.4,-11.45433,-52.92833
2026/05/27 04:59:00,NOAA-21,Brasil,MATO GROSSO,VILA RICA,Amazônia,28.0,0.0,0.41,8.5,-10.05518,-51.68121
2026/05/27 04:59:00,NOAA-21,Brasil,MATO GROSSO,NOVA UBIRATÃ,Amazônia,11.0,0.42,0.67,1.2,-12.4621,-54.46509
2026/05/27 04:59:00,NOAA-21,Brasil,MATO GROSSO,VILA RICA,Amazônia,28.0,0.0,0.81,4.2,-10.04795,-51.68015
2026/05/27 04:59:00,NOAA-21,Brasil,MATO GROSSO,TABAPORÃ,Amazônia,8.0,0.0,0.82,1.5,-11.56785,-56.33935
2026/05/27 04:59:00,NOAA-21,Brasil,PARÁ,CUMARU DO NORTE,Amazônia,12.0,0.0,0.73,1.6,-8.88998,-51.85838
2026/05/27 04:59:00,NOAA-21,Brasil,MATO GROSSO,MARCELÂNDIA,Amazônia,20.0,0.0,0.29,1.5,-10.87769,-53.73617
2026/05/27 04:59:00,NOAA-21,Brasil,MATO GROSSO,FELIZ NATAL,Amazônia,12.0,0.0,0.3,3.1,-11.79236,-54.02143
2026/05/27 04:59:00,NOAA-21,Brasil,RONDÔNIA,NOVA MAMORÉ,Amazônia,9.0,0.0,1.0,2.5,-10.1417,-64.88699
2026/05/27 04:59:00,NOAA-21,Brasil,MATO GROSSO,NOVA MARINGÁ,Amazônia,10.0,0.0,0.28,2.1,-12.54176,-57.198
2026/05/27 04:59:00,NOAA-21,Brasil,MATO GROSSO,QUERÊNCIA,Amazônia,22.0,0.0,0.34,0.4,-11.81468,-52.51133
2026/05/27 04:59:00,NOAA-21,Brasil,MATO GROSSO,MARCELÂNDIA,Amazônia,26.0,0.0,0.26,1.0,-11.22039,-53.82249
2026/05/27 04:59:00,NOAA-21,Brasil,MATO GROSSO,SÃO FÉLIX DO ARAGUAIA,Amazônia,12.0,0.0,0.27,6.6,-11.46932,-52.9227
2026/05/27 04:59:00,NOAA-21,Brasil,MATO GROSSO,MARCELÂNDIA,Amazônia,12.0,0.0,0.22,2.8,-10.9108,-54.1201
2026/05/27 04:59:00,NOAA-21,Brasil,MATO GROSSO,SÃO FÉLIX DO ARAGUAIA,Amazônia,12.0,0.0,0.27,1.4,-11.45087,-52.92781
2026/05/27 04:59:00,NOAA-21,Brasil,MATO GROSSO,SÃO FÉLIX DO ARAGUAIA,Amazônia,12.0,0.0,0.27,4.2,-11.46182,-52.92552
2026/05/27 04:59:00,NOAA-21,Brasil,MATO GROSSO,PORTO DOS GAÚCHOS,Amazônia,11.0,0.0,0.3,1.3,-11.931,-57.0402
2026/05/27 04:59:00,NOAA-21,Brasil,MATO GROSSO,CLÁUDIA,Amazônia,11.0,0.0,0.28,0.8,-11.74213,-54.79457
2026/05/27 04:59:00,NOAA-21,Brasil,MATO GROSSO,VILA RICA,Amazônia,28.0,0.0,0.59,4.2,-10.05157,-51.68068
2026/05/27 04:59:00,NOAA-21,Brasil,MATO GROSSO,SÃO FÉLIX DO ARAGUAIA,Amazônia,12.0,0.0,0.27,0.6,-11.45546,-52.92057
2026/05/27 04:59:00,NOAA-21,Brasil,MATO GROSSO,VILA RICA,Amazônia,28.0,0.0,0.91,4.2,-10.04734,-51.68437
2026/05/27 04:59:00,NOAA-21,Brasil,MATO GROSSO,NOVA MARINGÁ,Amazônia,11.0,0.1,0.27,1.3,-11.79485,-57.35628
2026/05/27 04:59:00,NOAA-21,Brasil,MATO GROSSO,PORTO DOS GAÚCHOS,Amazônia,9.0,0.0,0.27,1.2,-11.54967,-56.93974
2026/05/27 04:59:00,NOAA-21,Brasil,MATO GROSSO,TABAPORÃ,Amazônia,8.0,0.0,0.6,1.5,-11.57118,-56.33989
2026/05/27 04:59:00,NOAA-21,Brasil,MATO GROSSO,MARCELÂNDIA,Amazônia,11.0,0.0,0.31,0.8,-10.59891,-53.4701
2026/05/27 04:59:00,NOAA-21,Brasil,MATO GROSSO,NOVA MARINGÁ,Amazônia,11.0,0.1,0.26,1.0,-11.8017,-57.3574
2026/05/27 04:59:00,NOAA-21,Brasil,MATO GROSSO,UNIÃO DO SUL,Amazônia,26.0,0.0,0.23,0.8,-11.29122,-53.96669
2026/05/27 04:59:00,NOAA-21,Brasil,MATO GROSSO,UNIÃO DO SUL,Amazônia,22.0,0.0,0.25,1.5,-11.29061,-54.01042
2026/05/27 04:59:00,NOAA-21,Brasil,MATO GROSSO,CANARANA,Amazônia,25.0,0.0,0.89,2.1,-13.34433,-52.9332
2026/05/27 04:59:00,NOAA-21,Brasil,MATO GROSSO,ITANHANGÁ,Amazônia,11.0,0.0,0.32,0.9,-12.18352,-56.44793
2026/05/27 04:59:00,NOAA-21,Brasil,PARÁ,ALTAMIRA,Amazônia,9.0,0.0,0.15,0.8,-8.52138,-54.76949
2026/05/27 04:59:00,NOAA-21,Brasil,MATO GROSSO,NOVA MARINGÁ,Amazônia,11.0,0.1,0.27,2.2,-11.8132,-57.35157
2026/05/27 04:59:00,NOAA-21,Brasil,MATO GROSSO,MARCELÂNDIA,Amazônia,20.0,0.0,0.29,1.1,-10.87433,-53.73565
2026/05/27 05:01:00,NOAA-21,Brasil,MATO GROSSO,POCONÉ,Pantanal,6.0,0.0,1.0,0.9,-16.3389,-56.77029
2026/05/27 05:01:00,NOAA-21,Brasil,MATO GROSSO,CÁCERES,Pantanal,8.0,0.0,0.28,1.2,-16.17048,-58.47744
2026/05/27 05:01:00,NOAA-21,Brasil,MATO GROSSO,CÁCERES,Pantanal,8.0,0.0,0.28,1.9,-16.16705,-58.47684
2026/05/27 05:01:00,NOAA-21,Brasil,MATO GROSSO,CÁCERES,Pantanal,8.0,0.0,0.31,1.9,-16.16362,-58.47624
2026/05/27 05:01:00,NOAA-21,Brasil,MATO GROSSO DO SUL,CORUMBÁ,Pantanal,8.0,0.0,0.67,1.3,-19.10031,-56.06099
2026/05/27 05:01:00,NOAA-21,Brasil,MATO GROSSO,VILA BELA DA SANTÍSSIMA TRINDADE,Amazônia,4.0,0.0,0.73,1.0,-16.26404,-60.00152
2026/05/27 05:01:00,NOAA-21,Brasil,MATO GROSSO DO SUL,CORUMBÁ,Pantanal,12.0,0.0,0.43,0.9,-19.00412,-57.62471
2026/05/27 05:01:00,NOAA-21,Brasil,MATO GROSSO,VILA BELA DA SANTÍSSIMA TRINDADE,Amazônia,4.0,0.0,0.74,0.8,-16.26693,-60.00665
2026/05/27 05:01:00,NOAA-21,Brasil,MATO GROSSO,CÁCERES,Pantanal,9.0,0.0,0.29,3.6,-16.16427,-58.47235
2026/05/27 05:01:00,NOAA-21,Brasil,MATO GROSSO,CÁCERES,Pantanal,8.0,0.0,0.37,0.5,-16.16019,-58.47564
2026/05/27 05:01:00,NOAA-21,Brasil,MATO GROSSO,CÁCERES,Pantanal,8.0,0.0,0.65,0.6,-16.16102,-58.49175
2026/05/27 05:31:00,NPP-375D,Brasil,PARÁ,CUMARU DO NORTE,Amazônia,9.0,0.0,0.56,1.4,-7.68413,-51.08554
2026/05/27 05:31:00,NPP-375D,Brasil,PARÁ,TRAIRÃO,Amazônia,2.0,0.0,0.01,1.2,-5.20654,-56.04782
2026/05/27 05:31:00,NPP-375D,Brasil,PARÁ,NOVO PROGRESSO,Amazônia,9.0,0.0,1.0,1.3,-7.75652,-55.34933
2026/05/27 05:31:00,NPP-375D,Brasil,PARÁ,CUMARU DO NORTE,Amazônia,9.0,0.0,0.56,2.1,-7.67744,-51.09227
2026/05/27 05:31:00,NPP-375D,Brasil,PARÁ,CUMARU DO NORTE,Amazônia,9.0,0.0,0.56,1.4,-7.68365,-51.08906
2026/05/27 05:31:00,NPP-375D,Brasil,PARÁ,NOVO PROGRESSO,Amazônia,9.0,0.0,1.0,0.6,-7.75707,-55.34544
2026/05/27 05:31:00,NPP-375D,Brasil,PARÁ,RIO MARIA,Amazônia,12.0,0.0,1.0,3.1,-7.22606,-49.59588
2026/05/27 05:33:00,NPP-375D,Brasil,RONDÔNIA,CHUPINGUAIA,Amazônia,9.0,0.0,1.0,0.7,-12.58692,-61.06946
2026/05/27 05:33:00,NPP-375D,Brasil,MATO GROSSO,SÃO FÉLIX DO ARAGUAIA,Amazônia,11.0,0.0,0.28,7.4,-11.35186,-52.96123
2026/05/27 05:33:00,NPP-375D,Brasil,MATO GROSSO,NOVA MARINGÁ,Amazônia,10.0,0.0,0.28,2.7,-12.54084,-57.19761
2026/05/27 05:33:00,NPP-375D,Brasil,RONDÔNIA,PORTO VELHO,Amazônia,8.0,0.0,1.0,1.3,-9.93726,-65.00656
2026/05/27 05:33:00,NPP-375D,Brasil,MATO GROSSO,FELIZ NATAL,Amazônia,8.0,0.0,0.44,1.8,-11.95043,-54.09505
2026/05/27 05:33:00,NPP-375D,Brasil,MATO GROSSO,MARCELÂNDIA,Amazônia,26.0,0.0,0.26,1.9,-11.21918,-53.82749
2026/05/27 05:33:00,NPP-375D,Brasil,MATO GROSSO,VILA RICA,Amazônia,28.0,0.0,0.94,1.1,-10.0464,-51.683
2026/05/27 05:33:00,NPP-375D,Brasil,MATO GROSSO,JUARA,Amazônia,8.0,0.0,0.21,0.7,-10.5061,-57.2732
2026/05/27 05:33:00,NPP-375D,Brasil,MATO GROSSO,SÃO FÉLIX DO ARAGUAIA,Amazônia,12.0,0.0,0.27,6.3,-11.45722,-52.92381
2026/05/27 05:33:00,NPP-375D,Brasil,RONDÔNIA,CUJUBIM,Amazônia,9.0,0.0,0.95,0.4,-9.14287,-62.62622
2026/05/27 05:33:00,NPP-375D,Brasil,MATO GROSSO,VILA RICA,Amazônia,28.0,0.0,0.55,6.2,-10.05766,-51.68443
2026/05/27 05:33:00,NPP-375D,Brasil,MATO GROSSO,JUARA,Amazônia,10.0,0.0,0.31,2.3,-11.86108,-57.82757
2026/05/27 05:33:00,NPP-375D,Brasil,MATO GROSSO,PORTO DOS GAÚCHOS,Amazônia,11.0,0.0,0.3,0.6,-11.93499,-57.04313
2026/05/27 05:33:00,NPP-375D,Brasil,MATO GROSSO,SÃO FÉLIX DO ARAGUAIA,Amazônia,11.0,0.0,0.71,1.1,-11.36365,-52.95287
2026/05/27 05:33:00,NPP-375D,Brasil,MATO GROSSO,NOVA UBIRATÃ,Amazônia,11.0,0.6,0.26,2.0,-12.54507,-54.59404
2026/05/27 05:33:00,NPP-375D,Brasil,MATO GROSSO,NOVA MARINGÁ,Amazônia,11.0,0.1,0.26,2.8,-11.8087,-57.35611
2026/05/27 05:33:00,NPP-375D,Brasil,MATO GROSSO,PORTO DOS GAÚCHOS,Amazônia,11.0,0.0,0.3,2.1,-11.93902,-57.0437
2026/05/27 05:33:00,NPP-375D,Brasil,MATO GROSSO,NOVA MARINGÁ,Amazônia,11.0,0.1,0.26,1.3,-11.79688,-57.35434
2026/05/27 05:33:00,NPP-375D,Brasil,MATO GROSSO,SÃO FÉLIX DO ARAGUAIA,Amazônia,12.0,0.0,0.27,1.9,-11.4511,-52.92965
2026/05/27 05:33:00,NPP-375D,Brasil,MATO GROSSO,UNIÃO DO SUL,Amazônia,25.0,0.0,0.22,1.6,-11.2754,-53.97069
2026/05/27 05:33:00,NPP-375D,Brasil,MATO GROSSO,SANTA TEREZINHA,Amazônia,19.0,0.0,0.35,9.7,-10.71039,-51.32652
2026/05/27 05:33:00,NPP-375D,Brasil,MATO GROSSO,NOVA MARINGÁ,Amazônia,11.0,0.1,0.32,1.2,-11.79294,-57.35371
2026/05/27 05:33:00,NPP-375D,Brasil,MATO GROSSO,JUARA,Amazônia,10.0,0.0,0.31,1.2,-11.85725,-57.827
2026/05/27 05:33:00,NPP-375D,Brasil,MATO GROSSO,NOVA UBIRATÃ,Amazônia,11.0,0.33,0.3,3.0,-12.46215,-54.45276
2026/05/27 05:33:00,NPP-375D,Brasil,MATO GROSSO,MARCELÂNDIA,Amazônia,20.0,0.0,0.29,1.6,-10.87532,-53.73788
2026/05/27 05:33:00,NPP-375D,Brasil,MATO GROSSO,VILA RICA,Amazônia,28.0,0.0,0.36,4.0,-10.05816,-51.68061
2026/05/27 05:33:00,NPP-375D,Brasil,MATO GROSSO,NOVA MARINGÁ,Amazônia,10.0,0.0,0.28,2.1,-12.54039,-57.20408
2026/05/27 05:33:00,NPP-375D,Brasil,MATO GROSSO,SÃO FÉLIX DO ARAGUAIA,Amazônia,12.0,0.0,0.27,0.6,-11.44055,-52.92823
2026/05/27 05:33:00,NPP-375D,Brasil,MATO GROSSO,NOVA MARINGÁ,Amazônia,11.0,0.1,0.27,1.8,-11.81264,-57.35668
2026/05/27 05:33:00,NPP-375D,Brasil,MATO GROSSO,SÃO FÉLIX DO ARAGUAIA,Amazônia,12.0,0.0,0.27,4.9,-11.4682,-52.92194
2026/05/27 05:33:00,NPP-375D,Brasil,RONDÔNIA,PORTO VELHO,Amazônia,8.0,0.0,1.0,0.7,-9.93445,-65.00785
2026/05/27 05:33:00,NPP-375D,Brasil,MATO GROSSO,MARCELÂNDIA,Amazônia,12.0,0.0,0.22,2.3,-10.91431,-54.12168
2026/05/27 05:33:00,NPP-375D,Brasil,MATO GROSSO,JUARA,Amazônia,8.0,0.0,0.21,0.7,-10.50679,-57.26832
2026/05/27 05:33:00,NPP-375D,Brasil,MATO GROSSO,SÃO FÉLIX DO ARAGUAIA,Amazônia,12.0,0.0,0.27,1.0,-11.47348,-52.92264
2026/05/27 05:33:00,NPP-375D,Brasil,MATO GROSSO,MARCELÂNDIA,Amazônia,12.0,0.0,0.22,2.3,-10.90948,-54.12099
2026/05/27 05:33:00,NPP-375D,Brasil,MATO GROSSO,UNIÃO DO SUL,Amazônia,11.0,0.0,0.92,1.7,-11.5639,-54.52878
2026/05/27 05:33:00,NPP-375D,Brasil,MATO GROSSO,NOVA UBIRATÃ,Amazônia,11.0,0.42,0.56,3.2,-12.46072,-54.46358
2026/05/27 05:33:00,NPP-375D,Brasil,MATO GROSSO,PORTO DOS GAÚCHOS,Amazônia,9.0,0.0,0.29,2.2,-11.63796,-56.86179
2026/05/27 05:33:00,NPP-375D,Brasil,MATO GROSSO,ITANHANGÁ,Amazônia,10.0,0.0,0.32,1.3,-12.18307,-56.45012
2026/05/27 05:33:00,NPP-375D,Brasil,PARÁ,JACAREACANGA,Amazônia,10.0,0.0,0.21,0.6,-9.26587,-56.24789
2026/05/27 05:33:00,NPP-375D,Brasil,MATO GROSSO,SÃO FÉLIX DO ARAGUAIA,Amazônia,11.0,0.0,0.37,6.3,-11.35796,-52.95542
2026/05/27 05:33:00,NPP-375D,Brasil,MATO GROSSO,SÃO FÉLIX DO ARAGUAIA,Amazônia,11.0,0.0,0.28,7.4,-11.35671,-52.96516
2026/05/27 05:33:00,NPP-375D,Brasil,RONDÔNIA,NOVA MAMORÉ,Amazônia,9.0,0.0,1.0,0.6,-10.13758,-64.88476
2026/05/27 05:33:00,NPP-375D,Brasil,MATO GROSSO,NOVA MARINGÁ,Amazônia,11.0,0.1,0.27,1.8,-11.81336,-57.35155
2026/05/27 05:33:00,NPP-375D,Brasil,MATO GROSSO,VILA RICA,Amazônia,28.0,0.0,0.98,1.1,-10.04591,-51.68677
2026/05/27 05:33:00,NPP-375D,Brasil,MATO GROSSO,NOVA MARINGÁ,Amazônia,10.0,0.0,0.28,2.1,-12.54111,-57.19873
2026/05/27 05:33:00,NPP-375D,Brasil,MATO GROSSO,SÃO FÉLIX DO ARAGUAIA,Amazônia,11.0,0.0,0.3,2.0,-11.3628,-52.9594
2026/05/27 05:33:00,NPP-375D,Brasil,MATO GROSSO,PORTO DOS GAÚCHOS,Amazônia,9.0,0.0,0.27,2.4,-11.54878,-56.93692
2026/05/27 05:33:00,NPP-375D,Brasil,MATO GROSSO,SÃO FÉLIX DO ARAGUAIA,Amazônia,11.0,0.0,0.28,1.4,-11.36238,-52.96265
2026/05/27 05:33:00,NPP-375D,Brasil,MATO GROSSO,SÃO FÉLIX DO ARAGUAIA,Amazônia,12.0,0.0,0.27,1.0,-11.4739,-52.91937
2026/05/27 05:33:00,NPP-375D,Brasil,MATO GROSSO,UNIÃO DO SUL,Amazônia,25.0,0.0,0.22,1.3,-11.27651,-53.97314
2026/05/27 05:33:00,NPP-375D,Brasil,MATO GROSSO,SÃO FÉLIX DO ARAGUAIA,Amazônia,12.0,0.0,0.27,4.9,-11.46862,-52.91867
2026/05/27 05:33:00,NPP-375D,Brasil,RONDÔNIA,NOVA MAMORÉ,Amazônia,9.0,0.0,1.0,1.4,-10.14051,-64.88965
2026/05/27 05:33:00,NPP-375D,Brasil,MATO GROSSO,NOVA UBIRATÃ,Amazônia,11.0,0.59,0.26,2.0,-12.54576,-54.58884
2026/05/27 05:33:00,NPP-375D,Brasil,MATO GROSSO,MARCELÂNDIA,Amazônia,12.0,0.0,0.22,1.6,-10.9136,-54.12691
2026/05/27 05:33:00,NPP-375D,Brasil,MATO GROSSO,FELIZ NATAL,Amazônia,12.0,0.0,0.3,1.4,-11.7935,-54.0219
2026/05/27 05:33:00,NPP-375D,Brasil,MATO GROSSO,PEIXOTO DE AZEVEDO,Amazônia,11.0,0.0,1.0,5.4,-10.32691,-53.58045
2026/05/27 05:33:00,NPP-375D,Brasil,RONDÔNIA,NOVA MAMORÉ,Amazônia,9.0,0.0,1.0,0.6,-10.14122,-64.8854
2026/05/27 05:33:00,NPP-375D,Brasil,MATO GROSSO,ARIPUANÃ,Amazônia,9.0,0.0,0.83,0.8,-10.44296,-59.43122
2026/05/27 05:33:00,NPP-375D,Brasil,MATO GROSSO,SÃO FÉLIX DO ARAGUAIA,Amazônia,12.0,0.0,0.27,2.6,-11.45764,-52.92051
2026/05/27 05:33:00,NPP-375D,Brasil,MATO GROSSO,JUARA,Amazônia,10.0,0.0,0.31,1.4,-11.86943,-57.82391
2026/05/27 05:33:00,NPP-375D,Brasil,MATO GROSSO,NOVA MARINGÁ,Amazônia,11.0,0.1,0.26,0.4,-11.80404,-57.36062
2026/05/27 05:33:00,NPP-375D,Brasil,MATO GROSSO,SÃO FÉLIX DO ARAGUAIA,Amazônia,11.0,0.0,0.28,6.3,-11.35229,-52.95796
2026/05/27 05:33:00,NPP-375D,Brasil,MATO GROSSO,ARIPUANÃ,Amazônia,9.0,0.0,0.22,1.0,-10.02791,-59.34304
2026/05/27 05:33:00,NPP-375D,Brasil,MATO GROSSO,VILA RICA,Amazônia,28.0,0.0,0.71,6.2,-10.05203,-51.68372
2026/05/27 05:33:00,NPP-375D,Brasil,MATO GROSSO,SÃO FÉLIX DO ARAGUAIA,Amazônia,12.0,0.0,0.27,5.9,-11.46778,-52.9252
2026/05/27 05:33:00,NPP-375D,Brasil,MATO GROSSO,MARCELÂNDIA,Amazônia,20.0,0.0,0.29,1.6,-10.87505,-53.73717
2026/05/27 05:33:00,NPP-375D,Brasil,MATO GROSSO,SÃO FÉLIX DO ARAGUAIA,Amazônia,12.0,0.0,0.27,4.9,-11.46292,-52.92124
2026/05/27 05:33:00,NPP-375D,Brasil,AMAZONAS,LÁBREA,Amazônia,4.0,0.0,1.0,0.4,-9.22999,-65.73138
2026/05/27 05:33:00,NPP-375D,Brasil,MATO GROSSO,SÃO FÉLIX DO ARAGUAIA,Amazônia,11.0,0.0,0.3,6.3,-11.35754,-52.95868
2026/05/27 05:33:00,NPP-375D,Brasil,MATO GROSSO,CLÁUDIA,Amazônia,9.0,0.0,0.21,1.0,-11.26099,-54.71529
2026/05/27 05:33:00,NPP-375D,Brasil,MATO GROSSO,MARCELÂNDIA,Amazônia,11.0,0.0,0.31,2.1,-10.59991,-53.47569
2026/05/27 05:33:00,NPP-375D,Brasil,AMAZONAS,LÁBREA,Amazônia,4.0,0.0,1.0,0.4,-9.23386,-65.73203
2026/05/27 05:33:00,NPP-375D,Brasil,MATO GROSSO,VILA RICA,Amazônia,28.0,0.0,0.9,6.2,-10.05153,-51.68752
2026/05/27 05:33:00,NPP-375D,Brasil,MATO GROSSO,ARIPUANÃ,Amazônia,9.0,0.0,0.22,0.9,-10.02732,-59.34689
2026/05/27 05:33:00,NPP-375D,Brasil,MATO GROSSO,SANTA TEREZINHA,Amazônia,19.0,0.0,0.35,9.7,-10.71091,-51.32239
2026/05/27 05:33:00,NPP-375D,Brasil,MATO GROSSO,NOVA UBIRATÃ,Amazônia,11.0,0.38,0.29,3.0,-12.46143,-54.45819
2026/05/27 05:33:00,NPP-375D,Brasil,MATO GROSSO,SÃO FÉLIX DO ARAGUAIA,Amazônia,12.0,0.0,0.27,5.9,-11.4625,-52.92451
2026/05/27 05:33:00,NPP-375D,Brasil,MATO GROSSO,NOVA MARINGÁ,Amazônia,11.0,0.1,0.44,0.6,-11.79224,-57.35878
2026/05/27 05:33:00,NPP-375D,Brasil,MATO GROSSO,SÃO FÉLIX DO ARAGUAIA,Amazônia,11.0,0.0,0.28,7.4,-11.35713,-52.96194
2026/05/27 05:33:00,NPP-375D,Brasil,MATO GROSSO,UNIÃO DO SUL,Amazônia,26.0,0.0,0.22,0.7,-11.2772,-53.96775
2026/05/27 05:33:00,NPP-375D,Brasil,MATO GROSSO,NOVA MARINGÁ,Amazônia,10.0,0.0,0.28,0.9,-12.54486,-57.19815
2026/05/27 05:33:00,NPP-375D,Brasil,MATO GROSSO,SÃO JOSÉ DO RIO CLARO,Amazônia,10.0,0.0,0.25,0.6,-13.14257,-56.80924
2026/05/27 05:33:00,NPP-375D,Brasil,MATO GROSSO,PORTO DOS GAÚCHOS,Amazônia,9.0,0.0,0.27,2.2,-11.54927,-56.93338
2026/05/27 05:33:00,NPP-375D,Brasil,MATO GROSSO,SÃO FÉLIX DO ARAGUAIA,Amazônia,11.0,0.0,0.47,1.3,-11.35839,-52.95213
2026/05/27 05:33:00,NPP-375D,Brasil,MATO GROSSO,PORTO DOS GAÚCHOS,Amazônia,11.0,0.0,0.3,0.6,-11.93096,-57.04255
2026/05/27 05:33:00,NPP-375D,Brasil,MATO GROSSO,NOVA MARINGÁ,Amazônia,10.0,0.0,0.28,2.0,-12.54008,-57.20294
2026/05/27 05:33:00,NPP-375D,Brasil,MATO GROSSO,VILA RICA,Amazônia,28.0,0.0,0.49,4.0,-10.05253,-51.67992
2026/05/27 05:33:00,NPP-375D,Brasil,MATO GROSSO,SÃO FÉLIX DO ARAGUAIA,Amazônia,12.0,0.0,0.27,0.6,-11.44582,-52.92895
2026/05/27 05:33:00,NPP-375D,Brasil,MATO GROSSO,PEIXOTO DE AZEVEDO,Amazônia,9.0,0.0,0.27,0.7,-10.56393,-54.51482
2026/05/27 05:33:00,NPP-375D,Brasil,MATO GROSSO,SÃO FÉLIX DO ARAGUAIA,Amazônia,11.0,0.0,0.5,2.0,-11.36322,-52.95614
2026/05/27 05:33:00,NPP-375D,Brasil,MATO GROSSO,TABAPORÃ,Amazônia,9.0,0.0,0.26,1.2,-11.03823,-56.92372
2026/05/27 05:36:00,NPP-375D,Brasil,MATO GROSSO,CÁCERES,Pantanal,8.0,0.0,0.28,1.0,-16.16936,-58.47791
2026/05/27 05:36:00,NPP-375D,Brasil,MATO GROSSO,CÁCERES,Pantanal,8.0,0.0,0.36,1.2,-16.16156,-58.47673
2026/05/27 05:36:00,NPP-375D,Brasil,MATO GROSSO,CÁCERES,Pantanal,8.0,0.0,0.28,1.2,-16.16546,-58.47732
2026/05/27 05:36:00,NPP-375D,Brasil,MATO GROSSO,CÁCERES,Pantanal,9.0,0.0,0.3,1.6,-16.16224,-58.47171
2026/05/27 05:53:00,NOAA-20,Brasil,MATO GROSSO,NOVA UBIRATÃ,Amazônia,11.0,0.36,0.29,3.4,-12.46028,-54.4558
2026/05/27 05:53:00,NOAA-20,Brasil,AMAZONAS,LÁBREA,Amazônia,4.0,0.0,1.0,1.5,-9.23003,-65.73257
2026/05/27 05:53:00,NOAA-20,Brasil,AMAZONAS,LÁBREA,Amazônia,3.0,0.0,1.0,1.5,-9.2306,-65.72887
2026/05/27 05:53:00,NOAA-20,Brasil,AMAZONAS,LÁBREA,Amazônia,4.0,0.0,1.0,0.9,-9.23286,-65.73681
2026/05/27 05:53:00,NOAA-20,Brasil,MATO GROSSO,CÁCERES,Pantanal,8.0,0.0,0.28,0.6,-16.16648,-58.47675
2026/05/27 05:53:00,NOAA-20,Brasil,AMAZONAS,LÁBREA,Amazônia,4.0,0.0,1.0,2.6,-9.23343,-65.73311
2026/05/27 05:53:00,NOAA-20,Brasil,MATO GROSSO,JUARA,Amazônia,10.0,0.0,0.31,0.9,-11.86248,-57.82805
2026/05/27 05:53:00,NOAA-20,Brasil,MATO GROSSO,NOVA MARINGÁ,Amazônia,11.0,0.1,0.26,1.7,-11.80584,-57.35684
2026/05/27 05:53:00,NOAA-20,Brasil,MATO GROSSO,JUARA,Amazônia,10.0,0.0,0.31,1.3,-11.86077,-57.82611
2026/05/27 05:53:00,NOAA-20,Brasil,MATO GROSSO,NOVA UBIRATÃ,Amazônia,11.0,0.37,0.29,4.3,-12.45775,-54.45658
2026/05/27 05:53:00,NOAA-20,Brasil,MATO GROSSO,JUARA,Amazônia,10.0,0.0,0.31,0.9,-11.85676,-57.82729
2026/05/27 05:53:00,NOAA-20,Brasil,MATO GROSSO,MARCELÂNDIA,Amazônia,12.0,0.0,0.22,1.7,-10.90859,-54.11891
2026/05/27 05:53:00,NOAA-20,Brasil,MATO GROSSO,PORTO DOS GAÚCHOS,Amazônia,11.0,0.0,0.3,2.4,-11.94004,-57.04294
2026/05/27 05:53:00,NOAA-20,Brasil,MATO GROSSO,PORTO DOS GAÚCHOS,Amazônia,11.0,0.0,0.3,3.1,-11.93401,-57.04227
2026/05/27 05:53:00,NOAA-20,Brasil,MATO GROSSO,NOVA MARINGÁ,Amazônia,11.0,0.1,0.26,0.9,-11.79459,-57.35075
2026/05/27 05:53:00,NOAA-20,Brasil,MATO GROSSO,JUARA,Amazônia,10.0,0.0,0.31,1.3,-11.86028,-57.83
2026/05/27 05:53:00,NOAA-20,Brasil,MATO GROSSO,JUARA,Amazônia,10.0,0.0,0.31,0.9,-11.85723,-57.82335
2026/05/27 05:53:00,NOAA-20,Brasil,MATO GROSSO,NOVA MARINGÁ,Amazônia,11.0,0.1,0.27,1.3,-11.81425,-57.35084
2026/05/27 05:53:00,NOAA-20,Brasil,AMAZONAS,LÁBREA,Amazônia,4.0,0.0,1.0,1.5,-9.22663,-65.73204
2026/05/27 05:53:00,NOAA-20,Brasil,MATO GROSSO,NOVA MARINGÁ,Amazônia,11.0,0.1,0.26,1.3,-11.8078,-57.35458
2026/05/27 05:53:00,NOAA-20,Brasil,RONDÔNIA,NOVA MAMORÉ,Amazônia,9.0,0.0,1.0,1.0,-10.14058,-64.88432
2026/05/27 05:53:00,NOAA-20,Brasil,RONDÔNIA,NOVA MAMORÉ,Amazônia,9.0,0.0,1.0,0.6,-10.14352,-64.88889
2026/05/27 05:53:00,NOAA-20,Brasil,AMAZONAS,LÁBREA,Amazônia,4.0,0.0,1.0,2.6,-9.234,-65.7294
2026/05/27 05:53:00,NOAA-20,Brasil,RONDÔNIA,NOVA MAMORÉ,Amazônia,9.0,0.0,1.0,1.0,-10.13997,-64.88837
2026/05/27 05:53:00,NOAA-20,Brasil,MATO GROSSO,MARCELÂNDIA,Amazônia,12.0,0.0,0.22,1.7,-10.91567,-54.11984
2026/05/27 05:53:00,NOAA-20,Brasil,AMAZONAS,LÁBREA,Amazônia,4.0,0.0,0.98,0.9,-9.23627,-65.73734
2026/05/27 05:53:00,NOAA-20,Brasil,RONDÔNIA,NOVA MAMORÉ,Amazônia,9.0,0.0,1.0,0.6,-10.14413,-64.88483
2026/05/27 05:53:00,NOAA-20,Brasil,MATO GROSSO,CÁCERES,Pantanal,9.0,0.0,0.3,0.9,-16.16114,-58.47187
2026/05/27 05:53:00,NOAA-20,Brasil,MATO GROSSO,NOVA UBIRATÃ,Amazônia,11.0,0.42,0.52,3.1,-12.45947,-54.46299
2026/05/27 05:53:00,NOAA-20,Brasil,MATO GROSSO,NOVA MARINGÁ,Amazônia,11.0,0.1,0.27,3.2,-11.81225,-57.35313
2026/05/27 05:53:00,NOAA-20,Brasil,MATO GROSSO,ARIPUANÃ,Amazônia,9.0,0.0,0.22,1.1,-10.02933,-59.34373
2026/05/27 05:53:00,NOAA-20,Brasil,MATO GROSSO,JUARA,Amazônia,10.0,0.0,0.31,0.8,-11.867,-57.8228
2026/05/27 05:53:00,NOAA-20,Brasil,MATO GROSSO,JUARA,Amazônia,10.0,0.0,0.31,0.8,-11.86868,-57.82473
2026/05/27 05:53:00,NOAA-20,Brasil,MATO GROSSO,NOVA MARINGÁ,Amazônia,11.0,0.1,0.26,0.9,-11.79604,-57.35299
2026/05/27 05:53:00,NOAA-20,Brasil,AMAZONAS,LÁBREA,Amazônia,4.0,0.0,0.91,2.6,-9.23684,-65.73363
2026/05/27 05:53:00,NOAA-20,Brasil,MATO GROSSO,CÁCERES,Pantanal,8.0,0.0,0.37,0.9,-16.1607,-58.476
2026/05/27 05:53:00,NOAA-20,Brasil,MATO GROSSO,TABAPORÃ,Amazônia,8.0,0.0,0.83,0.8,-11.56362,-56.34122
2026/05/27 05:53:00,NOAA-20,Brasil,MATO GROSSO,NOVA MARINGÁ,Amazônia,11.0,0.1,0.26,1.4,-11.79996,-57.35602
2026/05/27 05:53:00,NOAA-20,Brasil,MATO GROSSO,NOVA MARINGÁ,Amazônia,11.0,0.1,0.26,0.9,-11.80138,-57.35815
2026/05/27 05:53:00,NOAA-20,Brasil,MATO GROSSO,TABAPORÃ,Amazônia,8.0,0.0,0.61,0.8,-11.56987,-56.34207
2026/05/27 05:53:00,NOAA-20,Brasil,MATO GROSSO,NOVA MARINGÁ,Amazônia,11.0,0.1,0.27,1.3,-11.8137,-57.35525
2026/05/27 05:53:00,NOAA-20,Brasil,RONDÔNIA,NOVA MAMORÉ,Amazônia,9.0,0.0,1.0,1.5,-10.14308,-64.88763
2026/05/27 06:35:00,AQUA_M-M,Brasil,MATO GROSSO,VILA RICA,Amazônia,28.0,0.0,0.52,14.3,-10.04982,-51.67532
2026/05/27 06:35:00,AQUA_M-M,Brasil,MATO GROSSO,VILA RICA,Amazônia,28.0,0.0,0.33,5.9,-10.05928,-51.67685
2026/05/27 06:35:00,AQUA_M-M,Brasil,MATO GROSSO,VILA RICA,Amazônia,28.0,0.0,0.91,10.4,-10.04816,-51.68572
2026/05/27 06:37:00,AQUA_M-M,Brasil,MATO GROSSO,SÃO FÉLIX DO ARAGUAIA,Amazônia,11.0,0.0,0.28,43.3,-11.35405,-52.95712
2026/05/27 06:37:00,AQUA_M-M,Brasil,MATO GROSSO,SÃO FÉLIX DO ARAGUAIA,Amazônia,12.0,0.0,0.27,23.5,-11.46205,-52.92089
2026/05/27 06:37:00,AQUA_M-M,Brasil,MATO GROSSO,SANTA TEREZINHA,Amazônia,19.0,0.0,0.35,9.5,-10.70877,-51.32004
2026/05/27 06:37:00,AQUA_M-M,Brasil,MATO GROSSO,SÃO FÉLIX DO ARAGUAIA,Amazônia,12.0,0.0,0.27,8.9,-11.45201,-52.91924
2026/05/27 06:37:00,AQUA_M-M,Brasil,MATO GROSSO,SÃO FÉLIX DO ARAGUAIA,Amazônia,12.0,0.0,0.35,8.7,-11.35597,-52.94525
2026/05/27 11:55:00,TERRA_M-M,Brasil,PARÁ,CUMARU DO NORTE,Amazônia,12.0,0.0,0.74,8.6,-8.89287,-51.86365
2026/05/27 11:55:00,TERRA_M-M,Brasil,TOCANTINS,WANDERLÂNDIA,Amazônia,11.0,0.0,0.47,5.6,-7.04725,-48.07375
2026/05/27 11:55:00,TERRA_M-M,Brasil,PARÁ,CONCEIÇÃO DO ARAGUAIA,Amazônia,12.0,0.0,1.0,5.8,-8.09478,-49.84784
2026/05/27 11:55:00,TERRA_M-M,Brasil,TOCANTINS,WANDERLÂNDIA,Amazônia,11.0,0.0,0.47,5.0,-7.04591,-48.08287
2026/05/27 11:57:00,TERRA_M-M,Brasil,MATO GROSSO,PARANATINGA,Amazônia,12.0,0.0,0.51,12.5,-12.71964,-54.20457
2026/05/27 11:57:00,TERRA_M-M,Brasil,MATO GROSSO,PARANATINGA,Amazônia,12.0,0.0,0.36,21.4,-12.72276,-54.18627
2026/05/27 11:57:00,TERRA_M-M,Brasil,MATO GROSSO,PARANATINGA,Amazônia,12.0,0.0,0.37,65.4,-12.73502,-54.18822
2026/05/27 11:57:00,TERRA_M-M,Brasil,MATO GROSSO,PARANATINGA,Amazônia,12.0,0.0,0.5,26.8,-12.73192,-54.20651
2026/05/27 11:57:00,TERRA_M-M,Brasil,MATO GROSSO,PARANATINGA,Amazônia,12.0,0.0,0.37,99.9,-12.72913,-54.19905
2026/05/27 11:57:00,TERRA_M-M,Brasil,MATO GROSSO,VILA RICA,Amazônia,28.0,0.0,0.49,12.7,-10.05098,-51.67599
2026/05/27 11:57:00,TERRA_M-M,Brasil,MATO GROSSO,VILA RICA,Amazônia,28.0,0.0,0.33,9.0,-10.06154,-51.67766
2026/05/27 11:57:00,TERRA_M-M,Brasil,MATO GROSSO,PARANATINGA,Amazônia,12.0,0.0,0.36,39.0,-12.73208,-54.18087
2026/05/27 12:30:00,GOES-19,Brasil,MATO GROSSO,PARANATINGA,Amazônia,12.0,0.0,0.37,73.1,-12.7272,-54.1988
2026/05/27 12:40:00,GOES-19,Brasil,MATO GROSSO,NOVA MARINGÁ,Amazônia,10.0,0.0,0.28,75.6,-12.5367,-57.2014
2026/05/27 12:40:00,GOES-19,Brasil,MATO GROSSO,PARANATINGA,Amazônia,12.0,0.0,0.37,81.5,-12.7272,-54.1988
2026/05/27 12:50:00,GOES-19,Brasil,MATO GROSSO,NOVA MARINGÁ,Amazônia,10.0,0.0,0.28,70.7,-12.5367,-57.2014
2026/05/27 12:50:00,GOES-19,Brasil,MATO GROSSO,ARIPUANÃ,Amazônia,9.0,0.0,0.4,100.9,-10.2775,-58.9311
2026/05/27 13:00:00,GOES-19,Brasil,MATO GROSSO,NOVA MARINGÁ,Amazônia,10.0,0.0,0.28,69.3,-12.5367,-57.2014
2026/05/27 13:00:00,GOES-19,Brasil,MATO GROSSO,ARIPUANÃ,Amazônia,9.0,0.0,0.4,94.9,-10.2775,-58.9311
2026/05/27 13:10:00,GOES-19,Brasil,MATO GROSSO,PARANATINGA,Amazônia,12.0,0.0,0.37,70.7,-12.7272,-54.1988
2026/05/27 13:10:00,GOES-19,Brasil,MATO GROSSO,ARIPUANÃ,Amazônia,9.0,0.0,0.99,114.0,-10.2962,-58.9299
2026/05/27 13:10:00,GOES-19,Brasil,MATO GROSSO,NOVA MARINGÁ,Amazônia,10.0,0.0,0.28,69.5,-12.5367,-57.2014
2026/05/27 13:10:00,GOES-19,Brasil,MATO GROSSO,ARIPUANÃ,Amazônia,9.0,0.0,0.35,84.3,-10.2964,-58.9103
2026/05/27 13:10:00,GOES-19,Brasil,MATO GROSSO,ARIPUANÃ,Amazônia,9.0,0.0,0.4,417.8,-10.2775,-58.9311
2026/05/27 13:20:00,GOES-19,Brasil,MATO GROSSO,NOVA MARINGÁ,Amazônia,10.0,0.0,0.28,69.1,-12.5367,-57.2014
2026/05/27 13:20:00,GOES-19,Brasil,MATO GROSSO,BRASNORTE,Amazônia,8.0,0.07,0.98,65.6,-11.6363,-58.2481
2026/05/27 13:30:00,GOES-19,Brasil,MATO GROSSO,BRASNORTE,Amazônia,8.0,0.07,0.98,70.7,-11.6363,-58.2481
2026/05/27 13:30:00,GOES-19,Brasil,MATO GROSSO,PARANATINGA,Amazônia,12.0,0.0,0.37,64.4,-12.7272,-54.1988
2026/05/27 13:30:00,GOES-19,Brasil,MATO GROSSO,NOVA MARINGÁ,Amazônia,10.0,0.0,0.28,61.7,-12.5367,-57.2014
2026/05/27 13:33:00,TERRA_M-T,Brasil,ACRE,TARAUACÁ,Amazônia,9.0,0.0,-999.0,4.0,-8.15858,-70.76956
2026/05/27 13:40:00,GOES-19,Brasil,MATO GROSSO,BRASNORTE,Amazônia,8.0,0.07,0.98,76.2,-11.6363,-58.2481
2026/05/27 13:40:00,GOES-19,Brasil,MATO GROSSO,PARANATINGA,Amazônia,12.0,0.0,0.37,65.9,-12.7272,-54.1988
2026/05/27 13:40:00,GOES-19,Brasil,MATO GROSSO,NOVA MARINGÁ,Amazônia,10.0,0.0,0.28,63.8,-12.5367,-57.2014
2026/05/27 13:50:00,GOES-19,Brasil,MATO GROSSO,BRASNORTE,Amazônia,8.0,0.07,0.98,77.8,-11.6363,-58.2481
2026/05/27 13:50:00,GOES-19,Brasil,MATO GROSSO,NOVA MARINGÁ,Amazônia,10.0,0.0,0.28,69.5,-12.5367,-57.2014
2026/05/27 14:00:00,GOES-19,Brasil,MATO GROSSO,NOVA MARINGÁ,Amazônia,10.0,0.0,0.28,62.6,-12.5367,-57.2014
2026/05/27 14:00:00,GOES-19,Brasil,MATO GROSSO,BRASNORTE,Amazônia,8.0,0.07,0.98,80.2,-11.6363,-58.2481
2026/05/27 14:10:00,GOES-19,Brasil,MATO GROSSO,CANARANA,Amazônia,24.0,0.0,0.97,71.0,-13.3376,-52.9264
2026/05/27 14:10:00,GOES-19,Brasil,MATO GROSSO,BRASNORTE,Amazônia,8.0,0.07,0.98,92.6,-11.6363,-58.2481
2026/05/27 14:10:00,GOES-19,Brasil,MATO GROSSO,NOVA MARINGÁ,Amazônia,10.0,0.0,0.28,68.1,-12.5367,-57.2014
2026/05/27 14:20:00,GOES-19,Brasil,MATO GROSSO,BRASNORTE,Amazônia,8.0,0.07,0.98,83.2,-11.6363,-58.2481
2026/05/27 14:20:00,GOES-19,Brasil,MATO GROSSO,PARANATINGA,Amazônia,12.0,0.0,0.37,83.7,-12.7272,-54.1988
2026/05/27 14:20:00,GOES-19,Brasil,MATO GROSSO,CANARANA,Amazônia,24.0,0.0,0.97,95.1,-13.3376,-52.9264
2026/05/27 14:20:00,GOES-19,Brasil,MATO GROSSO,NOVA MARINGÁ,Amazônia,10.0,0.0,0.28,64.7,-12.5367,-57.2014
2026/05/27 14:30:00,GOES-19,Brasil,MATO GROSSO,BRASNORTE,Amazônia,8.0,0.07,0.98,90.6,-11.6363,-58.2481
2026/05/27 14:30:00,GOES-19,Brasil,MATO GROSSO,PARANATINGA,Amazônia,12.0,0.0,0.37,94.2,-12.7272,-54.1988
2026/05/27 14:30:00,GOES-19,Brasil,MATO GROSSO,CANARANA,Amazônia,24.0,0.0,0.97,99.1,-13.3376,-52.9264
2026/05/27 14:30:00,GOES-19,Brasil,MATO GROSSO,NOVA MARINGÁ,Amazônia,10.0,0.0,0.28,68.0,-12.5367,-57.2014
2026/05/27 14:40:00,GOES-19,Brasil,MATO GROSSO,NOVA MARINGÁ,Amazônia,10.0,0.0,0.28,69.8,-12.5367,-57.2014
2026/05/27 14:40:00,GOES-19,Brasil,MATO GROSSO,BRASNORTE,Amazônia,8.0,0.07,0.98,85.8,-11.6363,-58.2481
2026/05/27 14:40:00,GOES-19,Brasil,PARÁ,SÃO FÉLIX DO XINGU,Amazônia,12.0,0.0,0.74,77.0,-8.9061,-51.8623
2026/05/27 14:40:00,GOES-19,Brasil,MATO GROSSO,CANARANA,Amazônia,24.0,0.0,0.97,118.6,-13.3376,-52.9264
2026/05/27 14:40:00,GOES-19,Brasil,MATO GROSSO,PARANATINGA,Amazônia,12.0,0.0,0.37,96.5,-12.7272,-54.1988
2026/05/27 14:40:00,GOES-19,Brasil,PARÁ,SÃO FÉLIX DO XINGU,Amazônia,12.0,0.0,0.74,65.8,-8.9058,-51.8831
2026/05/27 14:50:00,GOES-19,Brasil,MATO GROSSO,PARANATINGA,Amazônia,12.0,0.0,0.37,111.1,-12.7272,-54.1988
2026/05/27 14:50:00,GOES-19,Brasil,MATO GROSSO,BRASNORTE,Amazônia,8.0,0.07,0.98,95.8,-11.6363,-58.2481
2026/05/27 14:50:00,GOES-19,Brasil,MATO GROSSO,CANARANA,Amazônia,24.0,0.0,0.97,89.3,-13.3376,-52.9264
2026/05/27 14:50:00,GOES-19,Brasil,MATO GROSSO,NOVA MARINGÁ,Amazônia,10.0,0.0,0.28,77.2,-12.5367,-57.2014
2026/05/27 15:00:00,GOES-19,Brasil,MATO GROSSO,BRASNORTE,Amazônia,8.0,0.07,0.98,83.4,-11.6363,-58.2481
2026/05/27 15:00:00,GOES-19,Brasil,MATO GROSSO,PARANATINGA,Amazônia,12.0,0.0,0.37,97.8,-12.7272,-54.1988
2026/05/27 15:00:00,GOES-19,Brasil,MATO GROSSO,NOVA MARINGÁ,Amazônia,10.0,0.0,0.28,68.6,-12.5367,-57.2014
2026/05/27 15:10:00,GOES-19,Brasil,MATO GROSSO,BRASNORTE,Amazônia,8.0,0.07,0.98,80.0,-11.6363,-58.2481
2026/05/27 15:10:00,GOES-19,Brasil,MATO GROSSO,PARANATINGA,Amazônia,12.0,0.0,0.37,118.0,-12.7272,-54.1988
2026/05/27 15:20:00,GOES-19,Brasil,MATO GROSSO,BRASNORTE,Amazônia,8.0,0.07,0.98,60.7,-11.6363,-58.2481
2026/05/27 15:20:00,GOES-19,Brasil,MATO GROSSO,CANARANA,Amazônia,24.0,0.0,0.97,67.2,-13.3376,-52.9264
2026/05/27 15:20:00,GOES-19,Brasil,PARÁ,CUMARU DO NORTE,Amazônia,9.0,0.0,0.56,59.0,-7.6803,-51.1
2026/05/27 15:30:00,GOES-19,Brasil,MATO GROSSO,BRASNORTE,Amazônia,8.0,0.07,0.98,68.9,-11.6363,-58.2481
2026/05/27 15:30:00,GOES-19,Brasil,MATO GROSSO,PARANATINGA,Amazônia,12.0,0.0,0.37,93.6,-12.7272,-54.1988
2026/05/27 15:56:00,NOAA-21,Brasil,TOCANTINS,ARAGUAÍNA,Amazônia,12.0,0.0,1.0,13.3,-7.42837,-49.01922
2026/05/27 15:56:00,NOAA-21,Brasil,TOCANTINS,ARAGUAÍNA,Amazônia,12.0,0.0,1.0,9.4,-7.42974,-49.01871
2026/05/27 15:56:00,NOAA-21,Brasil,PARÁ,ULIANÓPOLIS,Amazônia,9.0,0.0,0.46,13.1,-3.92266,-47.22034
2026/05/27 15:56:00,NOAA-21,Brasil,MARANHÃO,AMAPÁ DO MARANHÃO,Amazônia,0.0,3.64,0.0,3.6,-1.70527,-46.0168
2026/05/27 16:00:00,GOES-19,Brasil,MATO GROSSO,BRASNORTE,Amazônia,8.0,0.07,0.98,55.1,-11.6363,-58.2481
2026/05/27 16:28:00,NPP-375,Brasil,MATO GROSSO,MARCELÂNDIA,Amazônia,12.0,0.0,0.22,8.9,-10.91668,-54.12075
2026/05/27 16:28:00,NPP-375,Brasil,PARÁ,OURILÂNDIA DO NORTE,Amazônia,11.0,0.0,0.44,2.8,-8.17277,-52.05822
2026/05/27 16:28:00,NPP-375,Brasil,PARÁ,CUMARU DO NORTE,Amazônia,9.0,0.0,0.56,5.1,-7.6843,-51.10176
2026/05/27 16:28:00,NPP-375,Brasil,MATO GROSSO,CONFRESA,Amazônia,11.0,0.0,1.0,2.9,-10.49826,-51.86851
2026/05/27 16:28:00,NPP-375,Brasil,MATO GROSSO,SÃO FÉLIX DO ARAGUAIA,Amazônia,11.0,0.0,0.28,4.2,-11.3565,-52.96369
2026/05/27 16:28:00,NPP-375,Brasil,PARÁ,RIO MARIA,Amazônia,12.0,0.0,1.0,8.1,-7.22895,-49.59613
2026/05/27 16:28:00,NPP-375,Brasil,PARÁ,CUMARU DO NORTE,Amazônia,9.0,0.0,0.56,9.1,-7.68342,-51.0953
2026/05/27 16:28:00,NPP-375,Brasil,PARÁ,CUMARU DO NORTE,Amazônia,13.0,0.0,0.7,3.5,-8.86899,-51.78507
2026/05/27 16:28:00,NPP-375,Brasil,MATO GROSSO,MARCELÂNDIA,Amazônia,11.0,0.0,0.31,13.9,-10.59788,-53.4766
2026/05/27 16:28:00,NPP-375,Brasil,TOCANTINS,ARAGUAÍNA,Amazônia,12.0,0.0,1.0,7.9,-7.42997,-49.01771
2026/05/27 16:28:00,NPP-375,Brasil,PARÁ,SÃO FÉLIX DO XINGU,Amazônia,12.0,0.0,0.74,9.7,-8.89307,-51.88569
2026/05/27 16:28:00,NPP-375,Brasil,PARÁ,ALTAMIRA,Amazônia,10.0,0.0,0.57,3.9,-8.0283,-55.12756
2026/05/27 16:28:00,NPP-375,Brasil,PARÁ,SANTA MARIA DAS BARREIRAS,Amazônia,13.0,0.0,0.72,8.7,-8.43708,-49.7134
2026/05/27 16:28:00,NPP-375,Brasil,PARÁ,CUMARU DO NORTE,Amazônia,12.0,0.0,0.74,14.1,-8.89259,-51.8819
2026/05/27 16:28:00,NPP-375,Brasil,MATO GROSSO,SÃO FÉLIX DO ARAGUAIA,Amazônia,11.0,0.0,0.28,6.6,-11.35621,-52.9622
2026/05/27 16:28:00,NPP-375,Brasil,PARÁ,SÃO FÉLIX DO XINGU,Amazônia,12.0,0.0,0.74,9.1,-8.89368,-51.88583
2026/05/27 16:28:00,NPP-375,Brasil,PARÁ,CUMARU DO NORTE,Amazônia,12.0,0.0,0.74,5.9,-8.89172,-51.87501
2026/05/27 16:28:00,NPP-375,Brasil,PARÁ,CUMARU DO NORTE,Amazônia,12.0,0.0,0.74,2.7,-8.89728,-51.87069
2026/05/27 16:28:00,NPP-375,Brasil,MATO GROSSO,CANARANA,Amazônia,25.0,0.0,0.94,9.4,-13.33922,-52.93162
2026/05/27 16:28:00,NPP-375,Brasil,MATO GROSSO,VILA RICA,Amazônia,28.0,0.0,0.42,8.1,-10.05676,-51.68159
2026/05/27 16:28:00,NPP-375,Brasil,MATO GROSSO,CANARANA,Amazônia,25.0,0.0,0.89,5.6,-13.34263,-52.932
2026/05/27 16:28:00,NPP-375,Brasil,PARÁ,CUMARU DO NORTE,Amazônia,12.0,0.0,0.74,3.8,-8.89633,-51.86359
2026/05/27 16:28:00,NPP-375,Brasil,MATO GROSSO,SÃO FÉLIX DO ARAGUAIA,Amazônia,28.0,0.0,0.55,2.9,-11.67108,-51.68739
2026/05/27 16:28:00,NPP-375,Brasil,PARÁ,SÃO GERALDO DO ARAGUAIA,Amazônia,9.0,0.0,0.63,5.4,-6.2509,-48.46431
2026/05/27 16:28:00,NPP-375,Brasil,MATO GROSSO,UNIÃO DO SUL,Amazônia,26.0,0.0,0.22,6.1,-11.27291,-53.96669
2026/05/27 16:28:00,NPP-375,Brasil,PARÁ,OURILÂNDIA DO NORTE,Amazônia,11.0,0.0,0.46,3.8,-8.20272,-52.03871
2026/05/27 16:28:00,NPP-375,Brasil,MATO GROSSO,SÃO JOSÉ DO XINGU,Amazônia,11.0,0.0,1.0,4.7,-10.35924,-52.51883
2026/05/27 16:28:00,NPP-375,Brasil,PARÁ,SÃO FÉLIX DO XINGU,Amazônia,14.0,0.0,0.71,3.8,-8.88695,-51.79305
2026/05/27 16:28:00,NPP-375,Brasil,PARÁ,CUMARU DO NORTE,Amazônia,14.0,0.0,1.0,11.4,-8.52771,-51.5788
2026/05/27 16:28:00,NPP-375,Brasil,PARÁ,SÃO FÉLIX DO XINGU,Amazônia,14.0,0.0,0.71,4.2,-8.8869,-51.79337
2026/05/27 16:28:00,NPP-375,Brasil,MATO GROSSO,NOVA UBIRATÃ,Amazônia,12.0,0.0,0.31,6.8,-12.27738,-54.08958
2026/05/27 16:28:00,NPP-375,Brasil,MATO GROSSO,CLÁUDIA,Amazônia,11.0,0.0,0.28,8.1,-11.74186,-54.79856
2026/05/27 16:28:00,NPP-375,Brasil,MATO GROSSO,CLÁUDIA,Amazônia,11.0,0.0,0.31,15.4,-11.73569,-54.80578
2026/05/27 16:28:00,NPP-375,Brasil,PARÁ,CUMARU DO NORTE,Amazônia,12.0,0.0,0.74,13.9,-8.89317,-51.88203
2026/05/27 16:28:00,NPP-375,Brasil,PARÁ,CUMARU DO NORTE,Amazônia,12.0,0.0,0.74,4.1,-8.89588,-51.86343
2026/05/27 16:28:00,NPP-375,Brasil,MATO GROSSO,NOVA UBIRATÃ,Amazônia,12.0,0.0,0.31,6.8,-12.27676,-54.08397
2026/05/27 16:28:00,NPP-375,Brasil,MATO GROSSO,PARANATINGA,Amazônia,10.0,0.3,0.36,18.5,-13.37855,-54.26938
2026/05/27 16:28:00,NPP-375,Brasil,PARÁ,CUMARU DO NORTE,Amazônia,9.0,0.0,0.56,8.4,-7.67922,-51.10308
2026/05/27 16:28:00,NPP-375,Brasil,MATO GROSSO,UNIÃO DO SUL,Amazônia,25.0,0.0,0.22,5.3,-11.2734,-53.96903
2026/05/27 16:28:00,NPP-375,Brasil,PARÁ,SANTA MARIA DAS BARREIRAS,Amazônia,15.0,0.0,1.0,9.2,-8.80173,-50.49426
2026/05/27 16:28:00,NPP-375,Brasil,MATO GROSSO,SÃO FÉLIX DO ARAGUAIA,Amazônia,11.0,0.0,0.29,4.2,-11.35596,-52.959
2026/05/27 16:28:00,NPP-375,Brasil,PARÁ,CUMARU DO NORTE,Amazônia,14.0,0.0,1.0,10.6,-8.52397,-51.57972
2026/05/27 16:28:00,NPP-375,Brasil,PARÁ,CUMARU DO NORTE,Amazônia,12.0,0.0,0.74,4.0,-8.89224,-51.87509
2026/05/27 16:28:00,NPP-375,Brasil,PARÁ,CUMARU DO NORTE,Amazônia,9.0,0.0,0.56,9.1,-7.68386,-51.09857
2026/05/27 16:28:00,NPP-375,Brasil,MATO GROSSO,PARANATINGA,Amazônia,12.0,0.0,0.37,8.9,-12.72848,-54.19466
2026/05/27 16:28:00,NPP-375,Brasil,MATO GROSSO,SÃO FÉLIX DO ARAGUAIA,Amazônia,11.0,0.0,0.57,4.6,-11.36157,-52.95361
2026/05/27 16:28:00,NPP-375,Brasil,PARÁ,CUMARU DO NORTE,Amazônia,12.0,0.0,0.74,4.0,-8.8918,-51.87183
2026/05/27 16:28:00,NPP-375,Brasil,PARÁ,CUMARU DO NORTE,Amazônia,10.0,0.0,0.77,5.3,-8.414,-51.33789
2026/05/27 16:28:00,NPP-375,Brasil,PARÁ,CUMARU DO NORTE,Amazônia,14.0,0.0,1.0,8.6,-8.52231,-51.57955
2026/05/27 16:28:00,NPP-375,Brasil,PARÁ,CUMARU DO NORTE,Amazônia,14.0,0.0,1.0,15.6,-8.52354,-51.57628
2026/05/27 16:28:00,NPP-375,Brasil,PARÁ,CUMARU DO NORTE,Amazônia,14.0,0.0,1.0,14.5,-8.52185,-51.57612
2026/05/27 16:28:00,NPP-375,Brasil,MATO GROSSO,CANARANA,Amazônia,26.0,0.0,0.98,5.3,-13.33978,-52.93692
2026/05/27 16:28:00,NPP-375,Brasil,MATO GROSSO,MARCELÂNDIA,Amazônia,21.0,0.0,0.29,6.1,-10.87155,-53.73697
2026/05/27 16:28:00,NPP-375,Brasil,PARÁ,CUMARU DO NORTE,Amazônia,12.0,0.0,0.74,4.1,-8.89087,-51.86831
2026/05/27 16:28:00,NPP-375,Brasil,PARÁ,CUMARU DO NORTE,Amazônia,13.0,0.0,0.84,3.9,-8.54754,-51.50721
2026/05/27 16:28:00,NPP-375,Brasil,PARÁ,CUMARU DO NORTE,Amazônia,12.0,0.0,0.74,5.9,-8.89131,-51.87175
2026/05/27 16:28:00,NPP-375,Brasil,TOCANTINS,ARAGUAÍNA,Amazônia,12.0,0.0,1.0,7.9,-7.43057,-49.02217
2026/05/27 16:28:00,NPP-375,Brasil,TOCANTINS,ARAGUAÍNA,Amazônia,12.0,0.0,1.0,15.2,-7.43189,-49.02087
2026/05/27 16:28:00,NPP-375,Brasil,PARÁ,CUMARU DO NORTE,Amazônia,14.0,0.0,1.0,16.4,-8.52725,-51.5754
2026/05/27 16:28:00,NPP-375,Brasil,PARÁ,CUMARU DO NORTE,Amazônia,9.0,0.0,0.56,9.1,-7.68856,-51.09445
2026/05/27 16:28:00,NPP-375,Brasil,MATO GROSSO,MARCELÂNDIA,Amazônia,26.0,0.0,0.26,7.3,-11.2169,-53.82605
2026/05/27 16:28:00,NPP-375,Brasil,MATO GROSSO,SÃO FÉLIX DO ARAGUAIA,Amazônia,11.0,0.0,0.29,6.6,-11.35564,-52.95753
2026/05/27 16:28:00,NPP-375,Brasil,MATO GROSSO,CLÁUDIA,Amazônia,11.0,0.0,0.28,16.2,-11.73496,-54.79927
2026/05/27 16:28:00,NPP-375,Brasil,PARÁ,CUMARU DO NORTE,Amazônia,13.0,0.0,0.7,4.0,-8.86911,-51.78477
2026/05/27 16:28:00,NPP-375,Brasil,PARÁ,OURILÂNDIA DO NORTE,Amazônia,11.0,0.0,0.33,4.0,-8.34947,-51.91733
2026/05/27 16:28:00,NPP-375,Brasil,PARÁ,CUMARU DO NORTE,Amazônia,9.0,0.0,0.56,4.3,-7.67772,-51.05354
2026/05/27 16:28:00,NPP-375,Brasil,PARÁ,OURILÂNDIA DO NORTE,Amazônia,11.0,0.0,0.46,5.9,-8.20775,-52.034
2026/05/27 16:28:00,NPP-375,Brasil,PARÁ,CUMARU DO NORTE,Amazônia,14.0,0.0,1.0,15.6,-8.52893,-51.57554
2026/05/27 16:28:00,NPP-375,Brasil,MATO GROSSO,PARANATINGA,Amazônia,12.0,0.0,0.46,8.9,-12.72245,-54.20174
2026/05/27 16:28:00,NPP-375,Brasil,MATO GROSSO,PARANATINGA,Amazônia,10.0,0.3,0.36,7.5,-13.37331,-54.27005
2026/05/27 16:28:00,NPP-375,Brasil,PARÁ,OURILÂNDIA DO NORTE,Amazônia,11.0,0.0,0.46,3.8,-8.20321,-52.04241
2026/05/27 16:28:00,NPP-375,Brasil,MATO GROSSO,CANARANA,Amazônia,25.0,0.0,0.96,5.6,-13.34322,-52.93726
2026/05/27 16:28:00,NPP-375,Brasil,PARÁ,CUMARU DO NORTE,Amazônia,9.0,0.0,0.56,8.4,-7.67966,-51.10629
2026/05/27 16:28:00,NPP-375,Brasil,PARÁ,OURILÂNDIA DO NORTE,Amazônia,11.0,0.0,0.45,4.7,-8.19768,-52.04332
2026/05/27 16:28:00,NPP-375,Brasil,PARÁ,CUMARU DO NORTE,Amazônia,12.0,0.0,0.74,4.6,-8.89135,-51.8684
2026/05/27 16:28:00,NPP-375,Brasil,MATO GROSSO,PARANATINGA,Amazônia,12.0,0.0,0.36,8.9,-12.72177,-54.1956
2026/05/27 16:28:00,NPP-375,Brasil,MATO GROSSO,PARANATINGA,Amazônia,10.0,0.3,0.36,5.3,-13.38011,-54.26923
2026/05/27 16:28:00,NPP-375,Brasil,MATO GROSSO,MARCELÂNDIA,Amazônia,12.0,0.0,0.22,8.2,-10.91012,-54.12153
2026/05/27 16:28:00,NPP-375,Brasil,MATO GROSSO,NOVA UBIRATÃ,Amazônia,11.0,0.56,0.26,8.1,-12.54936,-54.59631
2026/05/27 16:28:00,NPP-375,Brasil,MATO GROSSO,QUERÊNCIA,Amazônia,12.0,0.0,0.23,8.6,-12.2992,-52.48508
2026/05/27 16:28:00,NPP-375,Brasil,PARÁ,CUMARU DO NORTE,Amazônia,14.0,0.0,0.7,3.6,-8.87849,-51.77247
2026/05/27 16:28:00,NPP-375,Brasil,PARÁ,SANTA MARIA DAS BARREIRAS,Amazônia,15.0,0.0,1.0,10.9,-8.80036,-50.49372
2026/05/27 16:28:00,NPP-375,Brasil,MATO GROSSO,CLÁUDIA,Amazônia,11.0,0.0,0.57,13.5,-11.7426,-54.80518
2026/05/27 16:28:00,NPP-375,Brasil,MATO GROSSO,CONFRESA,Amazônia,12.0,0.0,1.0,3.7,-10.50303,-51.86054
2026/05/27 16:28:00,NPP-375,Brasil,PARÁ,OURILÂNDIA DO NORTE,Amazônia,11.0,0.0,0.44,3.7,-8.1713,-52.0575
2026/05/27 16:30:00,GOES-19,Brasil,PARÁ,CUMARU DO NORTE,Amazônia,9.0,0.0,0.56,52.5,-7.6803,-51.1
2026/05/27 16:30:00,NPP-375,Brasil,PARÁ,CAMETÁ,Amazônia,0.0,1.48,0.0,5.9,-2.21609,-49.69194
2026/05/27 16:30:00,NPP-375,Brasil,PARÁ,AVEIRO,Amazônia,2.0,0.0,0.0,5.5,-3.91163,-55.74224
2026/05/27 16:30:00,NPP-375,Brasil,MARANHÃO,ITINGA DO MARANHÃO,Amazônia,9.0,0.0,0.78,20.6,-4.08749,-47.30829
2026/05/27 16:30:00,NPP-375,Brasil,PARÁ,ITAITUBA,Amazônia,4.0,0.0,0.03,6.7,-6.41274,-55.97931
2026/05/27 16:30:00,NPP-375,Brasil,PARÁ,AVEIRO,Amazônia,2.0,0.0,0.0,4.0,-3.90682,-55.74287
2026/05/27 16:30:00,NPP-375,Brasil,MARANHÃO,LAGO DA PEDRA,Amazônia,8.0,0.0,0.81,2.9,-4.54892,-45.12665
2026/05/27 16:30:00,NPP-375,Brasil,PARÁ,SÃO FÉLIX DO XINGU,Amazônia,10.0,0.0,0.96,2.7,-6.38353,-51.60679
2026/05/27 16:40:00,GOES-19,Brasil,PARÁ,CUMARU DO NORTE,Amazônia,14.0,0.0,1.0,91.0,-8.5348,-51.5791
2026/05/27 16:45:00,NOAA-20,Brasil,MATO GROSSO,PORTO DOS GAÚCHOS,Amazônia,10.0,0.0,0.31,10.2,-11.79484,-57.0138
2026/05/27 16:45:00,NOAA-20,Brasil,PARÁ,SANTANA DO ARAGUAIA,Amazônia,20.0,0.0,0.88,5.9,-9.3747,-50.65777
2026/05/27 16:45:00,NOAA-20,Brasil,MATO GROSSO,TABAPORÃ,Amazônia,9.0,0.0,0.26,4.5,-11.04153,-56.92253
2026/05/27 16:45:00,NOAA-20,Brasil,MATO GROSSO,SÃO FÉLIX DO ARAGUAIA,Amazônia,11.0,0.0,0.28,5.4,-11.35494,-52.95597
2026/05/27 16:45:00,NOAA-20,Brasil,MATO GROSSO,MARCELÂNDIA,Amazônia,12.0,0.0,0.22,3.2,-10.91341,-54.12551
2026/05/27 16:45:00,NOAA-20,Brasil,MATO GROSSO,UNIÃO DO SUL,Amazônia,28.0,0.0,0.24,9.8,-11.33344,-53.94773
2026/05/27 16:45:00,NOAA-20,Brasil,MATO GROSSO,PORTO DOS GAÚCHOS,Amazônia,9.0,0.0,0.27,4.8,-11.55761,-56.95358
2026/05/27 16:45:00,NOAA-20,Brasil,MATO GROSSO,TABAPORÃ,Amazônia,8.0,0.0,0.61,6.7,-11.57109,-56.33772
2026/05/27 16:45:00,NOAA-20,Brasil,MATO GROSSO,UNIÃO DO SUL,Amazônia,27.0,0.0,0.23,6.4,-11.27518,-53.95417
2026/05/27 16:45:00,NOAA-20,Brasil,MATO GROSSO,CONFRESA,Amazônia,12.0,0.0,1.0,2.2,-10.50142,-51.8661
2026/05/27 16:45:00,NOAA-20,Brasil,MATO GROSSO,CLÁUDIA,Amazônia,11.0,0.0,0.28,9.4,-11.73282,-54.80264
2026/05/27 16:45:00,NOAA-20,Brasil,MATO GROSSO,PARANATINGA,Amazônia,12.0,0.0,0.36,12.0,-12.72709,-54.19205
2026/05/27 16:45:00,NOAA-20,Brasil,MATO GROSSO,JUARA,Amazônia,10.0,0.0,0.31,7.4,-11.8775,-57.82093
2026/05/27 16:45:00,NOAA-20,Brasil,MATO GROSSO,CLÁUDIA,Amazônia,11.0,0.0,0.28,9.4,-11.74568,-54.78523
2026/05/27 16:45:00,NOAA-20,Brasil,MATO GROSSO,UNIÃO DO SUL,Amazônia,26.0,0.0,0.22,5.4,-11.27688,-53.96681
2026/05/27 16:45:00,NOAA-20,Brasil,MATO GROSSO,PARANATINGA,Amazônia,12.0,0.0,0.37,12.0,-12.7232,-54.19728
2026/05/27 16:45:00,NOAA-20,Brasil,MATO GROSSO,CLÁUDIA,Amazônia,11.0,0.0,0.28,18.2,-11.74233,-54.79537
2026/05/27 16:45:00,NOAA-20,Brasil,MATO GROSSO,SÃO FÉLIX DO ARAGUAIA,Amazônia,11.0,0.0,0.31,5.4,-11.3595,-52.95902
2026/05/27 16:45:00,NOAA-20,Brasil,MATO GROSSO,NOVA UBIRATÃ,Amazônia,12.0,0.0,0.31,5.5,-12.2829,-54.08384
2026/05/27 16:45:00,NOAA-20,Brasil,MATO GROSSO,PORTO DOS GAÚCHOS,Amazônia,9.0,0.0,0.31,7.4,-11.72392,-56.83577
2026/05/27 16:45:00,NOAA-20,Brasil,MATO GROSSO,VILA RICA,Amazônia,28.0,0.0,0.42,10.6,-10.05468,-51.68104
2026/05/27 16:45:00,NOAA-20,Brasil,MATO GROSSO,PARANATINGA,Amazônia,10.0,0.3,0.36,8.9,-13.38122,-54.26737
2026/05/27 16:45:00,NOAA-20,Brasil,MATO GROSSO,CLÁUDIA,Amazônia,11.0,0.0,0.32,9.4,-11.73744,-54.80199
2026/05/27 16:45:00,NOAA-20,Brasil,MATO GROSSO,NOVA MARINGÁ,Amazônia,10.0,0.0,0.23,4.9,-12.3027,-57.40796
2026/05/27 16:45:00,NOAA-20,Brasil,MATO GROSSO,MARCELÂNDIA,Amazônia,12.0,0.0,0.22,6.2,-10.91229,-54.11691
2026/05/27 16:45:00,NOAA-20,Brasil,MATO GROSSO,PARANATINGA,Amazônia,12.0,0.0,0.49,10.7,-12.72381,-54.20192
2026/05/27 16:45:00,NOAA-20,Brasil,MATO GROSSO,MARCELÂNDIA,Amazônia,12.0,0.0,0.19,8.4,-11.15187,-54.30701
2026/05/27 16:45:00,NOAA-20,Brasil,MATO GROSSO,CLÁUDIA,Amazônia,11.0,0.0,0.28,6.8,-11.73373,-54.80147
2026/05/27 16:45:00,NOAA-20,Brasil,MATO GROSSO,NOVA MARINGÁ,Amazônia,11.0,0.1,0.26,16.6,-11.80925,-57.3536
2026/05/27 16:45:00,NOAA-20,Brasil,MATO GROSSO,NOVA UBIRATÃ,Amazônia,11.0,0.55,0.26,15.3,-12.54975,-54.58381
2026/05/27 16:45:00,NOAA-20,Brasil,MATO GROSSO,UNIÃO DO SUL,Amazônia,28.0,0.0,0.23,7.9,-11.33454,-53.95611
2026/05/27 16:45:00,NOAA-20,Brasil,MATO GROSSO,NOVA UBIRATÃ,Amazônia,11.0,0.0,0.31,12.3,-12.27903,-54.08874
2026/05/27 16:45:00,NOAA-20,Brasil,MATO GROSSO,PARANATINGA,Amazônia,10.0,0.3,0.36,14.7,-13.3806,-54.26255
2026/05/27 16:45:00,NOAA-20,Brasil,MATO GROSSO,NOVA MARINGÁ,Amazônia,11.0,0.1,0.26,11.5,-11.80373,-57.35421
2026/05/27 16:45:00,NOAA-20,Brasil,MATO GROSSO,CANARANA,Amazônia,25.0,0.0,0.87,5.0,-13.34344,-52.93127
2026/05/27 16:45:00,NOAA-20,Brasil,MATO GROSSO,PARANATINGA,Amazônia,10.0,0.3,0.36,8.8,-13.38123,-54.26462
2026/05/27 16:45:00,NOAA-20,Brasil,MATO GROSSO,TABAPORÃ,Amazônia,9.0,0.0,0.26,6.2,-11.04082,-56.9226
2026/05/27 16:45:00,NOAA-20,Brasil,MATO GROSSO,CLÁUDIA,Amazônia,11.0,0.0,0.28,16.2,-11.74487,-54.7863
2026/05/27 16:45:00,NOAA-20,Brasil,MATO GROSSO,CLÁUDIA,Amazônia,11.0,0.0,0.62,10.0,-11.74365,-54.80522
2026/05/27 16:45:00,NOAA-20,Brasil,MATO GROSSO,CANARANA,Amazônia,24.0,0.0,0.89,5.0,-13.34293,-52.92733
2026/05/27 16:45:00,NOAA-20,Brasil,MATO GROSSO,CLÁUDIA,Amazônia,11.0,0.0,0.64,19.1,-11.74269,-54.80635
2026/05/27 16:45:00,NOAA-20,Brasil,MATO GROSSO,TABAPORÃ,Amazônia,9.0,0.0,0.26,4.5,-11.04195,-56.92575
2026/05/27 16:45:00,NOAA-20,Brasil,MATO GROSSO,PORTO DOS GAÚCHOS,Amazônia,10.0,0.0,0.31,10.2,-11.78947,-57.01458
2026/05/27 16:45:00,NOAA-20,Brasil,MATO GROSSO,PORTO DOS GAÚCHOS,Amazônia,11.0,0.0,0.3,6.7,-11.94558,-57.04044
2026/05/27 16:45:00,NOAA-20,Brasil,MATO GROSSO,CLÁUDIA,Amazônia,11.0,0.0,0.33,7.6,-11.74608,-54.79589
2026/05/27 16:45:00,NOAA-20,Brasil,MATO GROSSO,VILA RICA,Amazônia,28.0,0.0,0.36,9.6,-10.05837,-51.68053
2026/05/27 16:45:00,NOAA-20,Brasil,MATO GROSSO,TABAPORÃ,Amazônia,9.0,0.0,0.38,12.8,-11.51845,-56.1237
2026/05/27 16:45:00,NOAA-20,Brasil,MATO GROSSO,CLÁUDIA,Amazônia,11.0,0.0,0.28,6.8,-11.72911,-54.80212
2026/05/27 16:45:00,NOAA-20,Brasil,MATO GROSSO,MARCELÂNDIA,Amazônia,12.0,0.0,0.22,6.2,-10.91285,-54.12121
2026/05/27 16:45:00,NOAA-20,Brasil,MATO GROSSO,PARANATINGA,Amazônia,12.0,0.0,0.37,12.0,-12.72769,-54.19662
2026/05/27 16:45:00,NOAA-20,Brasil,MATO GROSSO,PORTO DOS GAÚCHOS,Amazônia,9.0,0.0,0.27,5.7,-11.54927,-56.93019
2026/05/27 16:45:00,NOAA-20,Brasil,MATO GROSSO,PORTO DOS GAÚCHOS,Amazônia,10.0,0.0,0.31,6.4,-11.78861,-57.00767
2026/05/27 16:45:00,NOAA-20,Brasil,MATO GROSSO,NOVA UBIRATÃ,Amazônia,12.0,0.0,0.31,5.5,-12.27845,-54.08438
2026/05/27 16:45:00,NOAA-20,Brasil,MATO GROSSO,TABAPORÃ,Amazônia,9.0,0.0,0.26,6.5,-11.03623,-56.92315
2026/05/27 16:45:00,NOAA-20,Brasil,MATO GROSSO,CLÁUDIA,Amazônia,11.0,0.0,0.28,3.0,-11.7495,-54.78572
2026/05/27 16:45:00,NOAA-20,Brasil,MATO GROSSO,MARCELÂNDIA,Amazônia,12.0,0.0,0.22,6.2,-10.91721,-54.12062
2026/05/27 16:45:00,NOAA-20,Brasil,MATO GROSSO,PORTO DOS GAÚCHOS,Amazônia,9.0,0.0,0.31,6.3,-11.72432,-56.83911
2026/05/27 16:45:00,NOAA-20,Brasil,MATO GROSSO,PORTO DOS GAÚCHOS,Amazônia,10.0,0.0,0.31,10.2,-11.79441,-57.01033
2026/05/27 16:45:00,NOAA-20,Brasil,MATO GROSSO,SANTA TEREZINHA,Amazônia,19.0,0.0,0.35,10.1,-10.71248,-51.3219
2026/05/27 16:45:00,NOAA-20,Brasil,MATO GROSSO,CANARANA,Amazônia,25.0,0.0,0.94,5.0,-13.33927,-52.93187
2026/05/27 16:45:00,NOAA-20,Brasil,MATO GROSSO,CLÁUDIA,Amazônia,11.0,0.0,0.45,10.0,-11.73901,-54.80576
2026/05/27 16:45:00,NOAA-20,Brasil,MATO GROSSO,NOVA MARINGÁ,Amazônia,11.0,0.1,0.26,18.2,-11.80882,-57.35008
2026/05/27 16:45:00,NOAA-20,Brasil,MATO GROSSO,CLÁUDIA,Amazônia,11.0,0.0,0.28,7.6,-11.74547,-54.79107
2026/05/27 16:45:00,NOAA-20,Brasil,MATO GROSSO,TABAPORÃ,Amazônia,9.0,0.0,0.26,6.2,-11.04121,-56.92583
2026/05/27 16:45:00,NOAA-20,Brasil,MATO GROSSO,PORTO DOS GAÚCHOS,Amazônia,9.0,0.0,0.61,5.2,-11.72841,-56.82845
2026/05/27 16:45:00,NOAA-20,Brasil,MATO GROSSO,PORTO DOS GAÚCHOS,Amazônia,10.0,0.0,0.31,6.4,-11.79398,-57.00692
2026/05/27 16:45:00,NOAA-20,Brasil,MATO GROSSO,CLÁUDIA,Amazônia,11.0,0.0,0.31,10.0,-11.73836,-54.80085
2026/05/27 16:45:00,NOAA-20,Brasil,PARÁ,SANTANA DO ARAGUAIA,Amazônia,17.0,0.0,1.0,5.1,-9.57487,-51.04304
2026/05/27 16:45:00,NOAA-20,Brasil,MATO GROSSO,UNIÃO DO SUL,Amazônia,11.0,0.0,0.27,5.7,-11.73438,-54.23965
2026/05/27 16:45:00,NOAA-20,Brasil,MATO GROSSO,SANTA TEREZINHA,Amazônia,19.0,0.0,0.35,2.4,-10.71614,-51.32138
2026/05/27 16:45:00,NOAA-20,Brasil,MATO GROSSO,MARCELÂNDIA,Amazônia,12.0,0.0,0.22,3.2,-10.91778,-54.12493
2026/05/27 16:45:00,NOAA-20,Brasil,MATO GROSSO,TABAPORÃ,Amazônia,9.0,0.0,0.38,9.7,-11.51809,-56.12078
2026/05/27 16:45:00,NOAA-20,Brasil,MATO GROSSO,CLÁUDIA,Amazônia,11.0,0.0,0.28,19.5,-11.74632,-54.78999
2026/05/27 16:45:00,NOAA-20,Brasil,MATO GROSSO,LAMBARI D'OESTE,Amazônia,5.0,0.0,0.82,5.1,-15.38794,-57.58619
2026/05/27 16:45:00,NOAA-20,Brasil,MATO GROSSO,MARCELÂNDIA,Amazônia,22.0,0.0,0.29,6.1,-10.85163,-53.75006
2026/05/27 16:45:00,NOAA-20,Brasil,MATO GROSSO,TABAPORÃ,Amazônia,9.0,0.0,0.4,5.8,-11.51304,-56.12142
2026/05/27 16:45:00,NOAA-20,Brasil,MATO GROSSO,PORTO DOS GAÚCHOS,Amazônia,9.0,0.0,0.27,5.7,-11.54969,-56.93358
2026/05/27 16:45:00,NOAA-20,Brasil,MATO GROSSO,ITAÚBA,Amazônia,9.0,0.0,0.47,3.8,-11.07565,-55.05321
2026/05/27 16:45:00,NOAA-20,Brasil,MATO GROSSO,ITANHANGÁ,Amazônia,11.0,0.0,0.32,3.1,-12.18327,-56.4481
2026/05/27 16:45:00,NOAA-20,Brasil,MATO GROSSO,LAMBARI D'OESTE,Amazônia,5.0,0.0,0.7,5.7,-15.38715,-57.58423
2026/05/27 16:45:00,NOAA-20,Brasil,MATO GROSSO,CLÁUDIA,Amazônia,11.0,0.0,0.28,6.0,-11.73683,-54.79708
2026/05/27 16:45:00,NOAA-20,Brasil,MATO GROSSO,SÃO FÉLIX DO ARAGUAIA,Amazônia,12.0,0.0,0.27,6.6,-11.47463,-52.92105
2026/05/27 16:45:00,NOAA-20,Brasil,MATO GROSSO,PORTO DOS GAÚCHOS,Amazônia,9.0,0.0,0.27,8.5,-11.55012,-56.93698
2026/05/27 16:45:00,NOAA-20,Brasil,MATO GROSSO,CLÁUDIA,Amazônia,11.0,0.0,0.28,6.0,-11.7322,-54.79774
2026/05/27 16:45:00,NOAA-20,Brasil,MATO GROSSO,UNIÃO DO SUL,Amazônia,25.0,0.0,0.22,5.4,-11.27745,-53.97108
2026/05/27 16:45:00,NOAA-20,Brasil,MATO GROSSO,VILA RICA,Amazônia,28.0,0.0,0.67,10.6,-10.05098,-51.68157
2026/05/27 16:45:00,NOAA-20,Brasil,MATO GROSSO,JUARA,Amazônia,10.0,0.0,0.3,5.5,-11.90419,-57.78261
2026/05/27 16:45:00,NOAA-20,Brasil,MATO GROSSO,NOVA MARINGÁ,Amazônia,11.0,0.1,0.27,16.6,-11.81476,-57.35299
2026/05/27 16:45:00,NOAA-20,Brasil,MATO GROSSO,PORTO DOS GAÚCHOS,Amazônia,9.0,0.0,0.27,4.3,-11.53376,-56.98017
2026/05/27 16:45:00,NOAA-20,Brasil,MATO GROSSO,CONFRESA,Amazônia,12.0,0.0,1.0,2.2,-10.50079,-51.86158
2026/05/27 16:45:00,NOAA-20,Brasil,MATO GROSSO,CLÁUDIA,Amazônia,11.0,0.0,0.28,7.6,-11.74145,-54.79648
2026/05/27 16:45:00,NOAA-20,Brasil,MATO GROSSO,QUERÊNCIA,Amazônia,12.0,0.0,0.23,7.1,-12.29975,-52.4863
2026/05/27 16:45:00,NOAA-20,Brasil,MATO GROSSO,PORTO DOS GAÚCHOS,Amazônia,10.0,0.0,0.31,10.2,-11.78904,-57.01111
2026/05/27 16:45:00,NOAA-20,Brasil,MATO GROSSO,TABAPORÃ,Amazônia,8.0,0.0,0.42,4.1,-11.55572,-56.33979
2026/05/27 16:45:00,NOAA-20,Brasil,MATO GROSSO,NOVA UBIRATÃ,Amazônia,11.0,0.59,0.26,5.2,-12.54639,-54.59407
2026/05/27 16:45:00,NOAA-20,Brasil,MATO GROSSO,SÃO FÉLIX DO ARAGUAIA,Amazônia,11.0,0.0,0.28,5.4,-11.35544,-52.95959
2026/05/27 16:45:00,NOAA-20,Brasil,MATO GROSSO,PARANATINGA,Amazônia,10.0,0.3,0.36,8.9,-13.37666,-54.26798
2026/05/27 16:48:00,NOAA-20,Brasil,MARANHÃO,VIANA,Amazônia,2.0,0.2,0.04,4.4,-2.93654,-45.11259
2026/05/27 16:48:00,NOAA-20,Brasil,PARÁ,SÃO FÉLIX DO XINGU,Amazônia,10.0,0.0,1.0,7.4,-6.38587,-51.60661
2026/05/27 16:48:00,NOAA-20,Brasil,AMAZONAS,MANICORÉ,Amazônia,8.0,0.0,0.92,5.4,-7.86431,-61.4908
2026/05/27 16:48:00,NOAA-20,Brasil,MARANHÃO,BOM JESUS DAS SELVAS,Amazônia,8.0,0.0,0.89,3.3,-4.69037,-46.83714
2026/05/27 16:48:00,NOAA-20,Brasil,MARANHÃO,ITINGA DO MARANHÃO,Amazônia,9.0,0.0,0.78,11.5,-4.08762,-47.30902
2026/05/27 16:48:00,NOAA-20,Brasil,PARÁ,SÃO FÉLIX DO XINGU,Amazônia,4.0,0.0,0.15,2.3,-5.41378,-51.20855
2026/05/27 16:48:00,NOAA-20,Brasil,PARÁ,SÃO FÉLIX DO XINGU,Amazônia,6.0,0.0,0.86,5.8,-5.39376,-50.79167
2026/05/27 16:48:00,NOAA-20,Brasil,PARÁ,ANAPU,Amazônia,3.0,0.0,0.14,2.7,-3.77083,-51.40538
2026/05/27 16:48:00,NOAA-20,Brasil,MARANHÃO,SANTA LUZIA,Amazônia,8.0,0.0,0.68,7.1,-3.83925,-45.78193
2026/05/27 16:48:00,NOAA-20,Brasil,PARÁ,TRAIRÃO,Amazônia,2.0,0.0,0.0,3.2,-4.67381,-55.92492
2026/05/27 16:48:00,NOAA-20,Brasil,PARÁ,ITAITUBA,Amazônia,4.0,0.0,0.03,10.7,-6.413,-55.97635
2026/05/27 16:48:00,NOAA-20,Brasil,PARÁ,RURÓPOLIS,Amazônia,2.0,0.0,0.12,3.5,-4.15914,-54.98203
2026/05/27 16:48:00,NOAA-20,Brasil,PARÁ,ANAPU,Amazônia,3.0,0.0,0.22,3.2,-3.76796,-51.40952
2026/05/27 16:48:00,NOAA-20,Brasil,PARÁ,SÃO FÉLIX DO XINGU,Amazônia,4.0,0.0,0.14,7.2,-5.27749,-50.94849
2026/05/27 16:48:00,NOAA-20,Brasil,MARANHÃO,SANTA LUZIA,Amazônia,8.0,0.0,0.68,5.8,-3.83996,-45.78638
2026/05/27 16:48:00,NOAA-20,Brasil,PARÁ,ANAPU,Amazônia,3.0,0.0,0.24,3.2,-3.76741,-51.4059
2026/05/27 16:48:00,NOAA-20,Brasil,PARÁ,GOIANÉSIA DO PARÁ,Amazônia,7.0,0.0,0.04,4.7,-3.9379,-48.44487
2026/05/27 16:48:00,NOAA-20,Brasil,PARÁ,PLACAS,Amazônia,2.0,0.0,0.01,3.9,-3.43562,-54.52302
2026/05/27 16:48:00,NOAA-20,Brasil,PARÁ,ITAITUBA,Amazônia,4.0,0.0,0.03,10.5,-6.41431,-55.97821
2026/05/27 16:48:00,NOAA-20,Brasil,PARÁ,SÃO FÉLIX DO XINGU,Amazônia,6.0,0.0,0.91,5.8,-5.39715,-50.79115
2026/05/27 16:48:00,NOAA-20,Brasil,MARANHÃO,ITINGA DO MARANHÃO,Amazônia,9.0,0.0,0.79,11.5,-4.09107,-47.3085
2026/05/27 16:48:00,NOAA-20,Brasil,PARÁ,AVEIRO,Amazônia,2.0,0.0,0.0,7.0,-3.90968,-55.74077
2026/05/27 16:48:00,NOAA-20,Brasil,PARÁ,AVEIRO,Amazônia,2.0,0.0,0.0,5.9,-3.90953,-55.7408
2026/05/27 16:48:00,NOAA-20,Brasil,PARÁ,SÃO FÉLIX DO XINGU,Amazônia,11.0,0.0,0.09,2.8,-6.4443,-51.70787
2026/05/27 16:48:00,NOAA-20,Brasil,MARANHÃO,BACABAL,Amazônia,9.0,0.0,0.79,5.1,-4.24206,-44.88681
2026/05/27 16:48:00,NOAA-20,Brasil,PARÁ,FLORESTA DO ARAGUAIA,Amazônia,12.0,0.0,0.89,4.6,-7.48342,-49.75831
2026/05/27 16:48:00,NOAA-20,Brasil,PARÁ,CONCEIÇÃO DO ARAGUAIA,Amazônia,11.0,0.0,1.0,3.1,-8.30551,-49.40532
2026/05/27 16:48:00,NOAA-20,Brasil,AMAZONAS,MANICORÉ,Amazônia,9.0,0.0,0.76,8.6,-8.26643,-61.61354
2026/05/27 16:48:00,NOAA-20,Brasil,TOCANTINS,ARAGUAÍNA,Amazônia,12.0,0.0,1.0,11.1,-7.43347,-49.0202
2026/05/27 16:48:00,NOAA-20,Brasil,AMAZONAS,MANICORÉ,Amazônia,9.0,0.0,0.77,6.1,-8.29865,-61.64826
2026/05/27 16:48:00,NOAA-20,Brasil,PARÁ,SANTA MARIA DAS BARREIRAS,Amazônia,15.0,0.0,1.0,9.2,-8.80193,-50.49374
2026/05/27 16:48:00,NOAA-20,Brasil,PARÁ,CUMARU DO NORTE,Amazônia,14.0,0.0,1.0,31.2,-8.52548,-51.57618
2026/05/27 16:48:00,NOAA-20,Brasil,AMAZONAS,MANICORÉ,Amazônia,9.0,0.0,0.74,13.7,-8.35457,-61.64798
2026/05/27 16:48:00,NOAA-20,Brasil,AMAZONAS,MANICORÉ,Amazônia,9.0,0.0,0.76,2.1,-8.29785,-61.64183
2026/05/27 16:48:00,NOAA-20,Brasil,PARÁ,CUMARU DO NORTE,Amazônia,12.0,0.0,0.74,7.6,-8.89999,-51.87273
2026/05/27 16:48:00,NOAA-20,Brasil,PARÁ,SAPUCAIA,Amazônia,10.0,0.0,1.0,4.3,-6.76752,-49.50633
2026/05/27 16:48:00,NOAA-20,Brasil,AMAZONAS,MANICORÉ,Amazônia,8.0,0.0,0.72,48.3,-8.38881,-61.86114
2026/05/27 16:48:00,NOAA-20,Brasil,AMAZONAS,MANICORÉ,Amazônia,9.0,0.0,0.77,16.7,-8.29176,-61.64907
2026/05/27 16:48:00,NOAA-20,Brasil,AMAZONAS,MANICORÉ,Amazônia,9.0,0.0,0.73,8.3,-8.36186,-61.64901
2026/05/27 16:48:00,NOAA-20,Brasil,PARÁ,SÃO FÉLIX DO XINGU,Amazônia,14.0,0.0,0.7,3.6,-8.8858,-51.77338
2026/05/27 16:48:00,NOAA-20,Brasil,PARÁ,SANTA MARIA DAS BARREIRAS,Amazônia,13.0,0.0,0.7,6.8,-8.4372,-49.71299
2026/05/27 16:48:00,NOAA-20,Brasil,PARÁ,CUMARU DO NORTE,Amazônia,9.0,0.0,0.56,4.2,-7.68067,-51.04988
2026/05/27 16:48:00,NOAA-20,Brasil,TOCANTINS,ARAGUAÍNA,Amazônia,12.0,0.0,1.0,3.5,-7.43294,-49.01673
2026/05/27 16:48:00,NOAA-20,Brasil,PARÁ,ÁGUA AZUL DO NORTE,Amazônia,11.0,0.0,1.0,3.5,-6.53504,-50.3732
2026/05/27 16:48:00,NOAA-20,Brasil,PARÁ,CUMARU DO NORTE,Amazônia,12.0,0.0,0.74,6.0,-8.89202,-51.86956
2026/05/27 16:48:00,NOAA-20,Brasil,PARÁ,SÃO GERALDO DO ARAGUAIA,Amazônia,9.0,0.0,0.61,4.6,-6.24585,-48.46449
2026/05/27 16:48:00,NOAA-20,Brasil,AMAZONAS,MANICORÉ,Amazônia,8.0,0.0,0.74,19.6,-8.35497,-61.64991
2026/05/27 16:48:00,NOAA-20,Brasil,PARÁ,OURILÂNDIA DO NORTE,Amazônia,11.0,0.0,0.53,3.3,-7.69427,-51.74045
2026/05/27 16:48:00,NOAA-20,Brasil,PARÁ,OURILÂNDIA DO NORTE,Amazônia,11.0,0.0,0.46,4.5,-8.21103,-52.03509
2026/05/27 16:48:00,NOAA-20,Brasil,AMAZONAS,MANICORÉ,Amazônia,8.0,0.0,0.77,5.1,-8.27188,-61.65798
2026/05/27 16:48:00,NOAA-20,Brasil,PARÁ,OURILÂNDIA DO NORTE,Amazônia,11.0,0.0,0.4,8.1,-8.34768,-51.92408
2026/05/27 16:48:00,NOAA-20,Brasil,PARÁ,OURILÂNDIA DO NORTE,Amazônia,11.0,0.0,0.31,9.9,-8.35014,-51.91507
2026/05/27 16:48:00,NOAA-20,Brasil,PARÁ,OURILÂNDIA DO NORTE,Amazônia,11.0,0.0,0.44,4.3,-8.17243,-52.05428
2026/05/27 16:48:00,NOAA-20,Brasil,PARÁ,SANTA MARIA DAS BARREIRAS,Amazônia,15.0,0.0,1.0,17.7,-8.80538,-50.49324
2026/05/27 16:48:00,NOAA-20,Brasil,PARÁ,OURILÂNDIA DO NORTE,Amazônia,11.0,0.0,0.44,9.9,-8.34647,-51.91558
2026/05/27 16:48:00,NOAA-20,Brasil,PARÁ,CUMARU DO NORTE,Amazônia,14.0,0.0,1.0,53.9,-8.52247,-51.5809
2026/05/27 16:48:00,NOAA-20,Brasil,PARÁ,CUMARU DO NORTE,Amazônia,9.0,0.0,0.41,2.6,-7.68011,-51.04606
2026/05/27 16:48:00,NOAA-20,Brasil,PARÁ,CUMARU DO NORTE,Amazônia,9.0,0.0,0.56,4.2,-7.68122,-51.05371
2026/05/27 16:48:00,NOAA-20,Brasil,AMAZONAS,MANICORÉ,Amazônia,9.0,0.0,0.65,9.7,-8.25874,-61.60773
2026/05/27 16:48:00,NOAA-20,Brasil,PARÁ,CUMARU DO NORTE,Amazônia,9.0,0.0,0.56,3.7,-7.68168,-51.10606
2026/05/27 16:48:00,NOAA-20,Brasil,PARÁ,OURILÂNDIA DO NORTE,Amazônia,11.0,0.0,0.46,8.3,-8.20433,-52.04073
2026/05/27 16:48:00,NOAA-20,Brasil,AMAZONAS,MANICORÉ,Amazônia,9.0,0.0,0.73,13.7,-8.36145,-61.64709
2026/05/27 16:48:00,NOAA-20,Brasil,AMAZONAS,MANICORÉ,Amazônia,8.0,0.0,0.78,4.6,-8.26501,-61.65895
2026/05/27 16:48:00,NOAA-20,Brasil,AMAZONAS,MANICORÉ,Amazônia,8.0,0.0,0.72,23.8,-8.38797,-61.8546
2026/05/27 16:48:00,NOAA-20,Brasil,PARÁ,OURILÂNDIA DO NORTE,Amazônia,12.0,0.0,0.54,5.0,-7.66311,-51.72845
2026/05/27 16:48:00,NOAA-20,Brasil,AMAZONAS,MANICORÉ,Amazônia,9.0,0.0,0.74,26.0,-8.31592,-61.61562
2026/05/27 16:48:00,NOAA-20,Brasil,AMAZONAS,MANICORÉ,Amazônia,9.0,0.0,0.64,7.4,-8.25774,-61.60755
2026/05/27 16:48:00,NOAA-20,Brasil,PARÁ,OURILÂNDIA DO NORTE,Amazônia,11.0,0.0,0.61,3.6,-7.64445,-51.6628
2026/05/27 16:48:00,NOAA-20,Brasil,PARÁ,SÃO FÉLIX DO XINGU,Amazônia,12.0,0.0,0.74,4.1,-8.89753,-51.88189
2026/05/27 16:48:00,NOAA-20,Brasil,PARÁ,CUMARU DO NORTE,Amazônia,9.0,0.0,0.56,5.6,-7.67772,-51.05414
2026/05/27 16:48:00,NOAA-20,Brasil,PARÁ,ÁGUA AZUL DO NORTE,Amazônia,11.0,0.0,1.0,3.6,-6.53842,-50.37268
2026/05/27 16:48:00,NOAA-20,Brasil,AMAZONAS,MANICORÉ,Amazônia,9.0,0.0,0.73,19.6,-8.3542,-61.64351
2026/05/27 16:48:00,NOAA-20,Brasil,AMAZONAS,MANICORÉ,Amazônia,8.0,0.0,0.77,5.9,-8.27121,-61.65771
2026/05/27 16:48:00,NOAA-20,Brasil,PARÁ,CUMARU DO NORTE,Amazônia,13.0,0.0,0.68,29.0,-8.54588,-51.5136
2026/05/27 16:48:00,NOAA-20,Brasil,AMAZONAS,MANICORÉ,Amazônia,8.0,0.0,0.71,10.4,-8.4109,-61.82041
2026/05/27 16:48:00,NOAA-20,Brasil,PARÁ,SANTA MARIA DAS BARREIRAS,Amazônia,13.0,0.0,0.75,12.7,-8.43901,-49.71229
2026/05/27 16:48:00,NOAA-20,Brasil,PARÁ,SÃO FÉLIX DO XINGU,Amazônia,14.0,0.0,0.71,4.1,-8.88828,-51.79075
2026/05/27 16:48:00,NOAA-20,Brasil,PARÁ,CUMARU DO NORTE,Amazônia,12.0,0.0,0.74,3.3,-8.89507,-51.86457
2026/05/27 16:48:00,NOAA-20,Brasil,PARÁ,OURILÂNDIA DO NORTE,Amazônia,11.0,0.0,0.46,8.3,-8.20065,-52.04132
2026/05/27 16:48:00,NOAA-20,Brasil,AMAZONAS,MANICORÉ,Amazônia,9.0,0.0,0.76,12.9,-8.28016,-61.61182
2026/05/27 16:48:00,NOAA-20,Brasil,PARÁ,CUMARU DO NORTE,Amazônia,14.0,0.0,1.0,3.1,-8.52908,-51.57564
2026/05/27 16:48:00,NOAA-20,Brasil,PARÁ,SÃO GERALDO DO ARAGUAIA,Amazônia,9.0,0.0,0.65,6.4,-6.24917,-48.46399
2026/05/27 16:48:00,NOAA-20,Brasil,PARÁ,CUMARU DO NORTE,Amazônia,12.0,0.0,0.74,10.7,-8.89385,-51.88242
2026/05/27 16:48:00,NOAA-20,Brasil,PARÁ,CUMARU DO NORTE,Amazônia,9.0,0.0,0.56,2.6,-7.68111,-51.10212
2026/05/27 16:48:00,NOAA-20,Brasil,AMAZONAS,MANICORÉ,Amazônia,9.0,0.0,0.74,25.4,-8.31669,-61.62205
2026/05/27 16:48:00,NOAA-20,Brasil,PARÁ,OURILÂNDIA DO NORTE,Amazônia,11.0,0.0,0.46,3.1,-8.22321,-52.01557
2026/05/27 16:48:00,NOAA-20,Brasil,AMAZONAS,MANICORÉ,Amazônia,8.0,0.0,0.72,36.5,-8.38784,-61.86354
2026/05/27 16:48:00,NOAA-20,Brasil,PARÁ,SÃO FÉLIX DO XINGU,Amazônia,14.0,0.0,0.71,4.1,-8.8889,-51.79509
2026/05/27 16:48:00,NOAA-20,Brasil,PARÁ,OURILÂNDIA DO NORTE,Amazônia,11.0,0.0,0.44,3.9,-8.16937,-52.05912
2026/05/27 16:48:00,NOAA-20,Brasil,PARÁ,SÃO GERALDO DO ARAGUAIA,Amazônia,10.0,0.0,0.75,3.0,-6.22929,-48.46701
2026/05/27 16:48:00,NOAA-20,Brasil,PARÁ,SÃO FÉLIX DO XINGU,Amazônia,13.0,0.0,0.74,2.2,-8.90854,-51.85373
2026/05/27 16:48:00,NOAA-20,Brasil,PARÁ,CUMARU DO NORTE,Amazônia,9.0,0.0,0.4,2.6,-7.68362,-51.04572
2026/05/27 16:48:00,NOAA-20,Brasil,PARÁ,OURILÂNDIA DO NORTE,Amazônia,11.0,0.0,0.61,2.6,-7.64641,-51.66317
2026/05/27 16:48:00,NOAA-20,Brasil,PARÁ,CUMARU DO NORTE,Amazônia,9.0,0.0,0.56,2.3,-7.68286,-51.08955
2026/05/27 16:48:00,NOAA-20,Brasil,AMAZONAS,MANICORÉ,Amazônia,8.0,0.0,0.72,39.0,-8.38704,-61.85697
2026/05/27 16:48:00,NOAA-20,Brasil,PARÁ,OURILÂNDIA DO NORTE,Amazônia,11.0,0.0,0.46,4.5,-8.20736,-52.03572
2026/05/27 16:48:00,NOAA-20,Brasil,PARÁ,OURILÂNDIA DO NORTE,Amazônia,11.0,0.0,0.58,3.5,-7.66848,-51.68913
2026/05/27 16:48:00,NOAA-20,Brasil,AMAZONAS,MANICORÉ,Amazônia,8.0,0.0,0.78,4.6,-8.26423,-61.6526
2026/05/27 16:48:00,NOAA-20,Brasil,PARÁ,SANTA MARIA DAS BARREIRAS,Amazônia,13.0,0.0,0.61,6.2,-8.43848,-49.7087
2026/05/27 16:48:00,NOAA-20,Brasil,AMAZONAS,MANICORÉ,Amazônia,8.0,0.0,0.73,6.8,-8.35285,-61.8078
2026/05/27 16:48:00,NOAA-20,Brasil,AMAZONAS,MANICORÉ,Amazônia,8.0,0.0,0.77,5.1,-8.27877,-61.65715
2026/05/27 16:48:00,NOAA-20,Brasil,AMAZONAS,MANICORÉ,Amazônia,9.0,0.0,0.53,6.5,-8.17408,-61.49585
2026/05/27 16:48:00,NOAA-20,Brasil,PARÁ,CUMARU DO NORTE,Amazônia,9.0,0.0,0.56,2.6,-7.68459,-51.10149
2026/05/27 16:48:00,NOAA-20,Brasil,PARÁ,CUMARU DO NORTE,Amazônia,14.0,0.0,1.0,31.2,-8.52187,-51.57671
2026/05/27 16:48:00,NOAA-20,Brasil,AMAZONAS,MANICORÉ,Amazônia,9.0,0.0,0.61,7.4,-8.26463,-61.60684
2026/05/27 16:48:00,NOAA-20,Brasil,TOCANTINS,ARAGUAÍNA,Amazônia,12.0,0.0,1.0,6.7,-7.43016,-49.02071
2026/05/27 16:48:00,NOAA-20,Brasil,PARÁ,OURILÂNDIA DO NORTE,Amazônia,11.0,0.0,0.29,9.9,-8.35074,-51.9193
2026/05/27 16:48:00,NOAA-20,Brasil,PARÁ,CUMARU DO NORTE,Amazônia,13.0,0.0,0.97,29.0,-8.54528,-51.50946
2026/05/27 16:48:00,NOAA-20,Brasil,PARÁ,CUMARU DO NORTE,Amazônia,9.0,0.0,0.56,5.6,-7.67716,-51.0503
2026/05/27 16:48:00,NOAA-20,Brasil,AMAZONAS,MANICORÉ,Amazônia,8.0,0.0,0.74,3.8,-8.32361,-61.73607
2026/05/27 16:48:00,NOAA-20,Brasil,PARÁ,SÃO FÉLIX DO XINGU,Amazônia,12.0,0.0,0.74,4.1,-8.89448,-51.88686
2026/05/27 16:48:00,NOAA-20,Brasil,AMAZONAS,MANICORÉ,Amazônia,8.0,0.0,0.78,5.9,-8.26434,-61.65866
2026/05/27 16:48:00,NOAA-20,Brasil,PARÁ,CUMARU DO NORTE,Amazônia,9.0,0.0,0.56,2.6,-7.68402,-51.09755
2026/05/27 16:48:00,NOAA-20,Brasil,PARÁ,CUMARU DO NORTE,Amazônia,10.0,0.0,0.75,6.2,-8.41236,-51.33942
2026/05/27 16:48:00,NOAA-20,Brasil,PARÁ,CUMARU DO NORTE,Amazônia,12.0,0.0,0.74,3.3,-8.89874,-51.86399
2026/05/27 16:48:00,NOAA-20,Brasil,PARÁ,SÃO GERALDO DO ARAGUAIA,Amazônia,11.0,0.0,1.0,5.8,-6.20445,-48.57015
2026/05/27 16:48:00,NOAA-20,Brasil,AMAZONAS,MANICORÉ,Amazônia,9.0,0.0,0.73,13.7,-8.35376,-61.64163
2026/05/27 16:48:00,NOAA-20,Brasil,AMAZONAS,MANICORÉ,Amazônia,9.0,0.0,0.74,33.0,-8.31608,-61.62005
2026/05/27 16:50:00,NOAA-20,Brasil,PARÁ,CAMETÁ,Amazônia,0.0,1.46,0.0,5.1,-2.21477,-49.69385
2026/05/27 16:50:00,NOAA-20,Brasil,PARÁ,ABAETETUBA,Amazônia,0.0,3.5,0.0,4.3,-1.84325,-48.83944
2026/05/27 16:50:00,NOAA-20,Brasil,PARÁ,BREVES,Amazônia,-999.0,0.0,0.0,2.2,-1.66083,-50.44616
2026/05/27 16:50:00,NOAA-20,Brasil,PARÁ,CAMETÁ,Amazônia,0.0,2.56,-999.0,2.6,-2.2566,-49.52174
2026/05/27 16:50:00,NOAA-20,Brasil,PARÁ,ACARÁ,Amazônia,0.0,1.5,0.0,5.3,-2.03377,-48.53068
2026/05/27 16:50:00,NOAA-20,Brasil,PARÁ,MOJUÍ DOS CAMPOS,Amazônia,2.0,0.0,0.01,6.5,-3.14885,-54.66703
2026/05/27 17:00:00,GOES-19,Brasil,PARÁ,SÃO FÉLIX DO XINGU,Amazônia,12.0,0.0,0.74,53.6,-8.9058,-51.8831
2026/05/27 17:30:00,GOES-19,Brasil,PARÁ,CUMARU DO NORTE,Amazônia,9.0,0.0,0.56,48.8,-7.6803,-51.1
2026/05/27 17:34:00,NOAA-21,Brasil,MATO GROSSO,ARIPUANÃ,Amazônia,9.0,0.0,0.28,2.8,-10.6706,-58.95776
2026/05/27 17:34:00,NOAA-21,Brasil,MATO GROSSO,SÃO FÉLIX DO ARAGUAIA,Amazônia,12.0,0.0,0.27,11.0,-11.47207,-52.92477
2026/05/27 17:34:00,NOAA-21,Brasil,MATO GROSSO,SÃO FÉLIX DO ARAGUAIA,Amazônia,12.0,0.0,0.27,5.3,-11.46553,-52.91552
2026/05/27 17:34:00,NOAA-21,Brasil,PARÁ,SANTANA DO ARAGUAIA,Amazônia,21.0,0.0,0.9,9.0,-9.59461,-50.98824
2026/05/27 17:34:00,NOAA-21,Brasil,MATO GROSSO,CONFRESA,Amazônia,12.0,0.0,1.0,3.3,-10.49876,-51.86921
2026/05/27 17:34:00,NOAA-21,Brasil,MATO GROSSO,PORTO DOS GAÚCHOS,Amazônia,10.0,0.0,0.31,22.1,-11.78716,-57.01125
2026/05/27 17:34:00,NOAA-21,Brasil,MATO GROSSO,CLÁUDIA,Amazônia,12.0,0.0,0.39,6.3,-11.46605,-55.11902
2026/05/27 17:34:00,NOAA-21,Brasil,MATO GROSSO,CLÁUDIA,Amazônia,11.0,0.0,0.34,6.8,-11.45263,-55.11387
2026/05/27 17:34:00,NOAA-21,Brasil,MATO GROSSO,TABAPORÃ,Amazônia,9.0,0.0,0.26,4.5,-11.03679,-56.92121
2026/05/27 17:34:00,NOAA-21,Brasil,MATO GROSSO,UNIÃO DO SUL,Amazônia,26.0,0.0,0.22,6.9,-11.27554,-53.96836
2026/05/27 17:34:00,NOAA-21,Brasil,PARÁ,SÃO FÉLIX DO XINGU,Amazônia,14.0,0.0,0.73,8.1,-8.91628,-51.82252
2026/05/27 17:34:00,NOAA-21,Brasil,MATO GROSSO,CLÁUDIA,Amazônia,11.0,0.0,0.44,10.1,-11.73854,-54.80599
2026/05/27 17:34:00,NOAA-21,Brasil,MATO GROSSO,GAÚCHA DO NORTE,Amazônia,29.0,0.0,0.94,23.4,-12.461,-53.11254
2026/05/27 17:34:00,NOAA-21,Brasil,PARÁ,SANTANA DO ARAGUAIA,Amazônia,17.0,0.0,1.0,8.5,-9.57566,-51.04058
2026/05/27 17:34:00,NOAA-21,Brasil,MATO GROSSO,PORTO ESPERIDIÃO,Pantanal,6.0,0.0,1.0,5.9,-15.80313,-58.63657
2026/05/27 17:34:00,NOAA-21,Brasil,MATO GROSSO,CÁCERES,Pantanal,8.0,0.0,0.33,6.8,-16.16249,-58.47553
2026/05/27 17:34:00,NOAA-21,Brasil,MATO GROSSO,NOVA MARINGÁ,Amazônia,10.0,0.0,0.28,10.3,-12.55038,-57.21904
2026/05/27 17:34:00,NOAA-21,Brasil,MATO GROSSO,TABAPORÃ,Amazônia,9.0,0.0,0.38,16.2,-11.51502,-56.12038
2026/05/27 17:34:00,NOAA-21,Brasil,MATO GROSSO,ARIPUANÃ,Amazônia,9.0,0.0,0.85,3.8,-10.28309,-58.92986
2026/05/27 17:34:00,NOAA-21,Brasil,MATO GROSSO,NOVA MARINGÁ,Amazônia,11.0,0.1,0.26,7.8,-11.80277,-57.35297
2026/05/27 17:34:00,NOAA-21,Brasil,MATO GROSSO,UNIÃO DO SUL,Amazônia,26.0,0.0,0.23,6.9,-11.27479,-53.96407
2026/05/27 17:34:00,NOAA-21,Brasil,MATO GROSSO,VILA RICA,Amazônia,28.0,0.0,0.4,8.7,-10.05369,-51.67914
2026/05/27 17:34:00,NOAA-21,Brasil,MATO GROSSO,SÃO FÉLIX DO ARAGUAIA,Amazônia,11.0,0.0,0.28,19.9,-11.35823,-52.96097
2026/05/27 17:34:00,NOAA-21,Brasil,MATO GROSSO,BRASNORTE,Amazônia,8.0,0.02,0.85,25.0,-11.6386,-58.24363
2026/05/27 17:34:00,NOAA-21,Brasil,RONDÔNIA,ALTA FLORESTA D'OESTE,Amazônia,9.0,0.0,0.34,5.2,-12.59969,-62.22994
2026/05/27 17:34:00,NOAA-21,Brasil,MATO GROSSO,NOVA MARINGÁ,Amazônia,10.0,0.1,0.33,5.3,-12.30745,-57.17789
2026/05/27 17:34:00,NOAA-21,Brasil,MATO GROSSO,SÃO FÉLIX DO ARAGUAIA,Amazônia,11.0,0.0,0.28,7.3,-11.35521,-52.96
2026/05/27 17:34:00,NOAA-21,Brasil,MATO GROSSO,PORTO DOS GAÚCHOS,Amazônia,10.0,0.0,0.31,22.1,-11.79079,-57.01065
2026/05/27 17:34:00,NOAA-21,Brasil,MATO GROSSO,GAÚCHA DO NORTE,Amazônia,29.0,0.0,0.98,11.5,-12.44735,-53.11512
2026/05/27 17:34:00,NOAA-21,Brasil,MATO GROSSO,CLÁUDIA,Amazônia,11.0,0.0,0.28,5.6,-11.729,-54.79992
2026/05/27 17:34:00,NOAA-21,Brasil,MATO GROSSO,POCONÉ,Pantanal,5.0,0.0,1.0,2.1,-16.33461,-56.7616
2026/05/27 17:34:00,NOAA-21,Brasil,PARÁ,SANTA MARIA DAS BARREIRAS,Amazônia,13.0,0.0,0.8,14.1,-8.43939,-49.71346
2026/05/27 17:34:00,NOAA-21,Brasil,MATO GROSSO,GAÚCHA DO NORTE,Amazônia,29.0,0.0,1.0,14.2,-12.4482,-53.11987
2026/05/27 17:34:00,NOAA-21,Brasil,MATO GROSSO,NOVA MARINGÁ,Amazônia,11.0,0.1,0.26,28.1,-11.80633,-57.35237
2026/05/27 17:34:00,NOAA-21,Brasil,MATO GROSSO,PARANATINGA,Amazônia,12.0,0.0,0.37,35.5,-12.7247,-54.19643
2026/05/27 17:34:00,NOAA-21,Brasil,MATO GROSSO,NOVA UBIRATÃ,Amazônia,11.0,0.32,0.42,9.2,-12.68325,-54.58164
2026/05/27 17:34:00,NOAA-21,Brasil,PARÁ,SÃO FÉLIX DO XINGU,Amazônia,14.0,0.0,0.71,4.6,-8.88976,-51.79661
2026/05/27 17:34:00,NOAA-21,Brasil,MATO GROSSO,PORTO DOS GAÚCHOS,Amazônia,9.0,0.0,0.27,11.2,-11.55654,-56.95555
2026/05/27 17:34:00,NOAA-21,Brasil,MATO GROSSO,GAÚCHA DO NORTE,Amazônia,29.0,0.0,0.96,18.1,-12.46182,-53.11412
2026/05/27 17:34:00,NOAA-21,Brasil,MATO GROSSO,CÁCERES,Pantanal,8.0,0.0,0.57,10.1,-16.16531,-58.49364
2026/05/27 17:34:00,NOAA-21,Brasil,MATO GROSSO,NOVA UBIRATÃ,Amazônia,12.0,0.0,0.31,9.4,-12.27846,-54.08313
2026/05/27 17:34:00,NOAA-21,Brasil,MATO GROSSO,PORTO DOS GAÚCHOS,Amazônia,10.0,0.0,0.31,11.9,-11.79441,-57.01005
2026/05/27 17:34:00,NOAA-21,Brasil,MATO GROSSO,SÃO JOSÉ DO XINGU,Amazônia,12.0,0.0,1.0,3.8,-10.56638,-52.24646
2026/05/27 17:34:00,NOAA-21,Brasil,MATO GROSSO,SÃO FÉLIX DO ARAGUAIA,Amazônia,12.0,0.0,0.27,11.0,-11.47115,-52.91973
2026/05/27 17:34:00,NOAA-21,Brasil,PARÁ,SÃO FÉLIX DO XINGU,Amazônia,12.0,0.0,0.74,7.2,-8.89525,-51.88631
2026/05/27 17:34:00,NOAA-21,Brasil,PARÁ,SANTA MARIA DAS BARREIRAS,Amazônia,13.0,0.0,0.62,14.1,-8.43853,-49.7088
2026/05/27 17:34:00,NOAA-21,Brasil,MATO GROSSO,SÃO JOSÉ DO XINGU,Amazônia,12.0,0.0,1.0,1.9,-10.56634,-52.24712
2026/05/27 17:34:00,NOAA-21,Brasil,PARÁ,SÃO FÉLIX DO XINGU,Amazônia,14.0,0.0,0.75,3.5,-8.94061,-51.83668
2026/05/27 17:34:00,NOAA-21,Brasil,MATO GROSSO,NOVA MARINGÁ,Amazônia,10.0,0.1,0.32,12.3,-12.30388,-57.1785
2026/05/27 17:34:00,NOAA-21,Brasil,MATO GROSSO,PORTO ESPERIDIÃO,Pantanal,4.0,0.0,1.0,2.8,-15.86016,-58.63074
2026/05/27 17:34:00,NOAA-21,Brasil,MATO GROSSO,PORTO DOS GAÚCHOS,Amazônia,9.0,0.0,0.53,8.8,-11.72824,-56.83546
2026/05/27 17:34:00,NOAA-21,Brasil,MATO GROSSO,PARANATINGA,Amazônia,10.0,0.3,0.36,9.8,-13.37775,-54.26962
2026/05/27 17:34:00,NOAA-21,Brasil,MATO GROSSO,PORTO ESPERIDIÃO,Pantanal,6.0,0.0,1.0,15.0,-15.80094,-58.64434
2026/05/27 17:34:00,NOAA-21,Brasil,MATO GROSSO,PORTO DOS GAÚCHOS,Amazônia,9.0,0.0,0.84,8.8,-11.73262,-56.83918
2026/05/27 17:34:00,NOAA-21,Brasil,MATO GROSSO,QUERÊNCIA,Amazônia,25.0,0.0,0.52,18.0,-12.00746,-52.29362
2026/05/27 17:34:00,NOAA-21,Brasil,MATO GROSSO,NOVA CANAÃ DO NORTE,Amazônia,8.0,0.0,1.0,7.5,-10.746,-55.71576
2026/05/27 17:34:00,NOAA-21,Brasil,PARÁ,SANTA MARIA DAS BARREIRAS,Amazônia,15.0,0.0,1.0,8.0,-8.79933,-50.49543
2026/05/27 17:34:00,NOAA-21,Brasil,MATO GROSSO,SÃO FÉLIX DO ARAGUAIA,Amazônia,12.0,0.0,0.27,8.7,-11.45933,-52.91951
2026/05/27 17:34:00,NOAA-21,Brasil,MATO GROSSO,PORTO ESPERIDIÃO,Pantanal,4.0,0.0,1.0,2.8,-15.86072,-58.63435
2026/05/27 17:34:00,NOAA-21,Brasil,MATO GROSSO,GAÚCHA DO NORTE,Amazônia,29.0,0.0,0.94,7.1,-12.43541,-53.12719
2026/05/27 17:34:00,NOAA-21,Brasil,MATO GROSSO,NOVA UBIRATÃ,Amazônia,12.0,0.0,0.31,14.2,-12.27492,-54.08813
2026/05/27 17:34:00,NOAA-21,Brasil,MATO GROSSO,SÃO FÉLIX DO ARAGUAIA,Amazônia,28.0,0.0,0.54,4.6,-11.67123,-51.68658
2026/05/27 17:34:00,NOAA-21,Brasil,MATO GROSSO,CANARANA,Amazônia,24.0,0.0,0.9,14.1,-13.34066,-52.92916
2026/05/27 17:34:00,NOAA-21,Brasil,MATO GROSSO,NOVA UBIRATÃ,Amazônia,12.0,0.0,0.31,17.9,-12.2792,-54.08734
2026/05/27 17:34:00,NOAA-21,Brasil,MATO GROSSO,PORTO DOS GAÚCHOS,Amazônia,11.0,0.0,0.3,14.1,-11.94349,-57.04329
2026/05/27 17:34:00,NOAA-21,Brasil,MATO GROSSO,NOVA UBIRATÃ,Amazônia,11.0,0.55,0.26,13.3,-12.54957,-54.58578
2026/05/27 17:34:00,NOAA-21,Brasil,PARÁ,SÃO FÉLIX DO XINGU,Amazônia,13.0,0.0,0.75,3.5,-8.91206,-51.85931
2026/05/27 17:34:00,NOAA-21,Brasil,MATO GROSSO,GAÚCHA DO NORTE,Amazônia,29.0,0.0,0.99,10.8,-12.45274,-53.11901
2026/05/27 17:34:00,NOAA-21,Brasil,MATO GROSSO,NOVA UBIRATÃ,Amazônia,11.0,0.56,0.26,5.2,-12.5489,-54.58197
2026/05/27 17:34:00,NOAA-21,Brasil,MATO GROSSO,PARANATINGA,Amazônia,10.0,0.3,0.36,26.8,-13.37708,-54.2658
2026/05/27 17:34:00,NOAA-21,Brasil,MATO GROSSO,JUARA,Amazônia,10.0,0.0,0.31,3.8,-11.87621,-57.82358
2026/05/27 17:34:00,NOAA-21,Brasil,MATO GROSSO,NOVA MARINGÁ,Amazônia,10.0,0.0,0.28,6.3,-12.54328,-57.22025
2026/05/27 17:34:00,NOAA-21,Brasil,MATO GROSSO,NOVA UBIRATÃ,Amazônia,11.0,0.58,0.26,10.8,-12.54678,-54.59412
2026/05/27 17:34:00,NOAA-21,Brasil,MATO GROSSO,NOVA MARINGÁ,Amazônia,10.0,0.0,0.28,6.3,-12.5426,-57.21614
2026/05/27 17:34:00,NOAA-21,Brasil,MATO GROSSO,MARCELÂNDIA,Amazônia,21.0,0.0,0.29,6.1,-10.87227,-53.73896
2026/05/27 17:34:00,NOAA-21,Brasil,MATO GROSSO,JUARA,Amazônia,10.0,0.0,0.31,11.5,-11.86229,-57.82597
2026/05/27 17:34:00,NOAA-21,Brasil,MATO GROSSO,MARCELÂNDIA,Amazônia,21.0,0.0,0.29,4.9,-10.87144,-53.73433
2026/05/27 17:34:00,NOAA-21,Brasil,MATO GROSSO,MARCELÂNDIA,Amazônia,12.0,0.0,0.45,4.6,-11.0092,-54.31194
2026/05/27 17:34:00,NOAA-21,Brasil,MATO GROSSO,GAÚCHA DO NORTE,Amazônia,29.0,0.0,0.98,15.6,-12.46549,-53.10854
2026/05/27 17:34:00,NOAA-21,Brasil,MATO GROSSO,GAÚCHA DO NORTE,Amazônia,29.0,0.0,0.98,27.1,-12.46184,-53.11729
2026/05/27 17:34:00,NOAA-21,Brasil,MATO GROSSO,BRASNORTE,Amazônia,8.0,0.04,1.0,3.6,-11.63982,-58.25126
2026/05/27 17:34:00,NOAA-21,Brasil,MATO GROSSO,CLÁUDIA,Amazônia,11.0,0.0,0.3,8.5,-11.74548,-54.79697
2026/05/27 17:34:00,NOAA-21,Brasil,MATO GROSSO,CANARANA,Amazônia,25.0,0.0,0.93,14.1,-13.3415,-52.93377
2026/05/27 17:34:00,NOAA-21,Brasil,MATO GROSSO,GAÚCHA DO NORTE,Amazônia,29.0,0.0,1.0,23.4,-12.46554,-53.11168
2026/05/27 17:34:00,NOAA-21,Brasil,MATO GROSSO,NOVA CANAÃ DO NORTE,Amazônia,8.0,0.0,1.0,5.6,-10.74936,-55.71801
2026/05/27 17:34:00,NOAA-21,Brasil,MATO GROSSO,PORTO DOS GAÚCHOS,Amazônia,9.0,0.0,0.27,9.2,-11.54865,-56.93038
2026/05/27 17:34:00,NOAA-21,Brasil,MATO GROSSO,CÁCERES,Pantanal,9.0,0.0,0.3,4.9,-16.16192,-58.47191
2026/05/27 17:34:00,NOAA-21,Brasil,MATO GROSSO,TABAPORÃ,Amazônia,9.0,0.0,0.38,16.2,-11.51964,-56.12453
2026/05/27 17:34:00,NOAA-21,Brasil,MATO GROSSO,BRASNORTE,Amazônia,8.0,0.04,0.93,3.6,-11.63921,-58.24745
2026/05/27 17:34:00,NOAA-21,Brasil,MATO GROSSO,CLÁUDIA,Amazônia,11.0,0.0,0.58,11.8,-11.74265,-54.8052
2026/05/27 17:34:00,NOAA-21,Brasil,PARÁ,CUMARU DO NORTE,Amazônia,12.0,0.0,0.74,5.0,-8.89625,-51.86202
2026/05/27 17:34:00,NOAA-21,Brasil,MATO GROSSO,CONFRESA,Amazônia,12.0,0.0,1.0,2.7,-10.50108,-51.86846
2026/05/27 17:34:00,NOAA-21,Brasil,MATO GROSSO,MARCELÂNDIA,Amazônia,11.0,0.0,0.34,19.8,-10.59935,-53.48052
2026/05/27 17:34:00,NOAA-21,Brasil,PARÁ,SANTA MARIA DAS BARREIRAS,Amazônia,14.0,0.0,1.0,6.2,-8.94567,-50.41204
2026/05/27 17:34:00,NOAA-21,Brasil,MATO GROSSO,PORTO DOS GAÚCHOS,Amazônia,9.0,0.0,0.29,7.2,-11.63878,-56.86238
2026/05/27 17:34:00,NOAA-21,Brasil,MATO GROSSO,PEIXOTO DE AZEVEDO,Amazônia,11.0,0.0,0.64,5.4,-10.54065,-53.54801
2026/05/27 17:34:00,NOAA-21,Brasil,MATO GROSSO,MARCELÂNDIA,Amazônia,11.0,0.0,0.31,19.8,-10.59848,-53.47572
2026/05/27 17:34:00,NOAA-21,Brasil,MATO GROSSO,MARCELÂNDIA,Amazônia,12.0,0.0,0.22,10.9,-10.91277,-54.1225
2026/05/27 17:34:00,NOAA-21,Brasil,PARÁ,SÃO FÉLIX DO XINGU,Amazônia,13.0,0.0,0.75,3.5,-8.91146,-51.856
2026/05/27 17:34:00,NOAA-21,Brasil,MATO GROSSO,NOVA MARINGÁ,Amazônia,10.0,0.0,0.28,11.0,-12.54057,-57.20382
2026/05/27 17:34:00,NOAA-21,Brasil,MATO GROSSO,PARANATINGA,Amazônia,10.0,0.3,0.36,7.4,-13.3819,-54.26886
2026/05/27 17:34:00,NOAA-21,Brasil,MATO GROSSO,NOVA MARINGÁ,Amazônia,11.0,0.1,0.26,7.8,-11.80345,-57.3571
2026/05/27 17:34:00,NOAA-21,Brasil,MATO GROSSO,CLÁUDIA,Amazônia,11.0,0.0,0.28,10.3,-11.72965,-54.80368
2026/05/27 17:34:00,NOAA-21,Brasil,PARÁ,SANTANA DO ARAGUAIA,Amazônia,21.0,0.0,0.87,5.7,-9.59448,-50.98781
2026/05/27 17:34:00,NOAA-21,Brasil,TOCANTINS,ITAPORÃ DO TOCANTINS,Amazônia,12.0,0.0,0.86,2.0,-8.48086,-48.71455
2026/05/27 17:34:00,NOAA-21,Brasil,MATO GROSSO,PORTO DOS GAÚCHOS,Amazônia,9.0,0.0,0.31,15.3,-11.72167,-56.84109
2026/05/27 17:34:00,NOAA-21,Brasil,MATO GROSSO,TAPURAH,Amazônia,11.0,0.0,0.41,10.0,-12.72328,-56.56366
2026/05/27 17:34:00,NOAA-21,Brasil,MATO GROSSO,GAÚCHA DO NORTE,Amazônia,29.0,0.0,0.92,12.1,-12.4519,-53.11427
2026/05/27 17:34:00,NOAA-21,Brasil,MATO GROSSO,PORTO ESPERIDIÃO,Pantanal,7.0,0.0,1.0,15.0,-15.79762,-58.64489
2026/05/27 17:34:00,NOAA-21,Brasil,MATO GROSSO,GAÚCHA DO NORTE,Amazônia,29.0,0.0,0.97,10.8,-12.45729,-53.11815
2026/05/27 17:34:00,NOAA-21,Brasil,MATO GROSSO,NOVA MARINGÁ,Amazônia,10.0,0.0,0.28,6.5,-12.54192,-57.21203
2026/05/27 17:34:00,NOAA-21,Brasil,MATO GROSSO,ARIPUANÃ,Amazônia,9.0,0.0,1.0,2.9,-10.30163,-59.11533
2026/05/27 17:34:00,NOAA-21,Brasil,MATO GROSSO,CLÁUDIA,Amazônia,11.0,0.0,0.28,8.5,-11.74483,-54.79318
2026/05/27 17:34:00,NOAA-21,Brasil,MATO GROSSO,BRASNORTE,Amazônia,8.0,0.07,1.0,3.7,-11.63638,-58.25182
2026/05/27 17:34:00,NOAA-21,Brasil,MATO GROSSO,SÃO FÉLIX DO ARAGUAIA,Amazônia,12.0,0.0,0.27,16.9,-11.46178,-52.92148
2026/05/27 17:34:00,NOAA-21,Brasil,MATO GROSSO,VILA RICA,Amazônia,28.0,0.0,0.38,4.4,-10.05949,-51.68133
2026/05/27 17:34:00,NOAA-21,Brasil,MATO GROSSO,PORTO DOS GAÚCHOS,Amazônia,9.0,0.0,0.27,16.0,-11.54936,-56.9347
2026/05/27 17:34:00,NOAA-21,Brasil,MATO GROSSO,NOVA MARINGÁ,Amazônia,10.0,0.0,0.82,2.0,-12.05364,-57.42109
2026/05/27 17:34:00,NOAA-21,Brasil,MATO GROSSO,PORTO DOS GAÚCHOS,Amazônia,10.0,0.0,0.31,22.1,-11.79148,-57.0149
2026/05/27 17:34:00,NOAA-21,Brasil,MATO GROSSO,PARANATINGA,Amazônia,12.0,0.0,0.41,13.6,-12.7254,-54.2004
2026/05/27 17:34:00,NOAA-21,Brasil,MATO GROSSO,GAÚCHA DO NORTE,Amazônia,29.0,0.0,0.93,18.1,-12.45727,-53.11498
2026/05/27 17:34:00,NOAA-21,Brasil,MATO GROSSO,BRASNORTE,Amazônia,8.0,0.01,0.67,25.0,-11.64203,-58.24306
2026/05/27 17:34:00,NOAA-21,Brasil,MATO GROSSO,SÃO FÉLIX DO ARAGUAIA,Amazônia,12.0,0.0,0.27,10.3,-11.44866,-52.92918
2026/05/27 17:34:00,NOAA-21,Brasil,MATO GROSSO,PORTO DOS GAÚCHOS,Amazônia,9.0,0.0,0.48,12.8,-11.72752,-56.83111
2026/05/27 17:34:00,NOAA-21,Brasil,MATO GROSSO,PORTO DOS GAÚCHOS,Amazônia,9.0,0.0,0.79,8.8,-11.7319,-56.83484
2026/05/27 17:34:00,NOAA-21,Brasil,MATO GROSSO,VILA RICA,Amazônia,28.0,0.0,0.82,5.5,-10.04907,-51.68339
2026/05/27 17:34:00,NOAA-21,Brasil,MATO GROSSO,GAÚCHA DO NORTE,Amazônia,29.0,0.0,0.91,18.1,-12.46094,-53.10939
2026/05/27 17:34:00,NOAA-21,Brasil,PARÁ,SÃO FÉLIX DO XINGU,Amazônia,14.0,0.0,0.71,3.8,-8.88916,-51.79333
2026/05/27 17:34:00,NOAA-21,Brasil,TOCANTINS,FORTALEZA DO TABOCÃO,Amazônia,13.0,0.0,1.0,4.5,-9.02268,-48.59983
2026/05/27 17:34:00,NOAA-21,Brasil,MATO GROSSO,PORTO ESPERIDIÃO,Pantanal,6.0,0.0,1.0,5.9,-15.80257,-58.63296
2026/05/27 17:34:00,NOAA-21,Brasil,MATO GROSSO,PARANATINGA,Amazônia,12.0,0.0,0.36,27.7,-12.72751,-54.18765
2026/05/27 17:34:00,NOAA-21,Brasil,PARÁ,SANTANA DO ARAGUAIA,Amazônia,20.0,0.0,1.0,5.7,-9.59516,-50.99142
2026/05/27 17:34:00,NOAA-21,Brasil,MATO GROSSO,PARANATINGA,Amazônia,10.0,0.3,0.36,18.7,-13.38122,-54.26504
2026/05/27 17:34:00,NOAA-21,Brasil,MATO GROSSO,ARIPUANÃ,Amazônia,9.0,0.0,1.0,11.0,-10.67958,-58.94871
2026/05/27 17:34:00,NOAA-21,Brasil,MATO GROSSO,SÃO FÉLIX DO ARAGUAIA,Amazônia,12.0,0.0,0.27,12.4,-11.45085,-52.92637
2026/05/27 17:34:00,NOAA-21,Brasil,MATO GROSSO,JUARA,Amazônia,10.0,0.0,0.31,20.6,-11.87209,-57.82026
2026/05/27 17:34:00,NOAA-21,Brasil,MATO GROSSO,QUERÊNCIA,Amazônia,12.0,0.0,0.23,18.6,-12.28919,-52.48034
2026/05/27 17:34:00,NOAA-21,Brasil,MATO GROSSO,VILA RICA,Amazônia,28.0,0.0,0.53,5.5,-10.05429,-51.68238
2026/05/27 17:34:00,NOAA-21,Brasil,PARÁ,SÃO FÉLIX DO XINGU,Amazônia,14.0,0.0,0.74,8.1,-8.91689,-51.8259
2026/05/27 17:34:00,NOAA-21,Brasil,MATO GROSSO,BRASNORTE,Amazônia,8.0,0.0,0.79,25.0,-11.63799,-58.23981
2026/05/27 17:34:00,NOAA-21,Brasil,MATO GROSSO,ARIPUANÃ,Amazônia,9.0,0.0,1.0,16.9,-10.68296,-58.94813
2026/05/27 17:34:00,NOAA-21,Brasil,MATO GROSSO,PORTO ESPERIDIÃO,Pantanal,6.0,0.0,1.0,5.9,-15.80589,-58.63241
2026/05/27 17:34:00,NOAA-21,Brasil,MATO GROSSO,CARLINDA,Amazônia,11.0,0.0,0.61,2.3,-9.78737,-55.7732
2026/05/27 17:34:00,NOAA-21,Brasil,MATO GROSSO,NOVA MARINGÁ,Amazônia,10.0,0.0,0.28,6.3,-12.53973,-57.22085
2026/05/27 17:34:00,NOAA-21,Brasil,MATO GROSSO,QUERÊNCIA,Amazônia,25.0,0.0,0.78,6.9,-12.00467,-52.29697
2026/05/27 17:34:00,NOAA-21,Brasil,MATO GROSSO,BRASNORTE,Amazônia,8.0,0.02,0.85,3.6,-11.64264,-58.24689
2026/05/27 17:34:00,NOAA-21,Brasil,MATO GROSSO,SÃO FÉLIX DO ARAGUAIA,Amazônia,11.0,0.0,0.3,10.1,-11.35989,-52.95912
2026/05/27 17:34:00,NOAA-21,Brasil,MATO GROSSO,PORTO DOS GAÚCHOS,Amazônia,11.0,0.0,0.3,13.9,-11.94192,-57.04277
2026/05/27 17:34:00,NOAA-21,Brasil,MATO GROSSO,NOVA MARINGÁ,Amazônia,10.0,0.0,0.28,8.0,-12.54411,-57.20319
2026/05/27 17:34:00,NOAA-21,Brasil,MATO GROSSO,MARCELÂNDIA,Amazônia,12.0,0.0,0.22,6.9,-10.91357,-54.12434
2026/05/27 17:34:00,NOAA-21,Brasil,MATO GROSSO,SANTA CRUZ DO XINGU,Amazônia,9.0,0.0,0.33,3.8,-10.1427,-52.13273
2026/05/27 17:34:00,NOAA-21,Brasil,MATO GROSSO,CLÁUDIA,Amazônia,11.0,0.0,0.33,10.1,-11.73789,-54.80223
2026/05/27 17:34:00,NOAA-21,Brasil,RONDÔNIA,CORUMBIARA,Amazônia,9.0,0.0,1.0,4.8,-12.7083,-61.05522
2026/05/27 17:34:00,NOAA-21,Brasil,PARÁ,SANTA MARIA DAS BARREIRAS,Amazônia,14.0,0.0,1.0,8.6,-8.94641,-50.41478
2026/05/27 17:34:00,NOAA-21,Brasil,MATO GROSSO,MARCELÂNDIA,Amazônia,12.0,0.0,0.19,9.7,-11.1508,-54.30885
2026/05/27 17:34:00,NOAA-21,Brasil,PARÁ,SÃO FÉLIX DO XINGU,Amazônia,12.0,0.0,0.74,10.4,-8.89468,-51.88319
2026/05/27 17:34:00,NOAA-21,Brasil,MATO GROSSO,NOVA MARINGÁ,Amazônia,11.0,0.1,0.26,28.1,-11.80988,-57.35174
2026/05/27 17:34:00,NOAA-21,Brasil,MATO GROSSO,JUARA,Amazônia,10.0,0.0,0.31,20.6,-11.87273,-57.82418
2026/05/27 17:34:00,NOAA-21,Brasil,RONDÔNIA,ALTA FLORESTA D'OESTE,Amazônia,9.0,0.0,0.34,5.2,-12.60314,-62.22944
2026/05/27 17:34:00,NOAA-21,Brasil,MATO GROSSO,TABAPORÃ,Amazônia,9.0,0.0,0.26,5.7,-11.04117,-56.925
2026/05/27 17:34:00,NOAA-21,Brasil,MATO GROSSO,GAÚCHA DO NORTE,Amazônia,29.0,0.0,0.89,12.1,-12.45645,-53.11341
2026/05/27 17:34:00,NOAA-21,Brasil,MATO GROSSO,GAÚCHA DO NORTE,Amazônia,29.0,0.0,1.0,15.6,-12.46636,-53.11327
2026/05/27 17:34:00,NOAA-21,Brasil,MATO GROSSO,PARANATINGA,Amazônia,12.0,0.0,0.36,35.5,-12.72822,-54.19168
2026/05/27 17:34:00,NOAA-21,Brasil,MATO GROSSO,NOVA MARINGÁ,Amazônia,10.0,0.0,0.28,6.5,-12.54124,-57.20792
2026/05/27 17:34:00,NOAA-21,Brasil,MATO GROSSO,SÃO FÉLIX DO ARAGUAIA,Amazônia,12.0,0.0,0.27,8.7,-11.46023,-52.92461
2026/05/27 17:34:00,NOAA-21,Brasil,MATO GROSSO,SÃO JOSÉ DO XINGU,Amazônia,11.0,0.0,1.0,9.8,-10.35595,-52.51107
2026/05/27 17:34:00,NOAA-21,Brasil,MATO GROSSO,PARANATINGA,Amazônia,10.0,0.3,0.36,9.8,-13.3736,-54.27037
2026/05/27 17:34:00,NOAA-21,Brasil,MATO GROSSO,PORTO DOS GAÚCHOS,Amazônia,11.0,0.0,0.3,11.6,-11.9311,-57.04465
2026/05/27 17:34:00,NOAA-21,Brasil,MATO GROSSO,VILA BELA DA SANTÍSSIMA TRINDADE,Amazônia,8.0,0.0,0.93,3.5,-16.2186,-59.66261
2026/05/27 17:34:00,NOAA-21,Brasil,MATO GROSSO,PORTO ESPERIDIÃO,Pantanal,7.0,0.0,0.99,8.1,-15.79466,-58.64574
2026/05/27 17:34:00,NOAA-21,Brasil,MATO GROSSO,GAÚCHA DO NORTE,Amazônia,29.0,0.0,1.0,11.7,-12.46269,-53.11885
2026/05/27 17:37:00,NOAA-21,Brasil,AMAZONAS,MANICORÉ,Amazônia,8.0,0.0,1.0,9.7,-7.99706,-61.70933
2026/05/27 17:37:00,NOAA-21,Brasil,PARÁ,OURILÂNDIA DO NORTE,Amazônia,12.0,0.0,0.54,5.7,-7.67131,-51.73109
2026/05/27 17:37:00,NOAA-21,Brasil,PARÁ,CUMARU DO NORTE,Amazônia,9.0,0.0,1.0,4.8,-8.05313,-50.67307
2026/05/27 17:37:00,NOAA-21,Brasil,AMAZONAS,MANICORÉ,Amazônia,9.0,0.0,0.75,4.1,-8.28892,-61.61703
2026/05/27 17:37:00,NOAA-21,Brasil,AMAZONAS,MANICORÉ,Amazônia,8.0,0.0,0.72,4.8,-8.38718,-61.86246
2026/05/27 17:37:00,NOAA-21,Brasil,AMAZONAS,MANICORÉ,Amazônia,9.0,0.0,0.76,6.9,-8.26852,-61.61657
2026/05/27 17:37:00,NOAA-21,Brasil,AMAZONAS,MANICORÉ,Amazônia,9.0,0.0,0.7,9.0,-8.40547,-61.62346
2026/05/27 17:37:00,NOAA-21,Brasil,AMAZONAS,MANICORÉ,Amazônia,8.0,0.0,0.62,2.5,-8.26211,-61.66393
2026/05/27 17:37:00,NOAA-21,Brasil,AMAZONAS,MANICORÉ,Amazônia,8.0,0.0,0.71,19.4,-8.38491,-61.86998
2026/05/27 17:37:00,NOAA-21,Brasil,PARÁ,CUMARU DO NORTE,Amazônia,13.0,0.0,0.58,5.7,-8.54106,-51.51166
2026/05/27 17:37:00,NOAA-21,Brasil,PARÁ,ÁGUA AZUL DO NORTE,Amazônia,11.0,0.0,0.69,28.9,-6.99636,-50.46472
2026/05/27 17:37:00,NOAA-21,Brasil,AMAZONAS,MANICORÉ,Amazônia,8.0,0.0,0.72,2.7,-8.40743,-61.81633
2026/05/27 17:37:00,NOAA-21,Brasil,PARÁ,PLACAS,Amazônia,2.0,0.0,0.06,14.1,-3.65138,-54.80641
2026/05/27 17:37:00,NOAA-21,Brasil,AMAZONAS,MANICORÉ,Amazônia,9.0,0.0,0.72,4.4,-8.47038,-61.80611
2026/05/27 17:37:00,NOAA-21,Brasil,AMAZONAS,MANICORÉ,Amazônia,8.0,0.0,0.77,2.3,-8.27815,-61.65791
2026/05/27 17:37:00,NOAA-21,Brasil,AMAZONAS,BORBA,Amazônia,0.0,0.0,0.02,3.5,-4.02634,-58.93315
2026/05/27 17:37:00,NOAA-21,Brasil,AMAZONAS,MANICORÉ,Amazônia,8.0,0.0,0.71,19.4,-8.3877,-61.86597
2026/05/27 17:37:00,NOAA-21,Brasil,AMAZONAS,MANICORÉ,Amazônia,9.0,0.0,0.76,4.1,-8.28561,-61.61753
2026/05/27 17:37:00,NOAA-21,Brasil,PARÁ,SÃO FÉLIX DO XINGU,Amazônia,6.0,0.0,0.54,6.5,-5.39626,-50.79591
2026/05/27 17:37:00,NOAA-21,Brasil,PARÁ,OURILÂNDIA DO NORTE,Amazônia,11.0,0.0,0.37,4.2,-8.34838,-51.91562
2026/05/27 17:37:00,NOAA-21,Brasil,PARÁ,CANAÃ DOS CARAJÁS,Amazônia,12.0,0.0,1.0,6.6,-6.42523,-50.18147
2026/05/27 17:37:00,NOAA-21,Brasil,PARÁ,TRAIRÃO,Amazônia,2.0,0.0,0.0,5.9,-4.67137,-55.92738
2026/05/27 17:37:00,NOAA-21,Brasil,PARÁ,OURILÂNDIA DO NORTE,Amazônia,11.0,0.0,0.46,7.4,-8.20342,-52.03957
2026/05/27 17:37:00,NOAA-21,Brasil,PARÁ,CUMARU DO NORTE,Amazônia,14.0,0.0,1.0,11.0,-8.52549,-51.57972
2026/05/27 17:37:00,NOAA-21,Brasil,AMAZONAS,MANICORÉ,Amazônia,9.0,0.0,0.76,6.8,-8.28177,-61.61455
2026/05/27 17:37:00,NOAA-21,Brasil,PARÁ,SÃO GERALDO DO ARAGUAIA,Amazônia,10.0,0.0,1.0,20.1,-6.24976,-48.50594
2026/05/27 17:37:00,NOAA-21,Brasil,AMAZONAS,BORBA,Amazônia,0.0,0.0,-999.0,7.1,-3.99656,-58.95474
2026/05/27 17:37:00,NOAA-21,Brasil,PARÁ,SÃO FÉLIX DO XINGU,Amazônia,4.0,0.0,0.14,5.0,-5.27886,-50.94858
2026/05/27 17:37:00,NOAA-21,Brasil,AMAZONAS,MANICORÉ,Amazônia,8.0,0.0,0.76,4.0,-8.26159,-61.66043
2026/05/27 17:37:00,NOAA-21,Brasil,PARÁ,AVEIRO,Amazônia,2.0,0.0,0.06,6.8,-4.00049,-55.52118
2026/05/27 17:37:00,NOAA-21,Brasil,AMAZONAS,MANICORÉ,Amazônia,8.0,0.0,0.74,10.0,-8.33226,-61.74533
2026/05/27 17:37:00,NOAA-21,Brasil,AMAZONAS,MANICORÉ,Amazônia,8.0,0.0,0.73,3.2,-8.34869,-61.8324
2026/05/27 17:37:00,NOAA-21,Brasil,PARÁ,CUMARU DO NORTE,Amazônia,14.0,0.0,1.0,11.0,-8.5309,-51.57878
2026/05/27 17:37:00,NOAA-21,Brasil,PARÁ,OURILÂNDIA DO NORTE,Amazônia,11.0,0.0,0.46,6.0,-8.20816,-52.03571
2026/05/27 17:37:00,NOAA-21,Brasil,PARÁ,CUMARU DO NORTE,Amazônia,13.0,0.0,0.28,37.0,-8.56339,-51.51135
2026/05/27 17:37:00,NOAA-21,Brasil,ACRE,FEIJÓ,Amazônia,8.0,0.0,0.17,4.5,-8.54776,-70.47465
2026/05/27 17:37:00,NOAA-21,Brasil,AMAZONAS,MANICORÉ,Amazônia,9.0,0.0,0.75,4.0,-8.28787,-61.61006
2026/05/27 17:37:00,NOAA-21,Brasil,AMAZONAS,MANICORÉ,Amazônia,8.0,0.0,0.72,18.3,-8.39382,-61.86145
2026/05/27 17:37:00,NOAA-21,Brasil,TOCANTINS,ARAGUAÍNA,Amazônia,12.0,0.0,1.0,10.6,-7.43153,-49.02062
2026/05/27 17:37:00,NOAA-21,Brasil,AMAZONAS,MANICORÉ,Amazônia,9.0,0.0,0.71,75.4,-8.46322,-61.80361
2026/05/27 17:37:00,NOAA-21,Brasil,PARÁ,CUMARU DO NORTE,Amazônia,13.0,0.0,0.63,16.5,-8.54713,-51.51426
2026/05/27 17:37:00,NOAA-21,Brasil,AMAZONAS,MANICORÉ,Amazônia,9.0,0.0,0.77,2.3,-8.2893,-61.64194
2026/05/27 17:37:00,NOAA-21,Brasil,AMAZONAS,MANICORÉ,Amazônia,9.0,0.0,0.77,8.7,-8.29698,-61.64791
2026/05/27 17:37:00,NOAA-21,Brasil,PARÁ,OURILÂNDIA DO NORTE,Amazônia,11.0,0.0,0.46,4.2,-8.22631,-52.01538
2026/05/27 17:37:00,NOAA-21,Brasil,AMAZONAS,LÁBREA,Amazônia,9.0,0.0,0.71,3.5,-9.08899,-66.00624
2026/05/27 17:37:00,NOAA-21,Brasil,PARÁ,PLACAS,Amazônia,2.0,0.0,0.04,8.2,-3.64937,-54.80432
2026/05/27 17:37:00,NOAA-21,Brasil,AMAZONAS,MANICORÉ,Amazônia,8.0,0.0,0.73,19.7,-8.36705,-61.81886
2026/05/27 17:37:00,NOAA-21,Brasil,AMAZONAS,MANICORÉ,Amazônia,9.0,0.0,0.76,6.9,-8.26468,-61.61359
2026/05/27 17:37:00,NOAA-21,Brasil,AMAZONAS,MANICORÉ,Amazônia,8.0,0.0,0.85,5.3,-7.86256,-61.49158
2026/05/27 17:37:00,NOAA-21,Brasil,MATO GROSSO,APIACÁS,Amazônia,9.0,0.0,0.62,9.1,-9.35783,-57.534
2026/05/27 17:37:00,NOAA-21,Brasil,PARÁ,SÃO FÉLIX DO XINGU,Amazônia,6.0,0.0,0.87,6.5,-5.39548,-50.79145
2026/05/27 17:37:00,NOAA-21,Brasil,AMAZONAS,BOCA DO ACRE,Amazônia,9.0,0.0,0.18,18.5,-8.74757,-68.69167
2026/05/27 17:37:00,NOAA-21,Brasil,AMAZONAS,MANICORÉ,Amazônia,8.0,0.0,0.2,6.1,-7.88474,-61.79789
2026/05/27 17:37:00,NOAA-21,Brasil,AMAZONAS,MANICORÉ,Amazônia,9.0,0.0,0.72,8.8,-8.47196,-61.81663
2026/05/27 17:37:00,NOAA-21,Brasil,AMAZONAS,MANICORÉ,Amazônia,9.0,0.0,0.54,10.1,-8.17538,-61.49555
2026/05/27 17:37:00,NOAA-21,Brasil,AMAZONAS,MANICORÉ,Amazônia,9.0,0.0,0.75,6.8,-8.28124,-61.61106
2026/05/27 17:37:00,NOAA-21,Brasil,PARÁ,CUMARU DO NORTE,Amazônia,9.0,0.0,0.56,9.5,-7.65889,-51.05263
2026/05/27 17:37:00,NOAA-21,Brasil,PARÁ,CUMARU DO NORTE,Amazônia,14.0,0.0,1.0,11.0,-8.53026,-51.57527
2026/05/27 17:37:00,NOAA-21,Brasil,AMAZONAS,MANICORÉ,Amazônia,9.0,0.0,0.71,7.2,-8.46864,-61.81714
2026/05/27 17:37:00,NOAA-21,Brasil,AMAZONAS,MANICORÉ,Amazônia,9.0,0.0,0.71,10.0,-8.46811,-61.81363
2026/05/27 17:37:00,NOAA-21,Brasil,PARÁ,OURILÂNDIA DO NORTE,Amazônia,11.0,0.0,0.33,3.6,-8.34969,-51.91614
2026/05/27 17:37:00,NOAA-21,Brasil,PARÁ,OURILÂNDIA DO NORTE,Amazônia,11.0,0.0,0.53,5.8,-7.69553,-51.74133
2026/05/27 17:37:00,NOAA-21,Brasil,AMAZONAS,MANICORÉ,Amazônia,8.0,0.0,1.0,3.3,-7.86203,-61.48811
2026/05/27 17:37:00,NOAA-21,Brasil,AMAZONAS,MANICORÉ,Amazônia,9.0,0.0,0.71,10.0,-8.46759,-61.81012
2026/05/27 17:37:00,NOAA-21,Brasil,PARÁ,CANAÃ DOS CARAJÁS,Amazônia,12.0,0.0,1.0,11.6,-6.42557,-50.1854
2026/05/27 17:37:00,NOAA-21,Brasil,AMAZONAS,MANICORÉ,Amazônia,8.0,0.0,0.72,17.8,-8.39662,-61.85744
2026/05/27 17:37:00,NOAA-21,Brasil,AMAZONAS,MANICORÉ,Amazônia,8.0,0.0,0.72,2.7,-8.40411,-61.81683
2026/05/27 17:37:00,NOAA-21,Brasil,AMAZONAS,MANICORÉ,Amazônia,8.0,0.0,0.72,6.4,-8.38887,-61.78329
2026/05/27 17:37:00,NOAA-21,Brasil,AMAZONAS,MANICORÉ,Amazônia,9.0,0.0,0.75,4.0,-8.28839,-61.61354
2026/05/27 17:37:00,NOAA-21,Brasil,RONDÔNIA,PORTO VELHO,Amazônia,5.0,0.0,0.26,5.1,-8.45202,-63.40921
2026/05/27 17:37:00,NOAA-21,Brasil,PARÁ,OURILÂNDIA DO NORTE,Amazônia,11.0,0.0,0.6,6.9,-7.64712,-51.66574
2026/05/27 17:37:00,NOAA-21,Brasil,AMAZONAS,MANICORÉ,Amazônia,8.0,0.0,0.71,3.2,-8.41739,-61.81481
2026/05/27 17:37:00,NOAA-21,Brasil,PARÁ,CUMARU DO NORTE,Amazônia,9.0,0.0,0.56,9.7,-7.66153,-51.05249
2026/05/27 17:37:00,NOAA-21,Brasil,PARÁ,OURILÂNDIA DO NORTE,Amazônia,11.0,0.0,0.6,8.9,-7.64252,-51.66538
2026/05/27 17:37:00,NOAA-21,Brasil,AMAZONAS,MANICORÉ,Amazônia,8.0,0.0,0.56,5.3,-7.86308,-61.49505
2026/05/27 17:37:00,NOAA-21,Brasil,AMAZONAS,MANICORÉ,Amazônia,8.0,0.0,0.74,5.4,-8.32397,-61.73667
2026/05/27 17:37:00,NOAA-21,Brasil,AMAZONAS,MANICORÉ,Amazônia,9.0,0.0,0.71,75.4,-8.46706,-61.80661
2026/05/27 17:37:00,NOAA-21,Brasil,PARÁ,CUMARU DO NORTE,Amazônia,9.0,0.0,0.56,6.8,-7.67982,-51.05652
2026/05/27 17:37:00,NOAA-21,Brasil,AMAZONAS,MANICORÉ,Amazônia,8.0,0.0,0.71,3.9,-8.38543,-61.8735
2026/05/27 17:37:00,NOAA-21,Brasil,AMAZONAS,MANICORÉ,Amazônia,8.0,0.0,0.72,4.8,-8.38665,-61.85895
2026/05/27 17:37:00,NOAA-21,Brasil,PARÁ,OURILÂNDIA DO NORTE,Amazônia,11.0,0.0,0.35,4.2,-8.34903,-51.91915
2026/05/27 17:37:00,NOAA-21,Brasil,PARÁ,SÃO FÉLIX DO XINGU,Amazônia,4.0,0.0,0.47,4.3,-6.29962,-52.95699
2026/05/27 17:37:00,NOAA-21,Brasil,PARÁ,CUMARU DO NORTE,Amazônia,13.0,0.0,0.8,26.5,-8.54585,-51.50716
2026/05/27 17:37:00,NOAA-21,Brasil,AMAZONAS,MANICORÉ,Amazônia,8.0,0.0,0.73,6.8,-8.36652,-61.81535
2026/05/27 17:37:00,NOAA-21,Brasil,AMAZONAS,MANICORÉ,Amazônia,9.0,0.0,0.73,5.6,-8.35787,-61.64499
2026/05/27 17:37:00,NOAA-21,Brasil,AMAZONAS,MANICORÉ,Amazônia,8.0,0.0,0.72,18.3,-8.38997,-61.85844
2026/05/27 17:37:00,NOAA-21,Brasil,PARÁ,RURÓPOLIS,Amazônia,2.0,0.0,0.01,5.1,-4.44449,-54.98653
2026/05/27 17:37:00,NOAA-21,Brasil,PARÁ,OURILÂNDIA DO NORTE,Amazônia,11.0,0.0,0.35,3.0,-8.34907,-51.91261
2026/05/27 17:37:00,NOAA-21,Brasil,PARÁ,ITAITUBA,Amazônia,4.0,0.0,0.03,4.4,-6.41466,-55.97655
2026/05/27 17:37:00,NOAA-21,Brasil,AMAZONAS,MANICORÉ,Amazônia,8.0,0.0,0.24,17.2,-7.88143,-61.79839
2026/05/27 17:37:00,NOAA-21,Brasil,AMAZONAS,MANICORÉ,Amazônia,8.0,0.0,0.72,6.4,-8.40954,-61.83036
2026/05/27 17:37:00,NOAA-21,Brasil,PARÁ,OURILÂNDIA DO NORTE,Amazônia,11.0,0.0,0.3,3.6,-8.3503,-51.91968
2026/05/27 17:37:00,NOAA-21,Brasil,AMAZONAS,MANICORÉ,Amazônia,8.0,0.0,0.71,4.8,-8.41181,-61.82283
2026/05/27 17:37:00,NOAA-21,Brasil,AMAZONAS,MANICORÉ,Amazônia,8.0,0.0,0.72,13.1,-8.37839,-61.7813
2026/05/27 17:37:00,NOAA-21,Brasil,AMAZONAS,MANICORÉ,Amazônia,8.0,0.0,0.72,18.3,-8.3905,-61.86195
2026/05/27 17:37:00,NOAA-21,Brasil,PARÁ,OURILÂNDIA DO NORTE,Amazônia,11.0,0.0,0.56,4.8,-7.6784,-51.7084
2026/05/27 17:37:00,NOAA-21,Brasil,AMAZONAS,CANUTAMA,Amazônia,8.0,0.0,0.22,8.3,-7.57712,-63.46295
2026/05/27 17:37:00,NOAA-21,Brasil,AMAZONAS,APUÍ,Amazônia,8.0,0.0,0.12,0.2,-7.83919,-60.0076
2026/05/27 17:37:00,NOAA-21,Brasil,AMAZONAS,MANICORÉ,Amazônia,9.0,0.0,0.74,7.3,-8.31339,-61.61963
2026/05/27 17:37:00,NOAA-21,Brasil,AMAZONAS,MANICORÉ,Amazônia,9.0,0.0,0.76,4.8,-8.27899,-61.61854
2026/05/27 17:37:00,NOAA-21,Brasil,AMAZONAS,MANICORÉ,Amazônia,8.0,0.0,0.65,7.0,-8.38211,-61.874
2026/05/27 17:37:00,NOAA-21,Brasil,PARÁ,SÃO FÉLIX DO XINGU,Amazônia,7.0,0.0,0.16,0.7,-6.5788,-53.29211
2026/05/27 17:37:00,NOAA-21,Brasil,AMAZONAS,MANICORÉ,Amazônia,8.0,0.0,0.73,10.0,-8.33558,-61.74483
2026/05/27 17:37:00,NOAA-21,Brasil,PARÁ,OURILÂNDIA DO NORTE,Amazônia,12.0,0.0,0.54,5.6,-7.66985,-51.73188
2026/05/27 17:37:00,NOAA-21,Brasil,PARÁ,CUMARU DO NORTE,Amazônia,13.0,0.0,0.92,26.5,-8.54649,-51.51071
2026/05/27 17:37:00,NOAA-21,Brasil,AMAZONAS,MANICORÉ,Amazônia,8.0,0.0,0.72,8.8,-8.37454,-61.7783
2026/05/27 17:37:00,NOAA-21,Brasil,AMAZONAS,MANICORÉ,Amazônia,8.0,0.0,0.72,18.3,-8.3933,-61.85794
2026/05/27 17:37:00,NOAA-21,Brasil,AMAZONAS,MANICORÉ,Amazônia,8.0,0.0,0.72,115.8,-8.37175,-61.78231
2026/05/27 17:37:00,NOAA-21,Brasil,AMAZONAS,MANICORÉ,Amazônia,9.0,0.0,0.7,9.0,-8.40216,-61.62396
2026/05/27 17:37:00,NOAA-21,Brasil,AMAZONAS,MANICORÉ,Amazônia,8.0,0.0,0.77,2.3,-8.28094,-61.65392
2026/05/27 17:37:00,NOAA-21,Brasil,AMAZONAS,MANICORÉ,Amazônia,9.0,0.0,0.71,4.4,-8.46986,-61.8026
2026/05/27 17:37:00,NOAA-21,Brasil,PARÁ,CANAÃ DOS CARAJÁS,Amazônia,12.0,0.0,1.0,6.6,-6.42608,-50.18618
2026/05/27 17:37:00,NOAA-21,Brasil,AMAZONAS,MANICORÉ,Amazônia,8.0,0.0,0.71,19.4,-8.38438,-61.86647
2026/05/27 17:37:00,NOAA-21,Brasil,ACRE,JORDÃO,Amazônia,6.0,0.0,0.17,7.2,-9.17919,-72.00542
2026/05/27 17:37:00,NOAA-21,Brasil,PARÁ,CUMARU DO NORTE,Amazônia,14.0,0.0,1.0,11.0,-8.52486,-51.57623
2026/05/27 17:37:00,NOAA-21,Brasil,PARÁ,CUMARU DO NORTE,Amazônia,13.0,0.0,0.36,23.4,-8.56277,-51.50786
2026/05/27 17:37:00,NOAA-21,Brasil,PARÁ,ÁGUA AZUL DO NORTE,Amazônia,11.0,0.0,0.66,27.4,-6.9936,-50.46663
2026/05/27 17:37:00,NOAA-21,Brasil,PARÁ,FLORESTA DO ARAGUAIA,Amazônia,12.0,0.0,0.72,3.5,-7.48052,-49.76194
2026/05/27 17:37:00,NOAA-21,Brasil,PARÁ,CUMARU DO NORTE,Amazônia,9.0,0.0,0.56,15.8,-7.68722,-51.0972
2026/05/27 17:37:00,NOAA-21,Brasil,PARÁ,SÃO GERALDO DO ARAGUAIA,Amazônia,11.0,0.0,1.0,8.2,-6.23998,-48.56856
2026/05/27 17:37:00,NOAA-21,Brasil,AMAZONAS,HUMAITÁ,Amazônia,9.0,0.0,0.18,2.8,-7.70366,-62.3334
2026/05/27 17:37:00,NOAA-21,Brasil,AMAZONAS,MANICORÉ,Amazônia,9.0,0.0,0.72,10.6,-8.47091,-61.80962
2026/05/27 17:37:00,NOAA-21,Brasil,PARÁ,OURILÂNDIA DO NORTE,Amazônia,11.0,0.0,0.46,6.9,-8.204,-52.04281
2026/05/27 17:39:00,NOAA-21,Brasil,AMAZONAS,MANACAPURU,Amazônia,0.0,1.78,0.03,2.8,-3.04235,-61.31206
2026/05/27 17:50:00,GOES-19,Brasil,PARÁ,CUMARU DO NORTE,Amazônia,9.0,0.0,0.56,52.0,-7.6803,-51.1
2026/05/27 18:06:00,NPP-375,Brasil,MATO GROSSO DO SUL,CORUMBÁ,Pantanal,9.0,0.0,0.9,2.0,-19.11316,-56.30528
2026/05/27 18:09:00,NPP-375,Brasil,RONDÔNIA,CACOAL,Amazônia,9.0,0.0,1.0,3.2,-11.24161,-61.49806
2026/05/27 18:09:00,NPP-375,Brasil,MATO GROSSO,MARCELÂNDIA,Amazônia,11.0,0.0,0.31,8.5,-10.59777,-53.4756
2026/05/27 18:09:00,NPP-375,Brasil,MATO GROSSO,SÃO FÉLIX DO ARAGUAIA,Amazônia,12.0,0.0,0.27,9.0,-11.46746,-52.91888
2026/05/27 18:09:00,NPP-375,Brasil,MATO GROSSO,TABAPORÃ,Amazônia,9.0,0.0,0.38,8.4,-11.52083,-56.12224
2026/05/27 18:09:00,NPP-375,Brasil,MATO GROSSO,PORTO DOS GAÚCHOS,Amazônia,9.0,0.07,0.29,1.9,-11.49824,-57.26598
2026/05/27 18:09:00,NPP-375,Brasil,MATO GROSSO,NOVA MARINGÁ,Amazônia,10.0,0.0,0.28,15.7,-12.5443,-57.18907
2026/05/27 18:09:00,NPP-375,Brasil,MATO GROSSO,TABAPORÃ,Amazônia,8.0,0.0,0.27,14.7,-10.82481,-56.5999
2026/05/27 18:09:00,NPP-375,Brasil,MATO GROSSO,NOVA MARINGÁ,Amazônia,11.0,0.1,0.26,15.9,-11.80414,-57.35328
2026/05/27 18:09:00,NPP-375,Brasil,MATO GROSSO,GAÚCHA DO NORTE,Amazônia,29.0,0.0,0.98,5.2,-12.46023,-53.11735
2026/05/27 18:09:00,NPP-375,Brasil,MATO GROSSO,NOVA MARINGÁ,Amazônia,10.0,0.0,1.0,8.6,-12.06057,-57.41916
2026/05/27 18:09:00,NPP-375,Brasil,MATO GROSSO,NOVA UBIRATÃ,Amazônia,11.0,0.6,0.26,7.5,-12.54522,-54.59609
2026/05/27 18:09:00,NPP-375,Brasil,MATO GROSSO,PORTO ESPERIDIÃO,Pantanal,6.0,0.0,1.0,6.7,-15.80307,-58.63305
2026/05/27 18:09:00,NPP-375,Brasil,MATO GROSSO,JUARA,Amazônia,10.0,0.0,0.31,3.8,-11.87438,-57.82095
2026/05/27 18:09:00,NPP-375,Brasil,MATO GROSSO,SÃO FÉLIX DO ARAGUAIA,Amazônia,12.0,0.0,0.27,9.0,-11.46036,-52.92035
2026/05/27 18:09:00,NPP-375,Brasil,MATO GROSSO,PORTO DOS GAÚCHOS,Amazônia,9.0,0.0,0.81,14.7,-11.73227,-56.8385
2026/05/27 18:09:00,NPP-375,Brasil,MATO GROSSO,NOVA MARINGÁ,Amazônia,11.0,0.1,0.26,11.9,-11.80923,-57.35443
2026/05/27 18:09:00,NPP-375,Brasil,MATO GROSSO,CÁCERES,Pantanal,8.0,0.0,0.38,4.7,-16.16595,-58.49035
2026/05/27 18:09:00,NPP-375,Brasil,MATO GROSSO,CLÁUDIA,Amazônia,11.0,0.0,0.31,7.5,-11.74065,-54.80063
2026/05/27 18:09:00,NPP-375,Brasil,MATO GROSSO,POCONÉ,Pantanal,5.0,0.0,1.0,2.1,-16.33374,-56.76054
2026/05/27 18:09:00,NPP-375,Brasil,MATO GROSSO,NOVA UBIRATÃ,Amazônia,11.0,0.56,0.26,6.9,-12.54938,-54.58438
2026/05/27 18:09:00,NPP-375,Brasil,MATO GROSSO,TABAPORÃ,Amazônia,9.0,0.0,0.55,14.0,-11.50905,-56.1245
2026/05/27 18:09:00,NPP-375,Brasil,MATO GROSSO,GAÚCHA DO NORTE,Amazônia,29.0,0.0,0.98,9.6,-12.42371,-53.14236
2026/05/27 18:09:00,NPP-375,Brasil,MATO GROSSO,CLÁUDIA,Amazônia,11.0,0.0,0.28,8.5,-11.73977,-54.79053
2026/05/27 18:09:00,NPP-375,Brasil,MATO GROSSO,JUARA,Amazônia,10.0,0.0,0.31,3.8,-11.87377,-57.81768
2026/05/27 18:09:00,NPP-375,Brasil,MATO GROSSO,NOVA MARINGÁ,Amazônia,11.0,0.1,0.26,13.3,-11.80383,-57.35555
2026/05/27 18:09:00,NPP-375,Brasil,MATO GROSSO,NOVA UBIRATÃ,Amazônia,12.0,0.0,0.31,16.9,-12.27818,-54.0847
2026/05/27 18:09:00,NPP-375,Brasil,MATO GROSSO,TABAPORÃ,Amazônia,9.0,0.0,0.38,8.4,-11.51494,-56.12339
2026/05/27 18:09:00,NPP-375,Brasil,MATO GROSSO,PORTO ESPERIDIÃO,Pantanal,5.0,0.0,1.0,7.3,-15.82807,-58.61251
2026/05/27 18:09:00,NPP-375,Brasil,MATO GROSSO,MARCELÂNDIA,Amazônia,12.0,0.0,0.22,10.6,-10.91623,-54.12346
2026/05/27 18:09:00,NPP-375,Brasil,MATO GROSSO,PARANATINGA,Amazônia,12.0,0.0,0.36,13.0,-12.72798,-54.18615
2026/05/27 18:09:00,NPP-375,Brasil,MATO GROSSO,TABAPORÃ,Amazônia,8.0,0.0,0.27,13.3,-10.82562,-56.60406
2026/05/27 18:09:00,NPP-375,Brasil,MATO GROSSO,TABAPORÃ,Amazônia,9.0,0.0,0.26,7.5,-11.04312,-56.92714
2026/05/27 18:09:00,NPP-375,Brasil,MATO GROSSO,NOVA MARINGÁ,Amazônia,10.0,0.0,0.28,16.9,-12.5396,-57.1937
2026/05/27 18:09:00,NPP-375,Brasil,MATO GROSSO,GAÚCHA DO NORTE,Amazônia,29.0,0.0,1.0,3.5,-12.46237,-53.12051
2026/05/27 18:09:00,NPP-375,Brasil,MATO GROSSO,POCONÉ,Pantanal,5.0,0.0,0.97,1.2,-16.28527,-56.6525
2026/05/27 18:09:00,NPP-375,Brasil,MATO GROSSO,GAÚCHA DO NORTE,Amazônia,29.0,0.0,0.88,14.5,-12.41681,-53.14381
2026/05/27 18:09:00,NPP-375,Brasil,MATO GROSSO,NOVA MARINGÁ,Amazônia,10.0,0.0,0.28,11.3,-12.54098,-57.20073
2026/05/27 18:09:00,NPP-375,Brasil,MATO GROSSO,NOVA UBIRATÃ,Amazônia,11.0,0.31,0.35,8.9,-12.68271,-54.58067
2026/05/27 18:09:00,NPP-375,Brasil,MATO GROSSO,CÁCERES,Pantanal,9.0,0.0,0.28,8.9,-16.16209,-58.47029
2026/05/27 18:09:00,NPP-375,Brasil,MATO GROSSO,NOVA UBIRATÃ,Amazônia,11.0,0.57,0.26,5.7,-12.54812,-54.58386
2026/05/27 18:09:00,NPP-375,Brasil,MATO GROSSO,VILA BELA DA SANTÍSSIMA TRINDADE,Amazônia,8.0,0.0,0.87,9.4,-16.21997,-59.66331
2026/05/27 18:09:00,NPP-375,Brasil,MATO GROSSO,PORTO DOS GAÚCHOS,Amazônia,11.0,0.0,0.3,3.2,-11.94276,-57.04179
2026/05/27 18:09:00,NPP-375,Brasil,MATO GROSSO,ARIPUANÃ,Amazônia,9.0,0.0,1.0,10.2,-10.67919,-58.9445
2026/05/27 18:09:00,NPP-375,Brasil,MATO GROSSO,GAÚCHA DO NORTE,Amazônia,29.0,0.0,0.93,14.5,-12.40991,-53.14524
2026/05/27 18:09:00,NPP-375,Brasil,MATO GROSSO,BRASNORTE,Amazônia,8.0,0.01,0.73,6.0,-11.63976,-58.24155
2026/05/27 18:09:00,NPP-375,Brasil,MATO GROSSO,NOVA MARINGÁ,Amazônia,10.0,0.0,0.28,15.7,-12.5389,-57.19017
2026/05/27 18:09:00,NPP-375,Brasil,MATO GROSSO,PORTO DOS GAÚCHOS,Amazônia,10.0,0.0,0.31,7.4,-11.78955,-57.01444
2026/05/27 18:09:00,NPP-375,Brasil,MATO GROSSO,PORTO DOS GAÚCHOS,Amazônia,10.0,0.0,0.31,7.6,-11.7944,-57.00978
2026/05/27 18:09:00,NPP-375,Brasil,MATO GROSSO,PORTO DOS GAÚCHOS,Amazônia,9.0,0.0,0.76,25.9,-11.73153,-56.83471
2026/05/27 18:09:00,NPP-375,Brasil,MATO GROSSO,JUARA,Amazônia,10.0,0.0,0.31,7.1,-11.86392,-57.82318
2026/05/27 18:09:00,NPP-375,Brasil,MATO GROSSO,PARANATINGA,Amazônia,12.0,0.0,0.37,13.0,-12.72916,-54.19181
2026/05/27 18:09:00,NPP-375,Brasil,MATO GROSSO,TABAPORÃ,Amazônia,8.0,0.0,0.27,13.3,-10.82642,-56.60818
2026/05/27 18:09:00,NPP-375,Brasil,MATO GROSSO,PORTO DOS GAÚCHOS,Amazônia,9.0,0.0,0.27,4.0,-11.54667,-56.9319
2026/05/27 18:09:00,NPP-375,Brasil,MATO GROSSO,MARCELÂNDIA,Amazônia,11.0,0.0,0.31,8.2,-10.59986,-53.47272
2026/05/27 18:09:00,NPP-375,Brasil,MATO GROSSO,NOVA MARINGÁ,Amazônia,11.0,0.1,0.26,15.9,-11.80954,-57.35215
2026/05/27 18:09:00,NPP-375,Brasil,MATO GROSSO,NOVA MARINGÁ,Amazônia,10.0,0.0,0.28,8.8,-12.54308,-57.22149
2026/05/27 18:09:00,NPP-375,Brasil,MATO GROSSO,NOVA MARINGÁ,Amazônia,10.0,0.0,0.28,15.7,-12.54361,-57.18557
2026/05/27 18:09:00,NPP-375,Brasil,MATO GROSSO,CLÁUDIA,Amazônia,11.0,0.0,0.29,14.3,-11.73558,-54.80234
2026/05/27 18:09:00,NPP-375,Brasil,RONDÔNIA,GUAJARÁ-MIRIM,Amazônia,9.0,0.0,0.29,0.6,-11.73223,-64.29707
2026/05/27 18:09:00,NPP-375,Brasil,MATO GROSSO,PORTO DOS GAÚCHOS,Amazônia,10.0,0.0,0.31,16.5,-11.78884,-57.01074
2026/05/27 18:09:00,NPP-375,Brasil,MATO GROSSO,NOVA MARINGÁ,Amazônia,10.0,0.0,0.28,7.1,-12.54511,-57.22179
2026/05/27 18:09:00,NPP-375,Brasil,MATO GROSSO,CLÁUDIA,Amazônia,11.0,0.0,0.28,7.5,-11.7343,-54.80193
2026/05/27 18:09:00,NPP-375,Brasil,MATO GROSSO,NOVA MARINGÁ,Amazônia,10.0,0.0,0.28,16.9,-12.54498,-57.19257
2026/05/27 18:09:00,NPP-375,Brasil,MATO GROSSO,CLÁUDIA,Amazônia,11.0,0.0,0.28,16.7,-11.74612,-54.78924
2026/05/27 18:09:00,NPP-375,Brasil,MATO GROSSO,SÃO FÉLIX DO ARAGUAIA,Amazônia,11.0,0.0,0.32,6.0,-11.35687,-52.95648
2026/05/27 18:09:00,NPP-375,Brasil,MATO GROSSO,PORTO ESPERIDIÃO,Pantanal,6.0,0.0,1.0,21.6,-15.80031,-58.64394
2026/05/27 18:09:00,NPP-375,Brasil,MATO GROSSO,NOVA UBIRATÃ,Amazônia,11.0,0.55,0.26,13.6,-12.55022,-54.59429
2026/05/27 18:09:00,NPP-375,Brasil,MATO GROSSO,TABAPORÃ,Amazônia,9.0,0.0,0.26,13.3,-11.03673,-56.92429
2026/05/27 18:09:00,NPP-375,Brasil,MATO GROSSO,TABAPORÃ,Amazônia,9.0,0.0,0.38,8.4,-11.5158,-56.12777
2026/05/27 18:09:00,NPP-375,Brasil,MATO GROSSO,CLÁUDIA,Amazônia,11.0,0.0,0.28,8.5,-11.74087,-54.7959
2026/05/27 18:09:00,NPP-375,Brasil,MATO GROSSO,NOVA MARINGÁ,Amazônia,10.0,0.0,0.28,4.4,-12.53777,-57.19337
2026/05/27 18:09:00,NPP-375,Brasil,MATO GROSSO,COTRIGUAÇU,Amazônia,9.0,0.0,0.4,3.0,-9.76153,-58.78266
2026/05/27 18:09:00,NPP-375,Brasil,MATO GROSSO,NOVA CANAÃ DO NORTE,Amazônia,8.0,0.0,1.0,2.2,-10.74634,-55.71442
2026/05/27 18:09:00,NPP-375,Brasil,MATO GROSSO,BRASNORTE,Amazônia,8.0,0.02,0.81,6.0,-11.64034,-58.24471
2026/05/27 18:09:00,NPP-375,Brasil,MATO GROSSO,SÃO FÉLIX DO ARAGUAIA,Amazônia,12.0,0.0,0.27,15.7,-11.47025,-52.91643
2026/05/27 18:09:00,NPP-375,Brasil,MATO GROSSO,NOVA MARINGÁ,Amazônia,11.0,0.1,0.26,11.9,-11.80856,-57.3508
2026/05/27 18:09:00,NPP-375,Brasil,MATO GROSSO,CLÁUDIA,Amazônia,11.0,0.0,0.28,13.2,-11.73963,-54.79547
2026/05/27 18:09:00,NPP-375,Brasil,MATO GROSSO,GAÚCHA DO NORTE,Amazônia,29.0,0.0,0.89,15.0,-12.42233,-53.13582
2026/05/27 18:09:00,NPP-375,Brasil,MATO GROSSO,NOVA CANAÃ DO NORTE,Amazônia,8.0,0.0,1.0,4.6,-10.74635,-55.7132
2026/05/27 18:09:00,NPP-375,Brasil,MATO GROSSO,BRASNORTE,Amazônia,8.0,0.0,0.71,9.2,-11.63918,-58.23841
2026/05/27 18:09:00,NPP-375,Brasil,MATO GROSSO,PORTO ESPERIDIÃO,Pantanal,5.0,0.0,1.0,3.4,-15.82638,-58.61491
2026/05/27 18:09:00,NPP-375,Brasil,MATO GROSSO,JUARA,Amazônia,10.0,0.0,0.31,4.0,-11.85866,-57.82416
2026/05/27 18:09:00,NPP-375,Brasil,RONDÔNIA,ALTA FLORESTA D'OESTE,Amazônia,9.0,0.0,0.34,6.9,-12.5964,-62.22857
2026/05/27 18:09:00,NPP-375,Brasil,MATO GROSSO,CLÁUDIA,Amazônia,11.0,0.0,0.28,19.5,-11.74491,-54.78875
2026/05/27 18:09:00,NPP-375,Brasil,MATO GROSSO,PARANATINGA,Amazônia,12.0,0.0,0.36,13.0,-12.72266,-54.193
2026/05/27 18:09:00,NPP-375,Brasil,MATO GROSSO,SÃO JOSÉ DO RIO CLARO,Amazônia,10.0,0.0,0.25,7.1,-13.14468,-56.80769
2026/05/27 18:09:00,NPP-375,Brasil,MATO GROSSO,SÃO FÉLIX DO ARAGUAIA,Amazônia,12.0,0.0,0.27,27.3,-11.47455,-52.91737
2026/05/27 18:09:00,NPP-375,Brasil,MATO GROSSO,SÃO FÉLIX DO ARAGUAIA,Amazônia,12.0,0.0,0.27,15.7,-11.46315,-52.91787
2026/05/27 18:09:00,NPP-375,Brasil,MATO GROSSO,TABAPORÃ,Amazônia,9.0,0.0,0.67,14.0,-11.5099,-56.12886
2026/05/27 18:10:00,GOES-19,Brasil,PARÁ,CUMARU DO NORTE,Amazônia,9.0,0.0,0.56,59.0,-7.6803,-51.1
2026/05/27 18:10:00,GOES-19,Brasil,PARÁ,CUMARU DO NORTE,Amazônia,13.0,0.0,0.58,78.7,-8.5541,-51.5149
2026/05/27 18:11:00,NPP-375,Brasil,RONDÔNIA,PORTO VELHO,Amazônia,9.0,0.0,0.43,5.4,-9.04398,-64.55989
2026/05/27 18:11:00,NPP-375,Brasil,AMAZONAS,MANICORÉ,Amazônia,9.0,0.0,0.76,7.8,-8.26298,-61.61197
2026/05/27 18:11:00,NPP-375,Brasil,AMAZONAS,NOVO ARIPUANÃ,Amazônia,2.0,0.0,0.05,3.0,-5.35498,-60.13091
2026/05/27 18:11:00,NPP-375,Brasil,AMAZONAS,MANICORÉ,Amazônia,9.0,0.0,0.71,26.4,-8.46841,-61.81734
2026/05/27 18:11:00,NPP-375,Brasil,AMAZONAS,MANICORÉ,Amazônia,9.0,0.0,0.72,9.4,-8.47628,-61.81191
2026/05/27 18:11:00,NPP-375,Brasil,AMAZONAS,MANICORÉ,Amazônia,9.0,0.0,0.58,4.5,-8.46502,-61.79724
2026/05/27 18:11:00,NPP-375,Brasil,ACRE,TARAUACÁ,Amazônia,8.0,0.0,0.15,7.0,-8.23915,-70.81906
2026/05/27 18:11:00,NPP-375,Brasil,AMAZONAS,MANICORÉ,Amazônia,8.0,0.0,0.72,40.8,-8.37281,-61.78758
2026/05/27 18:11:00,NPP-375,Brasil,AMAZONAS,MANICORÉ,Amazônia,9.0,0.0,0.7,8.5,-8.40504,-61.62695
2026/05/27 18:11:00,NPP-375,Brasil,AMAZONAS,MANICORÉ,Amazônia,8.0,0.0,0.71,13.0,-8.4158,-61.81787
2026/05/27 18:11:00,NPP-375,Brasil,PARÁ,PLACAS,Amazônia,2.0,0.0,0.06,18.5,-3.65066,-54.80648
2026/05/27 18:11:00,NPP-375,Brasil,AMAZONAS,MANICORÉ,Amazônia,8.0,0.0,0.73,3.4,-8.33096,-61.74878
2026/05/27 18:11:00,NPP-375,Brasil,AMAZONAS,MANICORÉ,Amazônia,9.0,0.0,0.71,6.5,-8.4657,-61.80127
2026/05/27 18:11:00,NPP-375,Brasil,AMAZONAS,MANICORÉ,Amazônia,9.0,0.0,0.71,6.5,-8.46638,-61.80528
2026/05/27 18:11:00,NPP-375,Brasil,ACRE,SENA MADUREIRA,Amazônia,8.0,0.0,0.15,4.5,-9.25771,-68.37221
2026/05/27 18:11:00,NPP-375,Brasil,RONDÔNIA,PORTO VELHO,Amazônia,5.0,0.0,0.26,4.8,-8.454,-63.40825
2026/05/27 18:11:00,NPP-375,Brasil,AMAZONAS,MANICORÉ,Amazônia,9.0,0.0,0.76,5.5,-8.2637,-61.61609
2026/05/27 18:11:00,NPP-375,Brasil,AMAZONAS,MANICORÉ,Amazônia,9.0,0.0,0.7,5.5,-8.4,-61.62354
2026/05/27 18:11:00,NPP-375,Brasil,AMAZONAS,MANICORÉ,Amazônia,8.0,0.0,0.74,4.6,-8.33457,-61.744
2026/05/27 18:11:00,NPP-375,Brasil,AMAZONAS,MANICORÉ,Amazônia,8.0,0.0,0.72,7.9,-8.37643,-61.78284
2026/05/27 18:11:00,NPP-375,Brasil,ACRE,TARAUACÁ,Amazônia,8.0,0.0,0.15,2.2,-8.23554,-70.8196
2026/05/27 18:11:00,NPP-375,Brasil,ACRE,FEIJÓ,Amazônia,3.0,0.0,0.19,22.4,-9.23783,-71.63487
2026/05/27 18:11:00,NPP-375,Brasil,AMAZONAS,LÁBREA,Amazônia,9.0,0.0,0.17,13.5,-8.6916,-67.04922
2026/05/27 18:11:00,NPP-375,Brasil,ACRE,FEIJÓ,Amazônia,8.0,0.0,0.35,3.2,-8.23307,-70.16
2026/05/27 18:11:00,NPP-375,Brasil,AMAZONAS,MANICORÉ,Amazônia,8.0,0.0,0.72,9.1,-8.40453,-61.81954
2026/05/27 18:11:00,NPP-375,Brasil,ACRE,BRASILÉIA,Amazônia,13.0,0.0,0.19,4.6,-10.6809,-69.08784
2026/05/27 18:11:00,NPP-375,Brasil,AMAZONAS,MANICORÉ,Amazônia,9.0,0.0,0.7,7.0,-8.40645,-61.63518
2026/05/27 18:11:00,NPP-375,Brasil,AMAZONAS,MANICORÉ,Amazônia,9.0,0.0,0.7,5.9,-8.40283,-61.64002
2026/05/27 18:11:00,NPP-375,Brasil,AMAZONAS,MANICORÉ,Amazônia,9.0,0.0,0.71,6.5,-8.46143,-61.802
2026/05/27 18:11:00,NPP-375,Brasil,AMAZONAS,MANICORÉ,Amazônia,8.0,0.0,0.72,3.3,-8.40386,-61.81552
2026/05/27 18:11:00,NPP-375,Brasil,AMAZONAS,MANICORÉ,Amazônia,8.0,0.0,0.74,5.4,-8.33027,-61.74472
2026/05/27 18:11:00,NPP-375,Brasil,AMAZONAS,MANICORÉ,Amazônia,8.0,0.0,0.72,7.9,-8.3771,-61.78687
2026/05/27 18:11:00,NPP-375,Brasil,AMAZONAS,MANICORÉ,Amazônia,8.0,0.0,0.72,40.8,-8.37214,-61.78355
2026/05/27 18:11:00,NPP-375,Brasil,ACRE,RIO BRANCO,Amazônia,9.0,0.0,0.97,2.9,-9.85613,-67.88029
2026/05/27 18:11:00,NPP-375,Brasil,AMAZONAS,MANICORÉ,Amazônia,9.0,0.0,0.72,7.4,-8.48122,-61.8152
2026/05/27 18:11:00,NPP-375,Brasil,AMAZONAS,MANICORÉ,Amazônia,8.0,0.0,0.97,8.7,-7.86388,-61.49016
2026/05/27 18:11:00,NPP-375,Brasil,AMAZONAS,MANICORÉ,Amazônia,8.0,0.0,0.74,10.5,-8.35015,-61.65261
2026/05/27 18:11:00,NPP-375,Brasil,AMAZONAS,CANUTAMA,Amazônia,6.0,0.0,0.28,2.7,-7.87953,-63.71611
2026/05/27 18:11:00,NPP-375,Brasil,AMAZONAS,MANICORÉ,Amazônia,9.0,0.0,0.72,12.0,-8.47695,-61.81593
2026/05/27 18:11:00,NPP-375,Brasil,AMAZONAS,MANICORÉ,Amazônia,9.0,0.0,0.76,5.9,-8.28106,-61.61319
2026/05/27 18:11:00,NPP-375,Brasil,AMAZONAS,MANICORÉ,Amazônia,9.0,0.0,0.77,4.4,-8.29615,-61.64906
2026/05/27 18:11:00,NPP-375,Brasil,ACRE,BRASILÉIA,Amazônia,14.0,0.0,0.26,2.2,-10.76571,-68.97906
2026/05/27 18:11:00,NPP-375,Brasil,AMAZONAS,MANICORÉ,Amazônia,9.0,0.0,0.72,3.5,-8.47065,-61.80457
2026/05/27 18:11:00,NPP-375,Brasil,AMAZONAS,MANICORÉ,Amazônia,9.0,0.0,0.76,3.3,-8.30048,-61.6483
2026/05/27 18:11:00,NPP-375,Brasil,ACRE,RODRIGUES ALVES,Amazônia,6.0,0.0,0.6,7.9,-7.87796,-72.95226
2026/05/27 18:11:00,NPP-375,Brasil,AMAZONAS,MANICORÉ,Amazônia,8.0,0.0,0.72,4.2,-8.39347,-61.85852
2026/05/27 18:11:00,NPP-375,Brasil,AMAZONAS,MANICORÉ,Amazônia,8.0,0.0,0.72,2.5,-8.385,-61.78143
2026/05/27 18:11:00,NPP-375,Brasil,AMAZONAS,MANICORÉ,Amazônia,8.0,0.0,0.72,6.0,-8.37146,-61.77953
2026/05/27 18:11:00,NPP-375,Brasil,AMAZONAS,MANICORÉ,Amazônia,8.0,0.0,0.72,4.4,-8.40657,-61.81528
2026/05/27 18:11:00,NPP-375,Brasil,AMAZONAS,MANICORÉ,Amazônia,8.0,0.0,0.72,2.6,-8.38432,-61.77737
2026/05/27 18:11:00,NPP-375,Brasil,AMAZONAS,MANICORÉ,Amazônia,9.0,0.0,0.72,5.1,-8.48481,-61.81046
2026/05/27 18:11:00,NPP-375,Brasil,AMAZONAS,MANICORÉ,Amazônia,9.0,0.0,0.71,3.5,-8.46997,-61.80053
2026/05/27 18:11:00,NPP-375,Brasil,AMAZONAS,MANICORÉ,Amazônia,8.0,0.0,0.72,8.2,-8.38987,-61.86323
2026/05/27 18:11:00,NPP-375,Brasil,AMAZONAS,MANICORÉ,Amazônia,9.0,0.0,0.76,6.2,-8.26804,-61.61537
2026/05/27 18:11:00,NPP-375,Brasil,AMAZONAS,MANICORÉ,Amazônia,8.0,0.0,0.72,8.1,-8.40299,-61.82001
2026/05/27 18:11:00,NPP-375,Brasil,AMAZONAS,BOCA DO ACRE,Amazônia,9.0,0.0,0.18,3.6,-8.7478,-68.69213
2026/05/27 18:11:00,NPP-375,Brasil,AMAZONAS,MANICORÉ,Amazônia,8.0,0.0,0.72,3.7,-8.38004,-61.7781
2026/05/27 18:11:00,NPP-375,Brasil,AMAZONAS,MANICORÉ,Amazônia,8.0,0.0,0.72,4.2,-8.3928,-61.85452
2026/05/27 18:11:00,NPP-375,Brasil,AMAZONAS,MANICORÉ,Amazônia,8.0,0.0,0.74,12.4,-8.3588,-61.65117
2026/05/27 18:11:00,NPP-375,Brasil,AMAZONAS,MANICORÉ,Amazônia,9.0,0.0,0.7,7.2,-8.40433,-61.62283
2026/05/27 18:11:00,NPP-375,Brasil,AMAZONAS,MANICORÉ,Amazônia,9.0,0.0,0.76,4.4,-8.26306,-61.6163
2026/05/27 18:11:00,NPP-375,Brasil,AMAZONAS,MANICORÉ,Amazônia,9.0,0.0,0.7,5.9,-8.40213,-61.63591
2026/05/27 18:11:00,NPP-375,Brasil,ACRE,FEIJÓ,Amazônia,3.0,0.0,0.19,25.1,-9.23851,-71.63961
2026/05/27 18:11:00,NPP-375,Brasil,AMAZONAS,MANICORÉ,Amazônia,9.0,0.0,0.7,8.5,-8.40574,-61.63106
2026/05/27 18:11:00,NPP-375,Brasil,RONDÔNIA,PORTO VELHO,Amazônia,3.0,0.0,1.0,4.1,-8.64442,-63.99868
2026/05/27 18:11:00,NPP-375,Brasil,AMAZONAS,BOCA DO ACRE,Amazônia,9.0,0.0,0.18,12.1,-8.74444,-68.69263
2026/05/27 18:11:00,NPP-375,Brasil,ACRE,TARAUACÁ,Amazônia,8.0,0.0,0.33,2.3,-8.54239,-71.47941
2026/05/27 18:11:00,NPP-375,Brasil,AMAZONAS,MANICORÉ,Amazônia,9.0,0.0,0.72,7.4,-8.48549,-61.81448
2026/05/27 18:11:00,NPP-375,Brasil,PARÁ,JACAREACANGA,Amazônia,3.0,0.0,0.71,3.7,-5.99416,-57.73978
2026/05/27 18:11:00,NPP-375,Brasil,AMAZONAS,MANICORÉ,Amazônia,9.0,0.0,0.76,6.6,-8.26237,-61.61217
2026/05/27 18:11:00,NPP-375,Brasil,ACRE,FEIJÓ,Amazônia,3.0,0.0,0.19,3.8,-9.24164,-71.63432
2026/05/27 18:11:00,NPP-375,Brasil,AMAZONAS,MANICORÉ,Amazônia,8.0,0.0,0.77,7.7,-8.28389,-61.65539
2026/05/27 18:11:00,NPP-375,Brasil,AMAZONAS,MANICORÉ,Amazônia,9.0,0.0,0.74,16.6,-8.35811,-61.64706
2026/05/27 18:11:00,NPP-375,Brasil,AMAZONAS,ATALAIA DO NORTE,Amazônia,3.0,0.0,0.14,1.3,-6.80104,-72.57594
2026/05/27 18:11:00,NPP-375,Brasil,ACRE,BRASILÉIA,Amazônia,13.0,0.0,0.23,3.6,-10.65916,-69.46046
2026/05/27 18:11:00,NPP-375,Brasil,RONDÔNIA,PORTO VELHO,Amazônia,5.0,0.0,0.26,4.6,-8.45229,-63.40668
2026/05/27 18:11:00,NPP-375,Brasil,AMAZONAS,MANICORÉ,Amazônia,9.0,0.0,0.7,5.9,-8.40142,-61.63178
2026/05/27 18:11:00,NPP-375,Brasil,ACRE,CRUZEIRO DO SUL,Amazônia,3.0,0.0,0.16,7.1,-7.97635,-72.53918
2026/05/27 18:11:00,NPP-375,Brasil,AMAZONAS,MANICORÉ,Amazônia,9.0,0.0,0.71,6.9,-8.46774,-61.81334
2026/05/27 18:11:00,NPP-375,Brasil,RONDÔNIA,ALTO PARAÍSO,Amazônia,9.0,0.0,1.0,5.0,-9.74757,-63.21129
2026/05/27 18:11:00,NPP-375,Brasil,AMAZONAS,MANICORÉ,Amazônia,9.0,0.0,0.7,7.0,-8.40716,-61.63927
2026/05/27 18:11:00,NPP-375,Brasil,AMAZONAS,MANICORÉ,Amazônia,8.0,0.0,0.72,3.8,-8.39773,-61.8578
2026/05/27 18:11:00,NPP-375,Brasil,AMAZONAS,MANICORÉ,Amazônia,8.0,0.0,0.72,3.7,-8.37575,-61.77882
2026/05/27 18:11:00,NPP-375,Brasil,ACRE,PORTO WALTER,Amazônia,3.0,0.0,0.64,2.5,-8.28015,-72.78381
2026/05/27 18:13:00,NPP-375,Brasil,PARÁ,ÓBIDOS,Amazônia,2.0,0.4,0.01,3.5,-1.27006,-55.74583
2026/05/27 18:20:00,GOES-19,Brasil,PARÁ,CUMARU DO NORTE,Amazônia,13.0,0.0,0.58,83.9,-8.5541,-51.5149
2026/05/27 18:26:00,NOAA-20,Brasil,MATO GROSSO,LAMBARI D'OESTE,Amazônia,5.0,0.0,0.58,11.3,-15.38846,-57.5806
2026/05/27 18:26:00,NOAA-20,Brasil,MATO GROSSO,LAMBARI D'OESTE,Amazônia,5.0,0.0,0.5,12.9,-15.38383,-57.58164
2026/05/27 18:26:00,NOAA-20,Brasil,MATO GROSSO,VILA BELA DA SANTÍSSIMA TRINDADE,Amazônia,6.0,0.0,1.0,3.9,-14.40182,-60.21652
2026/05/27 18:26:00,NOAA-20,Brasil,MATO GROSSO,VILA BELA DA SANTÍSSIMA TRINDADE,Amazônia,8.0,0.0,1.0,6.1,-16.22122,-59.65972
2026/05/27 18:26:00,NOAA-20,Brasil,RONDÔNIA,ALTA FLORESTA D'OESTE,Amazônia,9.0,0.0,0.34,3.7,-12.59511,-62.22946
2026/05/27 18:26:00,NOAA-20,Brasil,MATO GROSSO,VILA BELA DA SANTÍSSIMA TRINDADE,Amazônia,8.0,0.0,0.86,6.6,-16.21937,-59.6641
2026/05/27 18:28:00,NOAA-20,Brasil,AMAZONAS,MANICORÉ,Amazônia,8.0,0.0,0.77,4.6,-8.29342,-61.65149
2026/05/27 18:28:00,NOAA-20,Brasil,AMAZONAS,MANICORÉ,Amazônia,8.0,0.0,0.72,11.8,-8.38537,-61.78006
2026/05/27 18:28:00,NOAA-20,Brasil,ACRE,SANTA ROSA DO PURUS,Amazônia,8.0,0.0,0.23,3.4,-9.39483,-70.47811
2026/05/27 18:28:00,NOAA-20,Brasil,AMAZONAS,MANICORÉ,Amazônia,8.0,0.0,0.77,4.6,-8.28702,-61.65272
2026/05/27 18:28:00,NOAA-20,Brasil,ACRE,FEIJÓ,Amazônia,8.0,0.0,0.17,3.7,-8.46524,-70.47268
2026/05/27 18:28:00,NOAA-20,Brasil,ACRE,FEIJÓ,Amazônia,3.0,0.0,0.19,13.3,-9.23616,-71.63644
2026/05/27 18:28:00,NOAA-20,Brasil,ACRE,FEIJÓ,Amazônia,9.0,0.0,0.7,3.8,-8.52301,-70.02456
2026/05/27 18:28:00,NOAA-20,Brasil,AMAZONAS,MANICORÉ,Amazônia,8.0,0.0,0.72,8.2,-8.40005,-61.85747
2026/05/27 18:28:00,NOAA-20,Brasil,ACRE,FEIJÓ,Amazônia,3.0,0.0,0.19,10.8,-9.239,-71.63214
2026/05/27 18:28:00,NOAA-20,Brasil,AMAZONAS,GUAJARÁ,Amazônia,8.0,0.0,0.17,13.4,-7.43619,-72.78191
2026/05/27 18:28:00,NOAA-20,Brasil,ACRE,CRUZEIRO DO SUL,Amazônia,3.0,0.0,0.16,9.2,-7.97554,-72.53699
2026/05/27 18:28:00,NOAA-20,Brasil,AMAZONAS,MANICORÉ,Amazônia,9.0,0.0,0.71,13.7,-8.46203,-61.80371
2026/05/27 18:28:00,NOAA-20,Brasil,AMAZONAS,MANICORÉ,Amazônia,8.0,0.0,0.73,4.8,-8.3328,-61.74631
2026/05/27 18:28:00,NOAA-20,Brasil,AMAZONAS,MANICORÉ,Amazônia,8.0,0.0,0.74,6.5,-8.33679,-61.74224
2026/05/27 18:28:00,NOAA-20,Brasil,ACRE,TARAUACÁ,Amazônia,8.0,0.0,0.15,4.0,-8.23963,-70.81657
2026/05/27 18:28:00,NOAA-20,Brasil,AMAZONAS,MANICORÉ,Amazônia,8.0,0.0,0.72,8.2,-8.39371,-61.85858
2026/05/27 18:28:00,NOAA-20,Brasil,AMAZONAS,MANICORÉ,Amazônia,8.0,0.0,0.74,6.5,-8.33042,-61.74344
2026/05/27 18:28:00,NOAA-20,Brasil,RONDÔNIA,ARIQUEMES,Amazônia,9.0,0.0,-999.0,3.9,-9.79454,-63.54636
2026/05/27 18:28:00,NOAA-20,Brasil,AMAZONAS,MANICORÉ,Amazônia,8.0,0.0,0.72,7.6,-8.39274,-61.85345
2026/05/27 18:28:00,NOAA-20,Brasil,ACRE,FEIJÓ,Amazônia,8.0,0.0,0.17,7.9,-8.46161,-70.47327
2026/05/27 18:28:00,NOAA-20,Brasil,ACRE,FEIJÓ,Amazônia,3.0,0.0,0.19,10.8,-9.24302,-71.63536
2026/05/27 18:28:00,NOAA-20,Brasil,ACRE,CRUZEIRO DO SUL,Amazônia,3.0,0.0,0.16,4.2,-7.85595,-72.26579
2026/05/27 18:28:00,NOAA-20,Brasil,RONDÔNIA,PORTO VELHO,Amazônia,3.0,0.0,1.0,2.6,-8.64562,-63.99691
2026/05/27 18:28:00,NOAA-20,Brasil,AMAZONAS,MANICORÉ,Amazônia,9.0,0.0,0.74,7.3,-8.35291,-61.64404
2026/05/27 18:28:00,NOAA-20,Brasil,AMAZONAS,MANICORÉ,Amazônia,9.0,0.0,0.74,8.7,-8.35392,-61.64936
2026/05/27 18:28:00,NOAA-20,Brasil,RONDÔNIA,SÃO MIGUEL DO GUAPORÉ,Amazônia,8.0,0.0,1.0,5.1,-11.86382,-62.76309
2026/05/27 18:28:00,NOAA-20,Brasil,AMAZONAS,MANICORÉ,Amazônia,8.0,0.0,0.74,4.8,-8.33179,-61.74109
2026/05/27 18:28:00,NOAA-20,Brasil,ACRE,CRUZEIRO DO SUL,Amazônia,3.0,0.0,0.16,9.2,-7.9761,-72.54059
2026/05/27 18:28:00,NOAA-20,Brasil,ACRE,FEIJÓ,Amazônia,8.0,0.0,0.17,6.5,-8.54727,-70.4725
2026/05/27 18:28:00,NOAA-20,Brasil,RONDÔNIA,THEOBROMA,Amazônia,8.0,0.0,0.49,6.1,-10.0507,-62.4581
2026/05/27 18:28:00,NOAA-20,Brasil,ACRE,PORTO WALTER,Amazônia,3.0,0.0,0.43,3.8,-8.25704,-72.79623
2026/05/27 18:28:00,NOAA-20,Brasil,ACRE,BRASILÉIA,Amazônia,14.0,0.0,0.19,2.1,-10.68097,-69.09086
2026/05/27 18:28:00,NOAA-20,Brasil,ACRE,SENA MADUREIRA,Amazônia,8.0,0.0,0.15,4.1,-9.25765,-68.37395
2026/05/27 18:28:00,NOAA-20,Brasil,ACRE,CRUZEIRO DO SUL,Amazônia,3.0,0.0,0.15,4.0,-7.73748,-72.27004
2026/05/27 18:28:00,NOAA-20,Brasil,ACRE,TARAUACÁ,Amazônia,8.0,0.0,0.11,20.8,-8.54554,-71.48248
2026/05/27 18:28:00,NOAA-20,Brasil,AMAZONAS,MANICORÉ,Amazônia,8.0,0.0,0.74,4.2,-8.34749,-61.65044
2026/05/27 18:28:00,NOAA-20,Brasil,ACRE,EPITACIOLÂNDIA,Amazônia,9.0,0.0,0.99,3.4,-10.89573,-68.57144
2026/05/27 18:28:00,NOAA-20,Brasil,RONDÔNIA,GUAJARÁ-MIRIM,Amazônia,8.0,0.0,0.38,4.5,-11.04485,-65.15178
2026/05/27 18:28:00,NOAA-20,Brasil,ACRE,TARAUACÁ,Amazônia,9.0,0.0,0.15,10.8,-8.14674,-70.63802
2026/05/27 18:28:00,NOAA-20,Brasil,ACRE,FEIJÓ,Amazônia,3.0,0.0,0.19,10.8,-9.23959,-71.6359
2026/05/27 18:28:00,NOAA-20,Brasil,AMAZONAS,MANICORÉ,Amazônia,8.0,0.0,0.73,4.8,-8.33918,-61.74515
2026/05/27 18:28:00,NOAA-20,Brasil,RONDÔNIA,SÃO MIGUEL DO GUAPORÉ,Amazônia,8.0,0.0,1.0,5.5,-11.86064,-62.76281
2026/05/27 18:28:00,NOAA-20,Brasil,ACRE,FEIJÓ,Amazônia,4.0,0.0,0.19,10.8,-9.24243,-71.63159
2026/05/27 18:28:00,NOAA-20,Brasil,AMAZONAS,MANICORÉ,Amazônia,8.0,0.0,0.72,10.6,-8.4059,-61.81912
2026/05/27 18:28:00,NOAA-20,Brasil,RONDÔNIA,NOVA MAMORÉ,Amazônia,9.0,0.0,1.0,1.6,-10.1361,-64.89532
2026/05/27 18:30:00,GOES-19,Brasil,PARÁ,CUMARU DO NORTE,Amazônia,13.0,0.0,0.18,46.2,-8.5354,-51.5163
2026/05/27 18:30:00,GOES-19,Brasil,PARÁ,CUMARU DO NORTE,Amazônia,13.0,0.0,0.58,62.8,-8.5541,-51.5149
2026/05/27 18:40:00,GOES-19,Brasil,PARÁ,CUMARU DO NORTE,Amazônia,13.0,0.0,0.58,66.4,-8.5541,-51.5149
2026/05/27 18:49:00,AQUA_M-T,Brasil,PARÁ,ÁGUA AZUL DO NORTE,Amazônia,11.0,0.0,0.66,11.2,-6.99625,-50.4743
2026/05/27 18:49:00,AQUA_M-T,Brasil,MATO GROSSO,PARANATINGA,Amazônia,10.0,0.3,0.36,40.1,-13.3804,-54.26106
2026/05/27 18:49:00,AQUA_M-T,Brasil,PARÁ,ALTAMIRA,Amazônia,7.0,0.0,0.87,9.8,-6.53285,-55.06866
2026/05/27 18:49:00,AQUA_M-T,Brasil,PARÁ,CUMARU DO NORTE,Amazônia,9.0,0.0,0.56,12.2,-7.68845,-51.11501
2026/05/27 18:49:00,AQUA_M-T,Brasil,PARÁ,CANAÃ DOS CARAJÁS,Amazônia,12.0,0.0,1.0,6.8,-6.42609,-50.18463
2026/05/27 18:49:00,AQUA_M-T,Brasil,MATO GROSSO,SÃO JOSÉ DO XINGU,Amazônia,11.0,0.0,1.0,12.5,-10.38051,-52.53017
2026/05/27 18:49:00,AQUA_M-T,Brasil,PARÁ,SÃO FÉLIX DO XINGU,Amazônia,5.0,0.0,0.93,6.2,-6.56213,-52.20253
2026/05/27 18:49:00,AQUA_M-T,Brasil,MATO GROSSO,TABAPORÃ,Amazônia,9.0,0.0,0.38,132.1,-11.51556,-56.142
2026/05/27 18:49:00,AQUA_M-T,Brasil,MATO GROSSO,VILA RICA,Amazônia,28.0,0.0,0.57,12.7,-10.05906,-51.68587
2026/05/27 18:49:00,AQUA_M-T,Brasil,MATO GROSSO,MARCELÂNDIA,Amazônia,12.0,0.0,0.22,63.0,-10.91904,-54.11529
2026/05/27 18:49:00,AQUA_M-T,Brasil,PARÁ,SANTA MARIA DAS BARREIRAS,Amazônia,15.0,0.0,0.98,12.0,-8.7447,-50.24002
2026/05/27 18:49:00,AQUA_M-T,Brasil,MATO GROSSO,ALTO BOA VISTA,Amazônia,25.0,0.0,0.62,9.0,-11.90044,-51.67292
2026/05/27 18:49:00,AQUA_M-T,Brasil,MATO GROSSO,PARANATINGA,Amazônia,12.0,0.0,0.37,118.3,-12.72923,-54.19292
2026/05/27 18:49:00,AQUA_M-T,Brasil,PARÁ,OURILÂNDIA DO NORTE,Amazônia,11.0,0.0,0.6,6.9,-7.64933,-51.67193
2026/05/27 18:49:00,AQUA_M-T,Brasil,PARÁ,OURILÂNDIA DO NORTE,Amazônia,11.0,0.0,0.46,8.2,-8.20978,-52.04181
2026/05/27 18:49:00,AQUA_M-T,Brasil,PARÁ,OURILÂNDIA DO NORTE,Amazônia,11.0,0.0,0.46,9.7,-8.24011,-52.00074
2026/05/27 18:49:00,AQUA_M-T,Brasil,MATO GROSSO,SANTA CRUZ DO XINGU,Amazônia,9.0,0.0,0.33,7.3,-10.15052,-52.13252
2026/05/27 18:49:00,AQUA_M-T,Brasil,MATO GROSSO,MARCELÂNDIA,Amazônia,11.0,0.0,0.31,29.4,-10.60173,-53.47477
2026/05/27 18:49:00,AQUA_M-T,Brasil,PARÁ,CUMARU DO NORTE,Amazônia,9.0,0.0,0.56,15.2,-7.68714,-51.10598
2026/05/27 18:49:00,AQUA_M-T,Brasil,MATO GROSSO,CONFRESA,Amazônia,12.0,0.0,1.0,5.6,-10.62565,-51.92108
2026/05/27 18:49:00,AQUA_M-T,Brasil,MATO GROSSO,TABAPORÃ,Amazônia,9.0,0.0,0.39,91.8,-11.51281,-56.12043
2026/05/27 18:49:00,AQUA_M-T,Brasil,MATO GROSSO,NOVA UBIRATÃ,Amazônia,12.0,0.0,0.31,22.5,-12.27907,-54.08614
2026/05/27 18:49:00,AQUA_M-T,Brasil,MATO GROSSO,NOVA MARINGÁ,Amazônia,10.0,0.0,0.28,69.5,-12.54624,-57.21231
2026/05/27 18:49:00,AQUA_M-T,Brasil,MATO GROSSO,CANARANA,Amazônia,25.0,0.0,0.86,14.5,-13.34685,-52.93243
2026/05/27 18:49:00,AQUA_M-T,Brasil,MATO GROSSO,GAÚCHA DO NORTE,Amazônia,29.0,0.0,0.74,15.0,-12.4294,-53.15385
2026/05/27 18:49:00,AQUA_M-T,Brasil,PARÁ,CUMARU DO NORTE,Amazônia,14.0,0.0,1.0,35.1,-8.53046,-51.57584
2026/05/27 18:49:00,AQUA_M-T,Brasil,PARÁ,CUMARU DO NORTE,Amazônia,13.0,0.0,0.76,58.4,-8.55793,-51.50711
2026/05/27 18:49:00,AQUA_M-T,Brasil,MATO GROSSO,BARRA DO BUGRES,Amazônia,5.0,0.0,0.8,32.9,-15.3882,-57.57407
2026/05/27 18:49:00,AQUA_M-T,Brasil,MATO GROSSO,NOVA UBIRATÃ,Amazônia,12.0,0.0,0.31,38.3,-12.28072,-54.09114
2026/05/27 18:49:00,AQUA_M-T,Brasil,PARÁ,CUMARU DO NORTE,Amazônia,14.0,0.0,1.0,27.3,-8.53184,-51.58534
2026/05/27 18:49:00,AQUA_M-T,Brasil,PARÁ,CUMARU DO NORTE,Amazônia,13.0,0.0,0.17,12.2,-8.56699,-51.5058
2026/05/27 18:49:00,AQUA_M-T,Brasil,PARÁ,OURILÂNDIA DO NORTE,Amazônia,11.0,0.0,0.47,6.0,-8.2415,-52.0106
2026/05/27 18:49:00,AQUA_M-T,Brasil,PARÁ,CUMARU DO NORTE,Amazônia,13.0,0.0,0.33,35.5,-8.55022,-51.51793
2026/05/27 18:49:00,AQUA_M-T,Brasil,MATO GROSSO,NOVA UBIRATÃ,Amazônia,11.0,0.55,0.26,18.0,-12.55027,-54.598
2026/05/27 18:49:00,AQUA_M-T,Brasil,MATO GROSSO,GAÚCHA DO NORTE,Amazônia,29.0,0.0,1.0,16.5,-12.42762,-53.14071
2026/05/27 18:49:00,AQUA_M-T,Brasil,MATO GROSSO,SÃO FÉLIX DO ARAGUAIA,Amazônia,12.0,0.0,0.27,22.6,-11.46695,-52.91958
2026/05/27 18:49:00,AQUA_M-T,Brasil,PARÁ,CONCEIÇÃO DO ARAGUAIA,Amazônia,11.0,0.0,1.0,41.8,-8.1187,-49.56996
2026/05/27 18:49:00,AQUA_M-T,Brasil,PARÁ,CONCEIÇÃO DO ARAGUAIA,Amazônia,12.0,0.0,1.0,5.1,-7.72981,-49.31799
2026/05/27 18:49:00,AQUA_M-T,Brasil,MATO GROSSO,CLÁUDIA,Amazônia,11.0,0.0,0.74,23.2,-11.74136,-54.81105
2026/05/27 18:49:00,AQUA_M-T,Brasil,MATO GROSSO,SÃO FÉLIX DO ARAGUAIA,Amazônia,12.0,0.0,0.28,19.7,-11.47888,-52.93049
2026/05/27 18:49:00,AQUA_M-T,Brasil,MATO GROSSO,UNIÃO DO SUL,Amazônia,28.0,0.0,0.24,9.7,-11.34249,-53.94429
2026/05/27 18:49:00,AQUA_M-T,Brasil,PARÁ,SANTANA DO ARAGUAIA,Amazônia,15.0,0.0,0.92,5.9,-9.16759,-50.03799
2026/05/27 18:49:00,AQUA_M-T,Brasil,MATO GROSSO,TABAPORÃ,Amazônia,8.0,0.0,0.27,35.5,-10.83143,-56.61788
2026/05/27 18:49:00,AQUA_M-T,Brasil,PARÁ,CONCEIÇÃO DO ARAGUAIA,Amazônia,11.0,0.0,0.91,7.1,-8.12616,-49.5598
2026/05/27 18:49:00,AQUA_M-T,Brasil,MATO GROSSO,UNIÃO DO SUL,Amazônia,28.0,0.0,0.24,11.8,-11.33144,-53.94566
2026/05/27 18:49:00,AQUA_M-T,Brasil,MATO GROSSO,MARCELÂNDIA,Amazônia,11.0,0.0,1.0,12.0,-10.99103,-54.49223
2026/05/27 18:49:00,AQUA_M-T,Brasil,MATO GROSSO,SÃO FÉLIX DO ARAGUAIA,Amazônia,12.0,0.0,0.27,71.8,-11.47717,-52.91815
2026/05/27 18:49:00,AQUA_M-T,Brasil,MATO GROSSO,PORTO DOS GAÚCHOS,Amazônia,9.0,0.0,0.54,19.7,-11.72831,-56.83232
2026/05/27 18:49:00,AQUA_M-T,Brasil,PARÁ,CUMARU DO NORTE,Amazônia,9.0,0.0,0.56,23.9,-7.67959,-51.11642
2026/05/27 18:49:00,AQUA_M-T,Brasil,PARÁ,CUMARU DO NORTE,Amazônia,13.0,0.0,0.17,14.4,-8.56835,-51.51527
2026/05/27 18:49:00,AQUA_M-T,Brasil,PARÁ,SANTANA DO ARAGUAIA,Amazônia,16.0,0.0,1.0,9.6,-9.58495,-51.07231
2026/05/27 18:49:00,AQUA_M-T,Brasil,TOCANTINS,COLMÉIA,Amazônia,12.0,0.0,1.0,6.2,-8.66468,-48.83204
2026/05/27 18:49:00,AQUA_M-T,Brasil,PARÁ,SÃO FÉLIX DO XINGU,Amazônia,6.0,0.0,0.65,22.1,-5.39799,-50.79562
2026/05/27 18:49:00,AQUA_M-T,Brasil,PARÁ,SANTANA DO ARAGUAIA,Amazônia,23.0,0.0,1.0,13.8,-9.34549,-50.89068
2026/05/27 18:49:00,AQUA_M-T,Brasil,MATO GROSSO,PORTO DOS GAÚCHOS,Amazônia,10.0,0.0,0.29,67.9,-11.93686,-57.05281
2026/05/27 18:49:00,AQUA_M-T,Brasil,MATO GROSSO,NOVA UBIRATÃ,Amazônia,11.0,0.4,0.99,26.0,-12.68968,-54.58999
2026/05/27 18:49:00,AQUA_M-T,Brasil,MATO GROSSO,PARANATINGA,Amazônia,12.0,0.0,0.58,45.5,-12.73132,-54.20895
2026/05/27 18:49:00,AQUA_M-T,Brasil,MATO GROSSO,GAÚCHA DO NORTE,Amazônia,29.0,0.0,0.97,108.7,-12.39599,-53.1451
2026/05/27 18:49:00,AQUA_M-T,Brasil,MATO GROSSO,PARANATINGA,Amazônia,10.0,0.3,0.36,38.4,-13.38257,-54.27787
2026/05/27 18:49:00,AQUA_M-T,Brasil,MATO GROSSO,SÃO JOSÉ DO XINGU,Amazônia,11.0,0.0,1.0,11.3,-10.36917,-52.52034
2026/05/27 18:49:00,AQUA_M-T,Brasil,TOCANTINS,ARAGUAÍNA,Amazônia,12.0,0.0,1.0,5.7,-7.43793,-49.02537
2026/05/27 18:49:00,AQUA_M-T,Brasil,PARÁ,SANTANA DO ARAGUAIA,Amazônia,15.0,0.0,0.78,6.3,-9.1663,-50.02916
2026/05/27 18:49:00,AQUA_M-T,Brasil,MATO GROSSO,MARCELÂNDIA,Amazônia,12.0,0.0,0.22,39.2,-10.91802,-54.12227
2026/05/27 18:49:00,AQUA_M-T,Brasil,PARÁ,CUMARU DO NORTE,Amazônia,13.0,0.0,0.33,22.3,-8.55927,-51.51648
2026/05/27 18:49:00,AQUA_M-T,Brasil,MATO GROSSO,CLÁUDIA,Amazônia,11.0,0.0,0.39,26.0,-11.75109,-54.7923
2026/05/27 18:49:00,AQUA_M-T,Brasil,MATO GROSSO,PORTO DOS GAÚCHOS,Amazônia,9.0,0.0,0.27,23.7,-11.55522,-56.94727
2026/05/27 18:49:00,AQUA_M-T,Brasil,MATO GROSSO,MARCELÂNDIA,Amazônia,12.0,0.0,0.22,17.8,-10.92097,-54.13013
2026/05/27 18:49:00,AQUA_M-T,Brasil,PARÁ,CURIONÓPOLIS,Amazônia,7.0,0.0,0.93,12.4,-6.0129,-49.5858
2026/05/27 18:49:00,AQUA_M-T,Brasil,MATO GROSSO,CLÁUDIA,Amazônia,11.0,0.0,0.3,31.9,-11.74458,-54.8001
2026/05/27 18:49:00,AQUA_M-T,Brasil,TOCANTINS,ARAGOMINAS,Amazônia,10.0,0.0,1.0,5.7,-6.90879,-48.76683
2026/05/27 18:49:00,AQUA_M-T,Brasil,PARÁ,SANTANA DO ARAGUAIA,Amazônia,20.0,0.0,1.0,7.0,-9.60127,-50.99389
2026/05/27 18:49:00,AQUA_M-T,Brasil,MATO GROSSO,LAMBARI D'OESTE,Amazônia,5.0,0.0,0.86,40.3,-15.39173,-57.60668
2026/05/27 18:49:00,AQUA_M-T,Brasil,PARÁ,SANTA MARIA DAS BARREIRAS,Amazônia,14.0,0.0,1.0,8.7,-8.94593,-50.41516
2026/05/27 18:49:00,AQUA_M-T,Brasil,PARÁ,SANTA MARIA DAS BARREIRAS,Amazônia,13.0,0.0,0.89,21.2,-8.44297,-49.71016
2026/05/27 18:49:00,AQUA_M-T,Brasil,MATO GROSSO,QUERÊNCIA,Amazônia,12.0,0.0,0.23,14.0,-12.29665,-52.48358
2026/05/27 18:49:00,AQUA_M-T,Brasil,MATO GROSSO,NOVA MARINGÁ,Amazônia,10.0,0.0,0.28,50.9,-12.54296,-57.18504
2026/05/27 18:49:00,AQUA_M-T,Brasil,PARÁ,CONCEIÇÃO DO ARAGUAIA,Amazônia,11.0,0.0,0.98,26.8,-8.12747,-49.56863
2026/05/27 18:49:00,AQUA_M-T,Brasil,PARÁ,CONCEIÇÃO DO ARAGUAIA,Amazônia,11.0,0.0,1.0,12.3,-8.11739,-49.56113
2026/05/27 18:49:00,AQUA_M-T,Brasil,MATO GROSSO,PORTO DOS GAÚCHOS,Amazônia,10.0,0.0,0.29,33.8,-11.93417,-57.05769
2026/05/27 18:49:00,AQUA_M-T,Brasil,TOCANTINS,ARAGOMINAS,Amazônia,10.0,0.0,1.0,5.2,-6.9074,-48.7575
2026/05/27 18:49:00,AQUA_M-T,Brasil,MATO GROSSO,SÃO JOSÉ DO XINGU,Amazônia,11.0,0.0,1.0,37.9,-10.37071,-52.5315
2026/05/27 18:49:00,AQUA_M-T,Brasil,MATO GROSSO,MARCELÂNDIA,Amazônia,12.0,0.0,0.24,16.5,-10.916,-54.10755
2026/05/27 18:49:00,AQUA_M-T,Brasil,PARÁ,SANTA MARIA DAS BARREIRAS,Amazônia,15.0,0.0,1.0,12.4,-8.80852,-50.49338
2026/05/27 18:49:00,AQUA_M-T,Brasil,PARÁ,ÁGUA AZUL DO NORTE,Amazônia,11.0,0.0,0.66,39.2,-6.99496,-50.46553
2026/05/27 18:49:00,AQUA_M-T,Brasil,PARÁ,CUMARU DO NORTE,Amazônia,13.0,0.0,0.93,108.0,-8.54888,-51.50846
2026/05/27 18:49:00,AQUA_M-T,Brasil,MATO GROSSO,SÃO FÉLIX DO ARAGUAIA,Amazônia,11.0,0.0,0.28,10.8,-11.36085,-52.965
2026/05/27 18:50:00,GOES-19,Brasil,PARÁ,CUMARU DO NORTE,Amazônia,13.0,0.0,0.58,82.8,-8.5541,-51.5149
2026/05/27 18:51:00,AQUA_M-T,Brasil,PARÁ,ALTAMIRA,Amazônia,3.0,0.0,0.13,6.5,-3.42787,-52.11843
2026/05/27 18:51:00,AQUA_M-T,Brasil,PARÁ,PLACAS,Amazônia,2.0,0.0,0.09,9.1,-3.65661,-54.80555
2026/05/27 18:51:00,AQUA_M-T,Brasil,PARÁ,PLACAS,Amazônia,2.0,0.0,0.1,7.5,-3.5632,-54.80003
2026/05/27 18:51:00,AQUA_M-T,Brasil,PARÁ,MOJUÍ DOS CAMPOS,Amazônia,2.0,0.0,0.05,10.1,-2.97176,-54.59252
2026/05/27 18:51:00,AQUA_M-T,Brasil,PARÁ,PLACAS,Amazônia,2.0,0.0,0.05,8.1,-3.64976,-54.81298
2026/05/27 18:51:00,AQUA_M-T,Brasil,PARÁ,ÓBIDOS,Amazônia,0.0,1.95,0.01,16.6,-1.84589,-55.23397
2026/05/27 18:51:00,AQUA_M-T,Brasil,PARÁ,MOJUÍ DOS CAMPOS,Amazônia,2.0,0.0,0.01,12.8,-2.97155,-54.59916
2026/05/27 19:00:00,GOES-19,Brasil,PARÁ,CUMARU DO NORTE,Amazônia,12.0,0.0,0.98,57.0,-8.5544,-51.4939
2026/05/27 19:00:00,GOES-19,Brasil,PARÁ,CUMARU DO NORTE,Amazônia,14.0,0.0,1.0,68.3,-8.5348,-51.5791
2026/05/27 19:00:00,GOES-19,Brasil,PARÁ,ÓBIDOS,Amazônia,0.0,2.01,0.01,79.6,-1.8411,-55.2284
2026/05/27 19:00:00,GOES-19,Brasil,PARÁ,CUMARU DO NORTE,Amazônia,13.0,0.0,0.58,77.1,-8.5541,-51.5149
2026/05/27 19:10:00,GOES-19,Brasil,PARÁ,CUMARU DO NORTE,Amazônia,12.0,0.0,0.98,57.5,-8.5544,-51.4939
2026/05/27 19:10:00,GOES-19,Brasil,PARÁ,CUMARU DO NORTE,Amazônia,13.0,0.0,0.58,74.3,-8.5541,-51.5149
2026/05/27 19:20:00,GOES-19,Brasil,PARÁ,CUMARU DO NORTE,Amazônia,14.0,0.0,1.0,56.6,-8.5348,-51.5791
2026/05/27 19:20:00,GOES-19,Brasil,PARÁ,CUMARU DO NORTE,Amazônia,13.0,0.0,0.58,74.2,-8.5541,-51.5149
2026/05/27 19:30:00,GOES-19,Brasil,PARÁ,CONCEIÇÃO DO ARAGUAIA,Amazônia,11.0,0.0,0.97,85.1,-8.1256,-49.5622
2026/05/27 19:30:00,GOES-19,Brasil,PARÁ,CUMARU DO NORTE,Amazônia,13.0,0.0,0.58,63.3,-8.5541,-51.5149
2026/05/27 19:40:00,GOES-19,Brasil,PARÁ,CONCEIÇÃO DO ARAGUAIA,Amazônia,11.0,0.0,0.97,57.6,-8.1256,-49.5622
2026/05/27 19:40:00,GOES-19,Brasil,PARÁ,CUMARU DO NORTE,Amazônia,13.0,0.0,0.58,64.5,-8.5541,-51.5149
2026/05/27 20:29:00,AQUA_M-T,Brasil,ACRE,CRUZEIRO DO SUL,Amazônia,8.0,0.0,1.0,7.1,-7.71367,-72.7488
2026/05/27 20:29:00,AQUA_M-T,Brasil,ACRE,CRUZEIRO DO SUL,Amazônia,3.0,0.0,0.88,5.9,-7.76794,-72.4912
2026/05/27 22:00:00,GOES-19,Brasil,MATO GROSSO,NOVA UBIRATÃ,Amazônia,11.0,0.56,0.31,46.5,-13.2189,-54.4975
2026/05/27 22:00:00,GOES-19,Brasil,MATO GROSSO,SÃO FÉLIX DO ARAGUAIA,Amazônia,12.0,0.0,0.27,84.9,-11.4724,-52.9193
2026/05/27 22:10:00,GOES-19,Brasil,MATO GROSSO,SÃO FÉLIX DO ARAGUAIA,Amazônia,12.0,0.0,0.27,79.6,-11.4724,-52.9193
2026/05/27 22:10:00,GOES-19,Brasil,MATO GROSSO,NOVA UBIRATÃ,Amazônia,10.0,0.65,0.3,42.2,-13.1998,-54.4996
2026/05/27 22:10:00,GOES-19,Brasil,PARÁ,ALTAMIRA,Amazônia,9.0,0.0,0.98,48.5,-8.7255,-54.9886
2026/05/27 22:10:00,GOES-19,Brasil,MATO GROSSO,UNIÃO DO SUL,Amazônia,23.0,0.0,0.23,62.9,-11.3068,-54.0299
2026/05/27 22:20:00,GOES-19,Brasil,MATO GROSSO,UNIÃO DO SUL,Amazônia,23.0,0.0,0.23,58.3,-11.3068,-54.0299
2026/05/27 22:20:00,GOES-19,Brasil,MATO GROSSO,SÃO FÉLIX DO ARAGUAIA,Amazônia,12.0,0.0,0.27,70.4,-11.4724,-52.9193
2026/05/27 22:30:00,GOES-19,Brasil,MATO GROSSO,SÃO FÉLIX DO ARAGUAIA,Amazônia,12.0,0.0,0.27,67.8,-11.4724,-52.9193
2026/05/27 22:40:00,GOES-19,Brasil,MATO GROSSO,SÃO FÉLIX DO ARAGUAIA,Amazônia,12.0,0.0,0.27,76.3,-11.4724,-52.9193
2026/05/27 22:50:00,GOES-19,Brasil,MATO GROSSO,SÃO FÉLIX DO ARAGUAIA,Amazônia,12.0,0.0,0.27,77.0,-11.4724,-52.9193
2026/05/27 23:00:00,GOES-19,Brasil,MATO GROSSO,SÃO FÉLIX DO ARAGUAIA,Amazônia,12.0,0.0,0.27,74.5,-11.4724,-52.9193
2026/05/27 23:10:00,GOES-19,Brasil,MATO GROSSO,SÃO FÉLIX DO ARAGUAIA,Amazônia,12.0,0.0,0.27,79.7,-11.4724,-52.9193
2026/05/27 23:20:00,GOES-19,Brasil,MATO GROSSO,NOVA UBIRATÃ,Amazônia,11.0,0.37,0.32,46.8,-13.2377,-54.5161
2026/05/27 23:20:00,GOES-19,Brasil,MATO GROSSO,NOVA UBIRATÃ,Amazônia,11.0,0.56,0.31,182.4,-13.2189,-54.4975
2026/05/27 23:20:00,GOES-19,Brasil,MATO GROSSO,NOVA UBIRATÃ,Amazônia,10.0,0.47,0.31,160.6,-13.2186,-54.5182
2026/05/27 23:20:00,GOES-19,Brasil,MATO GROSSO,NOVA UBIRATÃ,Amazônia,10.0,0.66,0.3,95.6,-13.1995,-54.5202
2026/05/27 23:20:00,GOES-19,Brasil,MATO GROSSO,NOVA UBIRATÃ,Amazônia,10.0,0.65,0.3,94.7,-13.1998,-54.4996
2026/05/27 23:20:00,GOES-19,Brasil,MATO GROSSO,NOVA UBIRATÃ,Amazônia,11.0,0.37,0.33,68.6,-13.238,-54.4955
2026/05/27 23:20:00,GOES-19,Brasil,MATO GROSSO,SÃO FÉLIX DO ARAGUAIA,Amazônia,12.0,0.0,0.27,69.2,-11.4724,-52.9193
2026/05/27 23:30:00,GOES-19,Brasil,MATO GROSSO,SÃO FÉLIX DO ARAGUAIA,Amazônia,12.0,0.0,0.27,70.7,-11.4724,-52.9193
2026/05/27 23:40:00,GOES-19,Brasil,MATO GROSSO,NOVA UBIRATÃ,Amazônia,10.0,0.66,0.3,102.4,-13.1995,-54.5202
2026/05/27 23:40:00,GOES-19,Brasil,MATO GROSSO,NOVA UBIRATÃ,Amazônia,11.0,0.56,0.31,154.2,-13.2189,-54.4975
2026/05/27 23:40:00,GOES-19,Brasil,MATO GROSSO,NOVA UBIRATÃ,Amazônia,10.0,0.47,0.31,143.4,-13.2186,-54.5182
2026/05/27 23:40:00,GOES-19,Brasil,MATO GROSSO,SÃO FÉLIX DO ARAGUAIA,Amazônia,12.0,0.0,0.27,73.1,-11.4724,-52.9193
2026/05/27 23:40:00,GOES-19,Brasil,MATO GROSSO,NOVA UBIRATÃ,Amazônia,10.0,0.65,0.3,104.3,-13.1998,-54.4996
2026/05/27 23:40:00,GOES-19,Brasil,MATO GROSSO,NOVA UBIRATÃ,Amazônia,11.0,0.37,0.33,40.3,-13.238,-54.4955
2026/05/27 23:50:00,GOES-19,Brasil,MATO GROSSO,NOVA UBIRATÃ,Amazônia,11.0,0.37,0.32,56.5,-13.2377,-54.5161
2026/05/27 23:50:00,GOES-19,Brasil,MATO GROSSO,NOVA UBIRATÃ,Amazônia,11.0,0.37,0.33,63.8,-13.238,-54.4955
2026/05/27 23:50:00,GOES-19,Brasil,MATO GROSSO,SÃO FÉLIX DO ARAGUAIA,Amazônia,12.0,0.0,0.27,72.4,-11.4724,-52.9193
2026/05/27 23:50:00,GOES-19,Brasil,MATO GROSSO,NOVA UBIRATÃ,Amazônia,10.0,0.65,0.3,113.8,-13.1998,-54.4996
2026/05/27 23:50:00,GOES-19,Brasil,MATO GROSSO,NOVA UBIRATÃ,Amazônia,10.0,0.66,0.3,114.2,-13.1995,-54.5202
2026/05/27 23:50:00,GOES-19,Brasil,MATO GROSSO,NOVA UBIRATÃ,Amazônia,10.0,0.47,0.31,194.4,-13.2186,-54.5182
2026/05/27 23:50:00,GOES-19,Brasil,MATO GROSSO,NOVA UBIRATÃ,Amazônia,11.0,0.56,0.31,200.7,-13.2189,-54.4975
2026/05/28 00:00:00,GOES-19,Brasil,MATO GROSSO,SÃO FÉLIX DO ARAGUAIA,Amazônia,,,,76.4,-11.4724,-52.9193
2026/05/28 00:09:00,TERRA_M-M,Brasil,MATO GROSSO,SANTA CRUZ DO XINGU,Amazônia,,,,11.9,-10.13214,-52.40214
2026/05/28 00:09:00,TERRA_M-M,Brasil,MATO GROSSO,UNIÃO DO SUL,Amazônia,,,,21.1,-11.29564,-54.02902
2026/05/28 00:09:00,TERRA_M-M,Brasil,MATO GROSSO,PORTO DOS GAÚCHOS,Amazônia,,,,42.2,-11.62968,-56.8616
2026/05/28 00:09:00,TERRA_M-M,Brasil,PARÁ,CUMARU DO NORTE,Amazônia,,,,11.4,-9.14464,-51.29271
2026/05/28 00:09:00,TERRA_M-M,Brasil,MATO GROSSO,NOVA UBIRATÃ,Amazônia,,,,170.4,-13.21692,-54.51477
2026/05/28 00:09:00,TERRA_M-M,Brasil,MATO GROSSO,UNIÃO DO SUL,Amazônia,,,,21.0,-11.30092,-54.04079
2026/05/28 00:09:00,TERRA_M-M,Brasil,MATO GROSSO,NOVA UBIRATÃ,Amazônia,,,,39.5,-13.22772,-54.49196
2026/05/28 00:09:00,TERRA_M-M,Brasil,MATO GROSSO,SÃO FÉLIX DO ARAGUAIA,Amazônia,,,,49.0,-11.46736,-52.92032
2026/05/28 00:09:00,TERRA_M-M,Brasil,MATO GROSSO,SÃO FÉLIX DO ARAGUAIA,Amazônia,,,,41.9,-11.47864,-52.9189
2026/05/28 00:09:00,TERRA_M-M,Brasil,MATO GROSSO,QUERÊNCIA,Amazônia,,,,8.6,-11.64262,-52.85556
2026/05/28 00:09:00,TERRA_M-M,Brasil,MATO GROSSO,SANTA CRUZ DO XINGU,Amazônia,,,,14.3,-10.14274,-52.40072
2026/05/28 00:09:00,TERRA_M-M,Brasil,MATO GROSSO,NOVA UBIRATÃ,Amazônia,,,,54.5,-13.21453,-54.49339
2026/05/28 00:09:00,TERRA_M-M,Brasil,PARÁ,CUMARU DO NORTE,Amazônia,,,,28.9,-9.14324,-51.28182
2026/05/28 00:09:00,TERRA_M-M,Brasil,MATO GROSSO,UNIÃO DO SUL,Amazônia,,,,12.1,-11.29879,-54.02218
2026/05/28 00:09:00,TERRA_M-M,Brasil,PARÁ,SANTA MARIA DAS BARREIRAS,Amazônia,,,,9.7,-8.40131,-50.24775
2026/05/28 00:09:00,TERRA_M-M,Brasil,MATO GROSSO,NOVA UBIRATÃ,Amazônia,,,,45.8,-13.23014,-54.51343
2026/05/28 00:09:00,TERRA_M-M,Brasil,PARÁ,SANTANA DO ARAGUAIA,Amazônia,,,,10.1,-9.33021,-50.45249
2026/05/28 00:09:00,TERRA_M-M,Brasil,MATO GROSSO,NOVA UBIRATÃ,Amazônia,,,,67.9,-13.20443,-54.501
2026/05/28 00:09:00,TERRA_M-M,Brasil,PARÁ,CONCEIÇÃO DO ARAGUAIA,Amazônia,,,,7.7,-8.22289,-49.67481
2026/05/28 00:09:00,TERRA_M-M,Brasil,MATO GROSSO,QUERÊNCIA,Amazônia,,,,9.4,-11.64442,-52.87059
2026/05/28 00:10:00,GOES-19,Brasil,MATO GROSSO,SÃO FÉLIX DO ARAGUAIA,Amazônia,,,,41.7,-11.4724,-52.9193
2026/05/28 00:20:00,GOES-19,Brasil,MATO GROSSO,NOVA UBIRATÃ,Amazônia,,,,44.3,-13.1995,-54.5202
2026/05/28 00:20:00,GOES-19,Brasil,MATO GROSSO,SÃO FÉLIX DO ARAGUAIA,Amazônia,,,,63.2,-11.4724,-52.9193
2026/05/28 00:20:00,GOES-19,Brasil,MATO GROSSO,NOVA UBIRATÃ,Amazônia,,,,59.3,-13.2186,-54.5182
2026/05/28 00:20:00,GOES-19,Brasil,MATO GROSSO,NOVA UBIRATÃ,Amazônia,,,,63.7,-13.2189,-54.4975
2026/05/28 00:30:00,GOES-19,Brasil,MATO GROSSO,NOVA UBIRATÃ,Amazônia,,,,46.9,-13.238,-54.4955
2026/05/28 00:30:00,GOES-19,Brasil,MATO GROSSO,NOVA UBIRATÃ,Amazônia,,,,98.4,-13.1998,-54.4996
2026/05/28 00:30:00,GOES-19,Brasil,MATO GROSSO,NOVA UBIRATÃ,Amazônia,,,,163.4,-13.2189,-54.4975
2026/05/28 00:30:00,GOES-19,Brasil,MATO GROSSO,NOVA UBIRATÃ,Amazônia,,,,42.6,-13.2377,-54.5161
2026/05/28 00:30:00,GOES-19,Brasil,MATO GROSSO,SÃO FÉLIX DO ARAGUAIA,Amazônia,,,,64.6,-11.4724,-52.9193
2026/05/28 00:30:00,GOES-19,Brasil,MATO GROSSO,NOVA UBIRATÃ,Amazônia,,,,156.5,-13.2186,-54.5182
2026/05/28 00:30:00,GOES-19,Brasil,MATO GROSSO,NOVA UBIRATÃ,Amazônia,,,,102.9,-13.1995,-54.5202
2026/05/28 00:40:00,GOES-19,Brasil,MATO GROSSO,NOVA UBIRATÃ,Amazônia,,,,130.2,-13.2186,-54.5182
2026/05/28 00:40:00,GOES-19,Brasil,MATO GROSSO,NOVA UBIRATÃ,Amazônia,,,,49.7,-13.2377,-54.5161
2026/05/28 00:40:00,GOES-19,Brasil,MATO GROSSO,NOVA UBIRATÃ,Amazônia,,,,78.1,-13.1998,-54.4996
2026/05/28 00:40:00,GOES-19,Brasil,MATO GROSSO,NOVA UBIRATÃ,Amazônia,,,,76.4,-13.1995,-54.5202
2026/05/28 00:40:00,GOES-19,Brasil,MATO GROSSO,NOVA UBIRATÃ,Amazônia,,,,65.8,-13.238,-54.4955
2026/05/28 00:40:00,GOES-19,Brasil,MATO GROSSO,NOVA UBIRATÃ,Amazônia,,,,149.3,-13.2189,-54.4975
2026/05/28 00:50:00,GOES-19,Brasil,MATO GROSSO,NOVA UBIRATÃ,Amazônia,,,,115.6,-13.1995,-54.5202
2026/05/28 00:50:00,GOES-19,Brasil,MATO GROSSO,NOVA UBIRATÃ,Amazônia,,,,161.9,-13.2186,-54.5182
2026/05/28 00:50:00,GOES-19,Brasil,MATO GROSSO,NOVA UBIRATÃ,Amazônia,,,,50.3,-13.2377,-54.5161
2026/05/28 00:50:00,GOES-19,Brasil,MATO GROSSO,NOVA UBIRATÃ,Amazônia,,,,109.9,-13.1998,-54.4996
2026/05/28 00:50:00,GOES-19,Brasil,MATO GROSSO,NOVA UBIRATÃ,Amazônia,,,,52.6,-13.238,-54.4955
2026/05/28 00:50:00,GOES-19,Brasil,MATO GROSSO,NOVA UBIRATÃ,Amazônia,,,,159.0,-13.2189,-54.4975
2026/05/28 01:00:00,GOES-19,Brasil,MATO GROSSO,NOVA UBIRATÃ,Amazônia,,,,44.2,-13.238,-54.4955
2026/05/28 01:00:00,GOES-19,Brasil,MATO GROSSO,NOVA UBIRATÃ,Amazônia,,,,50.1,-13.1995,-54.5202
2026/05/28 01:00:00,GOES-19,Brasil,MATO GROSSO,NOVA UBIRATÃ,Amazônia,,,,54.4,-13.1998,-54.4996
2026/05/28 01:00:00,GOES-19,Brasil,MATO GROSSO,NOVA UBIRATÃ,Amazônia,,,,109.7,-13.2189,-54.4975
2026/05/28 01:00:00,GOES-19,Brasil,MATO GROSSO,NOVA UBIRATÃ,Amazônia,,,,80.5,-13.2186,-54.5182
2026/05/28 01:00:00,GOES-19,Brasil,MATO GROSSO,SÃO FÉLIX DO ARAGUAIA,Amazônia,,,,68.6,-11.4724,-52.9193
2026/05/28 01:12:00,METOP-B,Brasil,MATO GROSSO,SÃO FÉLIX DO ARAGUAIA,Amazônia,,,,,-11.475799560546877,-52.93659973144531
2026/05/28 01:12:00,METOP-B,Brasil,MATO GROSSO,CÁCERES,Pantanal,,,,,-16.168800354003906,-58.471099853515625
2026/05/28 01:12:00,METOP-B,Brasil,MATO GROSSO,SÃO FÉLIX DO ARAGUAIA,Amazônia,,,,,-11.468899726867676,-52.91080093383789
2026/05/28 01:12:00,METOP-B,Brasil,MATO GROSSO,PORTO DOS GAÚCHOS,Amazônia,,,,,-11.6318998336792,-56.85689926147461
2026/05/28 01:12:00,METOP-B,Brasil,MATO GROSSO,CÁCERES,Pantanal,,,,,-16.159099578857422,-58.47370147705078
2026/05/28 01:30:00,GOES-19,Brasil,MATO GROSSO,NOVA UBIRATÃ,Amazônia,,,,47.7,-13.1995,-54.5202
2026/05/28 01:30:00,GOES-19,Brasil,MATO GROSSO,NOVA UBIRATÃ,Amazônia,,,,80.1,-13.2186,-54.5182
2026/05/28 01:30:00,GOES-19,Brasil,MATO GROSSO,NOVA UBIRATÃ,Amazônia,,,,87.0,-13.2189,-54.4975
2026/05/28 01:30:00,GOES-19,Brasil,MATO GROSSO,NOVA UBIRATÃ,Amazônia,,,,46.5,-13.1998,-54.4996
2026/05/28 01:50:00,GOES-19,Brasil,MATO GROSSO,NOVA UBIRATÃ,Amazônia,,,,60.5,-13.2186,-54.5182
2026/05/28 01:50:00,GOES-19,Brasil,MATO GROSSO,NOVA UBIRATÃ,Amazônia,,,,70.5,-13.2189,-54.4975
2026/05/28 02:00:00,GOES-19,Brasil,MATO GROSSO,NOVA UBIRATÃ,Amazônia,,,,91.0,-13.2186,-54.5182
2026/05/28 02:00:00,GOES-19,Brasil,MATO GROSSO,NOVA UBIRATÃ,Amazônia,,,,87.8,-13.2189,-54.4975
2026/05/28 02:00:00,GOES-19,Brasil,MATO GROSSO,NOVA UBIRATÃ,Amazônia,,,,56.1,-13.1998,-54.4996
2026/05/28 02:00:00,GOES-19,Brasil,MATO GROSSO,NOVA UBIRATÃ,Amazônia,,,,61.3,-13.1995,-54.5202
2026/05/28 02:40:00,GOES-19,Brasil,MATO GROSSO,NOVA UBIRATÃ,Amazônia,,,,68.5,-13.2189,-54.4975
2026/05/28 02:40:00,GOES-19,Brasil,MATO GROSSO,NOVA UBIRATÃ,Amazônia,,,,63.0,-13.1995,-54.5202
2026/05/28 02:40:00,GOES-19,Brasil,MATO GROSSO,NOVA UBIRATÃ,Amazônia,,,,69.1,-13.2186,-54.5182
2026/05/28 02:40:00,GOES-19,Brasil,MATO GROSSO,NOVA UBIRATÃ,Amazônia,,,,58.1,-13.1998,-54.4996
2026/05/28 02:50:00,GOES-19,Brasil,MATO GROSSO,NOVA UBIRATÃ,Amazônia,,,,108.5,-13.2189,-54.4975
2026/05/28 02:50:00,GOES-19,Brasil,MATO GROSSO,NOVA UBIRATÃ,Amazônia,,,,102.9,-13.2186,-54.5182
2026/05/28 02:50:00,GOES-19,Brasil,MATO GROSSO,NOVA UBIRATÃ,Amazônia,,,,72.0,-13.1995,-54.5202
2026/05/28 03:00:00,GOES-19,Brasil,MATO GROSSO,NOVA UBIRATÃ,Amazônia,,,,63.2,-13.1995,-54.5202
2026/05/28 03:00:00,GOES-19,Brasil,MATO GROSSO,NOVA UBIRATÃ,Amazônia,,,,86.6,-13.2189,-54.4975
2026/05/28 03:00:00,GOES-19,Brasil,MATO GROSSO,NOVA UBIRATÃ,Amazônia,,,,78.7,-13.2186,-54.5182
2026/05/28 03:10:00,GOES-19,Brasil,MATO GROSSO,NOVA UBIRATÃ,Amazônia,,,,71.5,-13.1998,-54.4996
2026/05/28 03:10:00,GOES-19,Brasil,MATO GROSSO,NOVA UBIRATÃ,Amazônia,,,,68.3,-13.1995,-54.5202
2026/05/28 03:10:00,GOES-19,Brasil,MATO GROSSO,NOVA UBIRATÃ,Amazônia,,,,106.7,-13.2189,-54.4975
2026/05/28 03:10:00,GOES-19,Brasil,MATO GROSSO,NOVA UBIRATÃ,Amazônia,,,,95.3,-13.2186,-54.5182
2026/05/28 03:20:00,GOES-19,Brasil,MATO GROSSO,NOVA UBIRATÃ,Amazônia,,,,93.3,-13.2186,-54.5182
2026/05/28 03:20:00,GOES-19,Brasil,MATO GROSSO,NOVA UBIRATÃ,Amazônia,,,,101.8,-13.2189,-54.4975
2026/05/28 03:30:00,GOES-19,Brasil,MATO GROSSO,NOVA UBIRATÃ,Amazônia,,,,59.7,-13.2189,-54.4975
2026/05/28 03:30:00,GOES-19,Brasil,MATO GROSSO,NOVA UBIRATÃ,Amazônia,,,,55.7,-13.2186,-54.5182
2026/05/28 03:40:00,GOES-19,Brasil,MATO GROSSO,NOVA UBIRATÃ,Amazônia,,,,82.9,-13.2186,-54.5182
2026/05/28 03:40:00,GOES-19,Brasil,MATO GROSSO,NOVA UBIRATÃ,Amazônia,,,,94.8,-13.2189,-54.4975
2026/05/28 03:50:00,GOES-19,Brasil,MATO GROSSO,NOVA UBIRATÃ,Amazônia,,,,78.1,-13.2186,-54.5182
2026/05/28 03:50:00,GOES-19,Brasil,MATO GROSSO,NOVA UBIRATÃ,Amazônia,,,,89.0,-13.2189,-54.4975
2026/05/28 03:51:00,NOAA-20,Brasil,PARÁ,CUMARU DO NORTE,Amazônia,,,,2.2,-9.14599,-51.27958
2026/05/28 03:51:00,NOAA-20,Brasil,PARÁ,CUMARU DO NORTE,Amazônia,,,,3.8,-9.14124,-51.28743
2026/05/28 03:51:00,NOAA-20,Brasil,PARÁ,CUMARU DO NORTE,Amazônia,,,,3.3,-9.14267,-51.28032
2026/05/28 03:51:00,NOAA-20,Brasil,PARÁ,CUMARU DO NORTE,Amazônia,,,,2.2,-9.14459,-51.28674
2026/05/28 04:00:00,GOES-19,Brasil,MATO GROSSO,NOVA UBIRATÃ,Amazônia,,,,79.8,-13.2186,-54.5182
2026/05/28 04:00:00,GOES-19,Brasil,MATO GROSSO,NOVA UBIRATÃ,Amazônia,,,,86.3,-13.2189,-54.4975
2026/05/28 04:10:00,GOES-19,Brasil,MATO GROSSO,NOVA UBIRATÃ,Amazônia,,,,87.1,-13.2189,-54.4975
2026/05/28 04:10:00,GOES-19,Brasil,MATO GROSSO,NOVA UBIRATÃ,Amazônia,,,,77.2,-13.2186,-54.5182
2026/05/28 04:20:00,GOES-19,Brasil,MATO GROSSO,NOVA UBIRATÃ,Amazônia,,,,66.0,-13.2186,-54.5182
2026/05/28 04:20:00,GOES-19,Brasil,MATO GROSSO,NOVA UBIRATÃ,Amazônia,,,,78.8,-13.2189,-54.4975
2026/05/28 04:38:00,NOAA-21,Brasil,PARÁ,PARAGOMINAS,Amazônia,,,,4.2,-3.49371,-48.03877
2026/05/28 04:38:00,NOAA-21,Brasil,PARÁ,PARAGOMINAS,Amazônia,,,,4.2,-3.49425,-48.03532
2026/05/28 04:40:00,GOES-19,Brasil,MATO GROSSO,NOVA UBIRATÃ,Amazônia,,,,66.2,-13.2189,-54.4975
2026/05/28 04:40:00,NOAA-21,Brasil,MATO GROSSO,ARIPUANÃ,Amazônia,,,,0.8,-10.44547,-59.42902
2026/05/28 04:40:00,NOAA-21,Brasil,MATO GROSSO,UNIÃO DO SUL,Amazônia,,,,1.7,-11.30175,-54.02745
2026/05/28 04:40:00,NOAA-21,Brasil,MATO GROSSO,SÃO FÉLIX DO ARAGUAIA,Amazônia,,,,4.8,-11.47102,-52.91549
2026/05/28 04:40:00,NOAA-21,Brasil,MATO GROSSO,UNIÃO DO SUL,Amazônia,,,,1.8,-11.27829,-53.96667
2026/05/28 04:40:00,NOAA-21,Brasil,MATO GROSSO,SÃO FÉLIX DO ARAGUAIA,Amazônia,,,,3.9,-11.46078,-52.92259
2026/05/28 04:40:00,NOAA-21,Brasil,MATO GROSSO,SÃO FÉLIX DO ARAGUAIA,Amazônia,,,,4.8,-11.47384,-52.91996
2026/05/28 04:40:00,NOAA-21,Brasil,MATO GROSSO,SÃO FÉLIX DO ARAGUAIA,Amazônia,,,,9.4,-11.47732,-52.92054
2026/05/28 04:40:00,NOAA-21,Brasil,MATO GROSSO,NOVA CANAÃ DO NORTE,Amazônia,,,,1.7,-10.70851,-56.05003
2026/05/28 04:40:00,NOAA-21,Brasil,MATO GROSSO,SÃO FÉLIX DO ARAGUAIA,Amazônia,,,,2.5,-11.46488,-52.91927
2026/05/28 04:40:00,NOAA-21,Brasil,MATO GROSSO,SANTA CRUZ DO XINGU,Amazônia,,,,4.3,-10.13674,-52.39869
2026/05/28 04:40:00,NOAA-21,Brasil,PARÁ,FLORESTA DO ARAGUAIA,Amazônia,,,,0.8,-7.4608,-49.7426
2026/05/28 04:40:00,NOAA-21,Brasil,MATO GROSSO,COTRIGUAÇU,Amazônia,,,,0.8,-9.60468,-58.34335
2026/05/28 04:40:00,NOAA-21,Brasil,PARÁ,SANTA MARIA DAS BARREIRAS,Amazônia,,,,1.4,-8.84629,-49.86786
2026/05/28 04:40:00,NOAA-21,Brasil,MARANHÃO,JOÃO LISBOA,Amazônia,,,,0.7,-5.1055,-46.94443
2026/05/28 04:40:00,NOAA-21,Brasil,MATO GROSSO,APIACÁS,Amazônia,,,,0.9,-9.28502,-57.84793
2026/05/28 04:40:00,NOAA-21,Brasil,PARÁ,SÃO FÉLIX DO XINGU,Amazônia,,,,0.9,-8.91335,-51.85641
2026/05/28 04:40:00,NOAA-21,Brasil,MATO GROSSO,UNIÃO DO SUL,Amazônia,,,,4.4,-11.30024,-54.03629
2026/05/28 04:40:00,NOAA-21,Brasil,MATO GROSSO,UNIÃO DO SUL,Amazônia,,,,0.5,-11.29366,-54.03061
2026/05/28 04:40:00,NOAA-21,Brasil,MATO GROSSO,TABAPORÃ,Amazônia,,,,1.1,-11.03699,-56.92312
2026/05/28 04:40:00,NOAA-21,Brasil,PARÁ,CUMARU DO NORTE,Amazônia,,,,3.4,-9.14567,-51.28958
2026/05/28 04:40:00,NOAA-21,Brasil,MATO GROSSO,SÃO FÉLIX DO ARAGUAIA,Amazônia,,,,5.4,-11.47183,-52.92044
2026/05/28 04:40:00,NOAA-21,Brasil,MATO GROSSO,SÃO FÉLIX DO ARAGUAIA,Amazônia,,,,1.7,-11.44908,-52.92866
2026/05/28 04:40:00,NOAA-21,Brasil,MATO GROSSO,MARCELÂNDIA,Amazônia,,,,1.1,-11.21995,-53.82312
2026/05/28 04:40:00,NOAA-21,Brasil,PARÁ,CUMARU DO NORTE,Amazônia,,,,2.9,-9.1429,-51.28543
2026/05/28 04:40:00,NOAA-21,Brasil,MATO GROSSO,ARIPUANÃ,Amazônia,,,,1.0,-10.44538,-59.43329
2026/05/28 04:40:00,NOAA-21,Brasil,PARÁ,CUMARU DO NORTE,Amazônia,,,,0.8,-8.43582,-51.55208
2026/05/28 04:40:00,NOAA-21,Brasil,MATO GROSSO,QUERÊNCIA,Amazônia,,,,0.9,-11.64596,-52.86101
2026/05/28 04:40:00,NOAA-21,Brasil,MATO GROSSO,SÃO FÉLIX DO ARAGUAIA,Amazônia,,,,5.4,-11.46899,-52.91595
2026/05/28 04:40:00,NOAA-21,Brasil,PARÁ,CUMARU DO NORTE,Amazônia,,,,2.9,-9.14625,-51.28598
2026/05/28 04:40:00,NOAA-21,Brasil,PARÁ,CONCEIÇÃO DO ARAGUAIA,Amazônia,,,,0.7,-8.11824,-49.56358
2026/05/28 04:40:00,NOAA-21,Brasil,MATO GROSSO,SANTA CRUZ DO XINGU,Amazônia,,,,2.2,-10.14294,-52.3992
2026/05/28 04:40:00,NOAA-21,Brasil,MATO GROSSO,VILA RICA,Amazônia,,,,0.7,-10.05269,-51.6813
2026/05/28 04:40:00,NOAA-21,Brasil,MATO GROSSO,SANTA CRUZ DO XINGU,Amazônia,,,,4.3,-10.13613,-52.40253
2026/05/28 04:40:00,NOAA-21,Brasil,PARÁ,SÃO FÉLIX DO XINGU,Amazônia,,,,0.8,-8.90711,-51.85168
2026/05/28 04:40:00,NOAA-21,Brasil,MATO GROSSO,MARCELÂNDIA,Amazônia,,,,1.1,-10.87298,-53.73849
2026/05/28 04:40:00,NOAA-21,Brasil,MATO GROSSO,PEIXOTO DE AZEVEDO,Amazônia,,,,1.0,-9.99025,-53.62619
2026/05/28 04:40:00,NOAA-21,Brasil,MATO GROSSO,SÃO FÉLIX DO ARAGUAIA,Amazônia,,,,4.8,-11.47037,-52.91938
2026/05/28 04:40:00,NOAA-21,Brasil,MATO GROSSO,UNIÃO DO SUL,Amazônia,,,,1.7,-11.28121,-53.97171
2026/05/28 04:40:00,NOAA-21,Brasil,MATO GROSSO,QUERÊNCIA,Amazônia,,,,1.2,-11.81151,-52.51552
2026/05/28 04:40:00,NOAA-21,Brasil,MATO GROSSO,QUERÊNCIA,Amazônia,,,,0.3,-11.6425,-52.86042
2026/05/28 04:40:00,NOAA-21,Brasil,MATO GROSSO,SANTA CRUZ DO XINGU,Amazônia,,,,0.7,-10.1445,-52.13208
2026/05/28 04:40:00,NOAA-21,Brasil,MARANHÃO,JOÃO LISBOA,Amazônia,,,,1.0,-5.10492,-46.94818
2026/05/28 04:40:00,NOAA-21,Brasil,MATO GROSSO,NOVA CANAÃ DO NORTE,Amazônia,,,,1.7,-10.70918,-56.04611
2026/05/28 04:40:00,NOAA-21,Brasil,MATO GROSSO,UNIÃO DO SUL,Amazônia,,,,1.8,-11.27463,-53.96605
2026/05/28 04:40:00,NOAA-21,Brasil,PARÁ,OURILÂNDIA DO NORTE,Amazônia,,,,4.9,-8.34059,-51.92284
2026/05/28 04:40:00,NOAA-21,Brasil,MATO GROSSO,UNIÃO DO SUL,Amazônia,,,,1.8,-11.27756,-53.97108
2026/05/28 04:40:00,NOAA-21,Brasil,MATO GROSSO,SÃO FÉLIX DO ARAGUAIA,Amazônia,,,,4.8,-11.47449,-52.91607
2026/05/28 04:40:00,NOAA-21,Brasil,MATO GROSSO,SÃO FÉLIX DO ARAGUAIA,Amazônia,,,,5.4,-11.47247,-52.91653
2026/05/28 04:40:00,NOAA-21,Brasil,MATO GROSSO,UNIÃO DO SUL,Amazônia,,,,1.7,-11.29808,-54.02683
2026/05/28 04:40:00,NOAA-21,Brasil,PARÁ,SANTA MARIA DAS BARREIRAS,Amazônia,,,,3.2,-8.40539,-50.2485
2026/05/28 04:40:00,NOAA-21,Brasil,MATO GROSSO,SÃO FÉLIX DO ARAGUAIA,Amazônia,,,,3.8,-11.47319,-52.92387
2026/05/28 04:40:00,NOAA-21,Brasil,PARÁ,SANTANA DO ARAGUAIA,Amazônia,,,,0.9,-9.1675,-50.0328
2026/05/28 04:40:00,NOAA-21,Brasil,MATO GROSSO,ARIPUANÃ,Amazônia,,,,0.7,-10.44484,-59.43234
2026/05/28 04:40:00,NOAA-21,Brasil,MATO GROSSO,UNIÃO DO SUL,Amazônia,,,,1.8,-11.28935,-54.01173
2026/05/28 04:40:00,NOAA-21,Brasil,PARÁ,CUMARU DO NORTE,Amazônia,,,,2.9,-9.14683,-51.28238
2026/05/28 04:40:00,NOAA-21,Brasil,PARÁ,SÃO FÉLIX DO XINGU,Amazônia,,,,0.9,-8.91053,-51.8522
2026/05/28 04:40:00,NOAA-21,Brasil,MATO GROSSO,COTRIGUAÇU,Amazônia,,,,1.4,-9.60521,-58.34044
2026/05/28 04:40:00,NOAA-21,Brasil,MATO GROSSO,SÃO FÉLIX DO ARAGUAIA,Amazônia,,,,1.0,-11.44276,-52.92359
2026/05/28 04:40:00,NOAA-21,Brasil,PARÁ,CUMARU DO NORTE,Amazônia,,,,0.8,-8.8985,-51.8617
2026/05/28 04:40:00,NOAA-21,Brasil,MATO GROSSO,UNIÃO DO SUL,Amazônia,,,,1.8,-11.2739,-53.97045
2026/05/28 04:40:00,NOAA-21,Brasil,MATO GROSSO,SANTA CRUZ DO XINGU,Amazônia,,,,4.3,-10.14019,-52.39926
2026/05/28 04:40:00,NOAA-21,Brasil,TOCANTINS,FORTALEZA DO TABOCÃO,Amazônia,,,,0.6,-9.09568,-48.6499
2026/05/28 04:40:00,NOAA-21,Brasil,MATO GROSSO,VILA RICA,Amazônia,,,,0.7,-10.05606,-51.68185
2026/05/28 04:40:00,NOAA-21,Brasil,PARÁ,CONCEIÇÃO DO ARAGUAIA,Amazônia,,,,0.7,-8.1177,-49.56704
2026/05/28 04:40:00,NOAA-21,Brasil,PARÁ,CUMARU DO NORTE,Amazônia,,,,0.8,-8.89508,-51.86119
2026/05/28 04:40:00,NOAA-21,Brasil,MATO GROSSO,SANTA CRUZ DO XINGU,Amazônia,,,,2.2,-10.1395,-52.39864
2026/05/28 04:40:00,NOAA-21,Brasil,PARÁ,CUMARU DO NORTE,Amazônia,,,,3.9,-9.14741,-51.27877
2026/05/28 04:40:00,NOAA-21,Brasil,PARÁ,CUMARU DO NORTE,Amazônia,,,,2.2,-8.52568,-51.57781
2026/05/28 04:40:00,NOAA-21,Brasil,MATO GROSSO,UNIÃO DO SUL,Amazônia,,,,4.4,-11.30099,-54.03188
2026/05/28 04:40:00,NOAA-21,Brasil,MATO GROSSO,UNIÃO DO SUL,Amazônia,,,,4.4,-11.29732,-54.03125
2026/05/28 04:40:00,NOAA-21,Brasil,PARÁ,NOVO PROGRESSO,Amazônia,,,,0.9,-7.75395,-55.34779
2026/05/28 04:40:00,NOAA-21,Brasil,MATO GROSSO,NOVA CANAÃ DO NORTE,Amazônia,,,,2.3,-10.70985,-56.04223
2026/05/28 04:40:00,NOAA-21,Brasil,PARÁ,SANTA MARIA DAS BARREIRAS,Amazônia,,,,1.1,-8.73995,-50.24145
2026/05/28 04:40:00,NOAA-21,Brasil,PARÁ,CONCEIÇÃO DO ARAGUAIA,Amazônia,,,,1.1,-8.30569,-49.40546
2026/05/28 04:42:00,NOAA-21,Brasil,MATO GROSSO,PORTO DOS GAÚCHOS,Amazônia,,,,1.9,-11.73209,-56.83807
2026/05/28 04:42:00,NOAA-21,Brasil,MATO GROSSO,NOVA MARINGÁ,Amazônia,,,,2.0,-11.81133,-57.35246
2026/05/28 04:42:00,NOAA-21,Brasil,MATO GROSSO,NOVA UBIRATÃ,Amazônia,,,,2.3,-13.21057,-54.51785
2026/05/28 04:42:00,NOAA-21,Brasil,MATO GROSSO,NOVA UBIRATÃ,Amazônia,,,,2.2,-13.19741,-54.5064
2026/05/28 04:42:00,NOAA-21,Brasil,MATO GROSSO,NOVA UBIRATÃ,Amazônia,,,,1.9,-13.19816,-54.502
2026/05/28 04:42:00,NOAA-21,Brasil,MATO GROSSO,NOVA UBIRATÃ,Amazônia,,,,2.3,-13.20614,-54.52162
2026/05/28 04:42:00,NOAA-21,Brasil,MATO GROSSO,CÁCERES,Pantanal,,,,2.2,-16.15935,-58.47561
2026/05/28 04:42:00,NOAA-21,Brasil,MATO GROSSO,PORTO ESPERIDIÃO,Pantanal,,,,1.4,-15.7941,-58.6462
2026/05/28 04:42:00,NOAA-21,Brasil,MATO GROSSO,PORTO DOS GAÚCHOS,Amazônia,,,,8.7,-11.63618,-56.866
2026/05/28 04:42:00,NOAA-21,Brasil,MATO GROSSO,NOVA UBIRATÃ,Amazônia,,,,2.9,-13.22674,-54.51166
2026/05/28 04:42:00,NOAA-21,Brasil,MATO GROSSO,NOVA UBIRATÃ,Amazônia,,,,2.5,-13.22749,-54.50723
2026/05/28 04:42:00,NOAA-21,Brasil,MATO GROSSO,PARANATINGA,Amazônia,,,,1.8,-12.72468,-54.19221
2026/05/28 04:42:00,NOAA-21,Brasil,MATO GROSSO,PARANATINGA,Amazônia,,,,1.9,-12.72321,-54.2009
2026/05/28 04:42:00,NOAA-21,Brasil,MATO GROSSO,NOVA UBIRATÃ,Amazônia,,,,2.4,-13.20032,-54.51146
2026/05/28 04:42:00,NOAA-21,Brasil,MATO GROSSO,NOVA UBIRATÃ,Amazônia,,,,3.4,-13.21575,-54.50964
2026/05/28 04:42:00,NOAA-21,Brasil,MATO GROSSO,NOVA UBIRATÃ,Amazônia,,,,3.2,-13.21133,-54.5134
2026/05/28 04:42:00,NOAA-21,Brasil,MATO GROSSO,PARANATINGA,Amazônia,,,,3.7,-13.36918,-54.27021
2026/05/28 04:42:00,NOAA-21,Brasil,MATO GROSSO,PORTO DOS GAÚCHOS,Amazônia,,,,3.4,-11.79622,-57.01215
2026/05/28 04:42:00,NOAA-21,Brasil,MATO GROSSO,NOVA UBIRATÃ,Amazônia,,,,3.4,-13.21941,-54.5103
2026/05/28 04:42:00,NOAA-21,Brasil,MATO GROSSO,CÁCERES,Pantanal,,,,3.6,-16.16382,-58.47647
2026/05/28 04:42:00,NOAA-21,Brasil,MATO GROSSO,NOVA UBIRATÃ,Amazônia,,,,3.4,-13.21866,-54.51474
2026/05/28 04:42:00,NOAA-21,Brasil,MATO GROSSO,PORTO DOS GAÚCHOS,Amazônia,,,,8.7,-11.63259,-56.86097
2026/05/28 04:42:00,NOAA-21,Brasil,MATO GROSSO,NOVA UBIRATÃ,Amazônia,,,,2.3,-13.2069,-54.51719
2026/05/28 04:42:00,NOAA-21,Brasil,MATO GROSSO,NOVA UBIRATÃ,Amazônia,,,,2.4,-13.20108,-54.50704
2026/05/28 04:42:00,NOAA-21,Brasil,MATO GROSSO,PORTO DOS GAÚCHOS,Amazônia,,,,3.4,-11.79543,-57.01654
2026/05/28 04:42:00,NOAA-21,Brasil,MATO GROSSO,CÁCERES,Pantanal,,,,2.2,-16.16165,-58.47354
2026/05/28 04:42:00,NOAA-21,Brasil,MATO GROSSO,PARANATINGA,Amazônia,,,,1.8,-13.3728,-54.27084
2026/05/28 04:42:00,NOAA-21,Brasil,MATO GROSSO,NOVA UBIRATÃ,Amazônia,,,,2.4,-13.20475,-54.50767
2026/05/28 04:42:00,NOAA-21,Brasil,MATO GROSSO,PORTO DOS GAÚCHOS,Amazônia,,,,2.5,-11.72268,-56.84068
2026/05/28 04:42:00,NOAA-21,Brasil,MATO GROSSO,PORTO DOS GAÚCHOS,Amazônia,,,,0.8,-11.93617,-57.04042
2026/05/28 04:42:00,NOAA-21,Brasil,MATO GROSSO,NOVA UBIRATÃ,Amazônia,,,,2.1,-12.54933,-54.58251
2026/05/28 04:42:00,NOAA-21,Brasil,MATO GROSSO,NOVA UBIRATÃ,Amazônia,,,,2.3,-13.19956,-54.5159
2026/05/28 04:42:00,NOAA-21,Brasil,MATO GROSSO,NOVA UBIRATÃ,Amazônia,,,,4.2,-13.22017,-54.50587
2026/05/28 04:42:00,NOAA-21,Brasil,MATO GROSSO,NOVA UBIRATÃ,Amazônia,,,,2.9,-13.2179,-54.51919
2026/05/28 04:42:00,NOAA-21,Brasil,MATO GROSSO,NOVA UBIRATÃ,Amazônia,,,,4.6,-13.2055,-54.50327
2026/05/28 04:42:00,NOAA-21,Brasil,MATO GROSSO,NOVA UBIRATÃ,Amazônia,,,,2.4,-13.20399,-54.51209
2026/05/28 04:42:00,NOAA-21,Brasil,MATO GROSSO,NOVA UBIRATÃ,Amazônia,,,,2.3,-13.20247,-54.52098
2026/05/28 04:42:00,NOAA-21,Brasil,MATO GROSSO,NOVA MARINGÁ,Amazônia,,,,1.2,-11.79957,-57.35238
2026/05/28 04:42:00,NOAA-21,Brasil,MATO GROSSO,PORTO DOS GAÚCHOS,Amazônia,,,,0.9,-11.93103,-57.04393
2026/05/28 04:42:00,NOAA-21,Brasil,MATO GROSSO,NOVA UBIRATÃ,Amazônia,,,,4.7,-13.20917,-54.50391
2026/05/28 04:42:00,NOAA-21,Brasil,MATO GROSSO,PORTO DOS GAÚCHOS,Amazônia,,,,2.5,-11.72192,-56.84494
2026/05/28 04:42:00,NOAA-21,Brasil,MATO GROSSO,NOVA UBIRATÃ,Amazônia,,,,3.3,-13.218,-54.49642
2026/05/28 04:42:00,NOAA-21,Brasil,MATO GROSSO,NOVA UBIRATÃ,Amazônia,,,,4.6,-13.20183,-54.50262
2026/05/28 04:42:00,NOAA-21,Brasil,MATO GROSSO,NOVA UBIRATÃ,Amazônia,,,,3.3,-13.22167,-54.49707
2026/05/28 04:42:00,NOAA-21,Brasil,MATO GROSSO,PORTO DOS GAÚCHOS,Amazônia,,,,8.7,-11.63694,-56.86172
2026/05/28 04:42:00,NOAA-21,Brasil,MATO GROSSO,NOVA UBIRATÃ,Amazônia,,,,2.4,-13.22608,-54.49334
2026/05/28 04:42:00,NOAA-21,Brasil,MATO GROSSO,CÁCERES,Pantanal,,,,2.3,-16.16611,-58.47441
2026/05/28 04:42:00,NOAA-21,Brasil,MATO GROSSO,NOVA MARINGÁ,Amazônia,,,,1.0,-12.54263,-57.19851
2026/05/28 04:42:00,NOAA-21,Brasil,MATO GROSSO,PORTO DOS GAÚCHOS,Amazônia,,,,5.4,-11.79184,-57.01139
2026/05/28 04:42:00,NOAA-21,Brasil,MATO GROSSO,NOVA UBIRATÃ,Amazônia,,,,4.2,-13.22092,-54.50146
2026/05/28 04:42:00,NOAA-21,Brasil,MATO GROSSO,NOVA UBIRATÃ,Amazônia,,,,2.4,-13.22533,-54.49773
2026/05/28 04:42:00,NOAA-21,Brasil,MATO GROSSO,NOVA UBIRATÃ,Amazônia,,,,4.7,-13.21284,-54.50456
2026/05/28 04:42:00,NOAA-21,Brasil,MATO GROSSO,NOVA MARINGÁ,Amazônia,,,,2.0,-11.80604,-57.3561
2026/05/28 04:42:00,NOAA-21,Brasil,MATO GROSSO,PORTO DOS GAÚCHOS,Amazônia,,,,0.9,-11.9354,-57.04474
2026/05/28 04:42:00,NOAA-21,Brasil,MATO GROSSO,NOVA UBIRATÃ,Amazônia,,,,2.8,-13.22156,-54.51987
2026/05/28 04:42:00,NOAA-21,Brasil,MATO GROSSO,PORTO DOS GAÚCHOS,Amazônia,,,,0.4,-11.9318,-57.03959
2026/05/28 04:42:00,NOAA-21,Brasil,MATO GROSSO,NOVA UBIRATÃ,Amazônia,,,,2.5,-13.22383,-54.50655
2026/05/28 04:42:00,NOAA-21,Brasil,MATO GROSSO,NOVA UBIRATÃ,Amazônia,,,,2.9,-13.21423,-54.51852
2026/05/28 04:42:00,NOAA-21,Brasil,MATO GROSSO,NOVA UBIRATÃ,Amazônia,,,,3.3,-13.21875,-54.49204
2026/05/28 04:42:00,NOAA-21,Brasil,MATO GROSSO,NOVA UBIRATÃ,Amazônia,,,,3.3,-13.22241,-54.49269
2026/05/28 04:42:00,NOAA-21,Brasil,MATO GROSSO,NOVA UBIRATÃ,Amazônia,,,,2.3,-13.20323,-54.51653
2026/05/28 04:42:00,NOAA-21,Brasil,MATO GROSSO,NOVA MARINGÁ,Amazônia,,,,1.7,-11.80156,-57.3553
2026/05/28 04:42:00,NOAA-21,Brasil,MATO GROSSO,NOVA UBIRATÃ,Amazônia,,,,3.2,-13.20766,-54.51274
2026/05/28 04:42:00,NOAA-21,Brasil,MATO GROSSO,NOVA UBIRATÃ,Amazônia,,,,2.5,-13.22458,-54.50213
2026/05/28 04:42:00,NOAA-21,Brasil,MATO GROSSO,NOVA MARINGÁ,Amazônia,,,,1.0,-12.54341,-57.19419
2026/05/28 04:42:00,NOAA-21,Brasil,MATO GROSSO,NOVA UBIRATÃ,Amazônia,,,,3.4,-13.21499,-54.51406
2026/05/28 04:42:00,NOAA-21,Brasil,MATO GROSSO,NOVA UBIRATÃ,Amazônia,,,,4.2,-13.21725,-54.50082
2026/05/28 04:42:00,NOAA-21,Brasil,MATO GROSSO,CÁCERES,Pantanal,,,,2.2,-16.16078,-58.4782
2026/05/28 04:42:00,NOAA-21,Brasil,MATO GROSSO,NOVA UBIRATÃ,Amazônia,,,,4.2,-13.2165,-54.50521
2026/05/28 04:42:00,NOAA-21,Brasil,MATO GROSSO,NOVA UBIRATÃ,Amazônia,,,,2.5,-13.22824,-54.50281
2026/05/28 04:42:00,NOAA-21,Brasil,MATO GROSSO,PARANATINGA,Amazônia,,,,1.9,-12.72395,-54.19654
2026/05/28 04:42:00,NOAA-21,Brasil,MATO GROSSO,NOVA MARINGÁ,Amazônia,,,,1.2,-11.80406,-57.35315
2026/05/28 04:42:00,NOAA-21,Brasil,MATO GROSSO,NOVA MARINGÁ,Amazônia,,,,2.0,-12.54185,-57.20282
2026/05/28 04:42:00,NOAA-21,Brasil,MATO GROSSO,PARANATINGA,Amazônia,,,,1.8,-12.72541,-54.1879
2026/05/28 04:42:00,NOAA-21,Brasil,MATO GROSSO,VILA BELA DA SANTÍSSIMA TRINDADE,Amazônia,,,,3.4,-16.21842,-59.66661
2026/05/28 04:42:00,NOAA-21,Brasil,MATO GROSSO,NOVA UBIRATÃ,Amazônia,,,,2.9,-13.22232,-54.51542
2026/05/28 04:42:00,NOAA-21,Brasil,MATO GROSSO,NOVA UBIRATÃ,Amazônia,,,,2.9,-13.22308,-54.51098
2026/05/28 04:42:00,NOAA-21,Brasil,MATO GROSSO,PORTO DOS GAÚCHOS,Amazônia,,,,1.9,-11.72776,-56.83727
2026/05/28 04:42:00,NOAA-21,Brasil,MATO GROSSO,NOVA UBIRATÃ,Amazônia,,,,2.4,-13.22899,-54.4984
2026/05/28 04:42:00,NOAA-21,Brasil,MATO GROSSO,CLÁUDIA,Amazônia,,,,1.6,-11.44974,-55.11055
2026/05/28 04:42:00,NOAA-21,Brasil,MATO GROSSO,NOVA UBIRATÃ,Amazônia,,,,3.2,-13.20841,-54.50832
2026/05/28 04:42:00,NOAA-21,Brasil,MATO GROSSO,UNIÃO DO SUL,Amazônia,,,,1.7,-11.56177,-54.53071
2026/05/28 04:42:00,NOAA-21,Brasil,MATO GROSSO,NOVA UBIRATÃ,Amazônia,,,,3.2,-13.21208,-54.50897
2026/05/28 04:42:00,NOAA-21,Brasil,MATO GROSSO,PORTO DOS GAÚCHOS,Amazônia,,,,0.8,-11.72624,-56.84579
2026/05/28 04:50:00,GOES-19,Brasil,MATO GROSSO,NOVA UBIRATÃ,Amazônia,,,,53.4,-13.2186,-54.5182
2026/05/28 04:50:00,GOES-19,Brasil,MATO GROSSO,NOVA UBIRATÃ,Amazônia,,,,67.3,-13.2189,-54.4975
2026/05/28 05:14:00,NPP-375D,Brasil,PARÁ,ALTAMIRA,Amazônia,,,,0.7,-8.09225,-55.01886
2026/05/28 05:14:00,NPP-375D,Brasil,MATO GROSSO,SÃO FÉLIX DO ARAGUAIA,Amazônia,,,,6.7,-11.4743,-52.92394
2026/05/28 05:14:00,NPP-375D,Brasil,MATO GROSSO,UNIÃO DO SUL,Amazônia,,,,1.0,-11.27365,-53.97392
2026/05/28 05:14:00,NPP-375D,Brasil,PARÁ,OURILÂNDIA DO NORTE,Amazônia,,,,5.2,-8.3385,-51.92429
2026/05/28 05:14:00,NPP-375D,Brasil,PARÁ,SÃO FÉLIX DO XINGU,Amazônia,,,,1.2,-8.91371,-51.85568
2026/05/28 05:14:00,NPP-375D,Brasil,MATO GROSSO,TABAPORÃ,Amazônia,,,,0.7,-10.82441,-56.60706
2026/05/28 05:14:00,NPP-375D,Brasil,PARÁ,CUMARU DO NORTE,Amazônia,,,,1.0,-9.14529,-51.27876
2026/05/28 05:14:00,NPP-375D,Brasil,MATO GROSSO,SÃO FÉLIX DO ARAGUAIA,Amazônia,,,,2.7,-11.45891,-52.92167
2026/05/28 05:14:00,NPP-375D,Brasil,PARÁ,TRAIRÃO,Amazônia,,,,1.5,-5.20491,-56.04427
2026/05/28 05:14:00,NPP-375D,Brasil,MATO GROSSO,UNIÃO DO SUL,Amazônia,,,,2.1,-11.27727,-53.97446
2026/05/28 05:14:00,NPP-375D,Brasil,MATO GROSSO,SÃO FÉLIX DO ARAGUAIA,Amazônia,,,,1.4,-11.44985,-52.93014
2026/05/28 05:14:00,NPP-375D,Brasil,MATO GROSSO,CLÁUDIA,Amazônia,,,,0.5,-11.44822,-55.11314
2026/05/28 05:14:00,NPP-375D,Brasil,PARÁ,CUMARU DO NORTE,Amazônia,,,,0.8,-9.1489,-51.28305
2026/05/28 05:14:00,NPP-375D,Brasil,MATO GROSSO,APIACÁS,Amazônia,,,,1.0,-9.28268,-57.84689
2026/05/28 05:14:00,NPP-375D,Brasil,MATO GROSSO,MARCELÂNDIA,Amazônia,,,,0.5,-10.84521,-53.7552
2026/05/28 05:14:00,NPP-375D,Brasil,MATO GROSSO,PEIXOTO DE AZEVEDO,Amazônia,,,,1.0,-9.99075,-53.62543
2026/05/28 05:14:00,NPP-375D,Brasil,MATO GROSSO,SÃO FÉLIX DO ARAGUAIA,Amazônia,,,,5.9,-11.47883,-52.91971
2026/05/28 05:14:00,NPP-375D,Brasil,MATO GROSSO,UNIÃO DO SUL,Amazônia,,,,2.6,-11.29613,-54.02735
2026/05/28 05:14:00,NPP-375D,Brasil,MATO GROSSO,QUERÊNCIA,Amazônia,,,,1.4,-11.64182,-52.86143
2026/05/28 05:14:00,NPP-375D,Brasil,MATO GROSSO,SÃO FÉLIX DO ARAGUAIA,Amazônia,,,,6.7,-11.47498,-52.91914
2026/05/28 05:14:00,NPP-375D,Brasil,MATO GROSSO,CLÁUDIA,Amazônia,,,,0.5,-11.44879,-55.10932
2026/05/28 05:14:00,NPP-375D,Brasil,MATO GROSSO,COTRIGUAÇU,Amazônia,,,,0.6,-9.60348,-58.34404
2026/05/28 05:14:00,NPP-375D,Brasil,MATO GROSSO,COTRIGUAÇU,Amazônia,,,,1.1,-9.60408,-58.34034
2026/05/28 05:14:00,NPP-375D,Brasil,MATO GROSSO,ITAÚBA,Amazônia,,,,0.4,-11.07471,-55.05378
2026/05/28 05:14:00,NPP-375D,Brasil,MATO GROSSO,UNIÃO DO SUL,Amazônia,,,,2.6,-11.29974,-54.0279
2026/05/28 05:14:00,NPP-375D,Brasil,MATO GROSSO,CLÁUDIA,Amazônia,,,,0.8,-11.45168,-55.11369
2026/05/28 05:14:00,NPP-375D,Brasil,MATO GROSSO,MARCELÂNDIA,Amazônia,,,,0.9,-10.87394,-53.73759
2026/05/28 05:14:00,NPP-375D,Brasil,MATO GROSSO,SANTA CRUZ DO XINGU,Amazônia,,,,1.7,-10.14233,-52.40208
2026/05/28 05:14:00,NPP-375D,Brasil,PARÁ,OURILÂNDIA DO NORTE,Amazônia,,,,1.2,-7.62137,-51.68019
2026/05/28 05:14:00,NPP-375D,Brasil,MATO GROSSO,UNIÃO DO SUL,Amazônia,,,,1.8,-11.28152,-53.97082
2026/05/28 05:14:00,NPP-375D,Brasil,MATO GROSSO,UNIÃO DO SUL,Amazônia,,,,1.3,-11.56364,-54.53057
2026/05/28 05:14:00,NPP-375D,Brasil,MATO GROSSO,UNIÃO DO SUL,Amazônia,,,,2.6,-11.29552,-54.03152
2026/05/28 05:14:00,NPP-375D,Brasil,PARÁ,ALTAMIRA,Amazônia,,,,0.6,-6.52913,-55.06661
2026/05/28 05:14:00,NPP-375D,Brasil,PARÁ,SANTANA DO ARAGUAIA,Amazônia,,,,0.7,-9.71509,-50.41197
2026/05/28 05:14:00,NPP-375D,Brasil,MATO GROSSO,NOVA CANAÃ DO NORTE,Amazônia,,,,1.5,-10.71002,-56.04317
2026/05/28 05:14:00,NPP-375D,Brasil,PARÁ,CONCEIÇÃO DO ARAGUAIA,Amazônia,,,,1.8,-8.22499,-49.67687
2026/05/28 05:14:00,NPP-375D,Brasil,AMAZONAS,MANICORÉ,Amazônia,,,,0.6,-7.86252,-61.48952
2026/05/28 05:14:00,NPP-375D,Brasil,MATO GROSSO,SANTA CRUZ DO XINGU,Amazônia,,,,4.9,-10.13453,-52.4009
2026/05/28 05:14:00,NPP-375D,Brasil,PARÁ,ALTAMIRA,Amazônia,,,,0.8,-8.21948,-55.10139
2026/05/28 05:14:00,NPP-375D,Brasil,MATO GROSSO,UNIÃO DO SUL,Amazônia,,,,1.8,-11.2779,-53.97028
2026/05/28 05:14:00,NPP-375D,Brasil,MATO GROSSO,NOVA CANAÃ DO NORTE,Amazônia,,,,1.5,-10.70947,-56.04675
2026/05/28 05:14:00,NPP-375D,Brasil,MATO GROSSO,ITAÚBA,Amazônia,,,,1.5,-11.07816,-55.05431
2026/05/28 05:14:00,NPP-375D,Brasil,PARÁ,CUMARU DO NORTE,Amazônia,,,,2.9,-9.14371,-51.28981
2026/05/28 05:14:00,NPP-375D,Brasil,MATO GROSSO,NOVA CANAÃ DO NORTE,Amazônia,,,,0.7,-10.70611,-56.04621
2026/05/28 05:14:00,NPP-375D,Brasil,PARÁ,TRAIRÃO,Amazônia,,,,2.0,-5.20436,-56.04773
2026/05/28 05:14:00,NPP-375D,Brasil,MATO GROSSO,NOVO MUNDO,Amazônia,,,,0.7,-10.04476,-55.2505
2026/05/28 05:14:00,NPP-375D,Brasil,PARÁ,CUMARU DO NORTE,Amazônia,,,,1.0,-9.14476,-51.28245
2026/05/28 05:14:00,NPP-375D,Brasil,PARÁ,CONCEIÇÃO DO ARAGUAIA,Amazônia,,,,1.0,-8.30526,-49.40412
2026/05/28 05:14:00,NPP-375D,Brasil,PARÁ,CUMARU DO NORTE,Amazônia,,,,0.8,-9.14943,-51.27936
2026/05/28 05:14:00,NPP-375D,Brasil,MATO GROSSO,SÃO FÉLIX DO ARAGUAIA,Amazônia,,,,2.1,-11.46728,-52.918
2026/05/28 05:14:00,NPP-375D,Brasil,AMAZONAS,MANICORÉ,Amazônia,,,,1.3,-7.86191,-61.4931
2026/05/28 05:14:00,NPP-375D,Brasil,MATO GROSSO,SÃO FÉLIX DO ARAGUAIA,Amazônia,,,,2.1,-11.46275,-52.92224
2026/05/28 05:14:00,NPP-375D,Brasil,MATO GROSSO,SÃO FÉLIX DO ARAGUAIA,Amazônia,,,,0.7,-11.44284,-52.92418
2026/05/28 05:14:00,NPP-375D,Brasil,MATO GROSSO,UNIÃO DO SUL,Amazônia,,,,2.5,-11.29852,-54.03625
2026/05/28 05:14:00,NPP-375D,Brasil,MATO GROSSO,UNIÃO DO SUL,Amazônia,,,,1.0,-11.2749,-53.96555
2026/05/28 05:14:00,NPP-375D,Brasil,PARÁ,CONCEIÇÃO DO ARAGUAIA,Amazônia,,,,1.2,-8.12,-49.56598
2026/05/28 05:14:00,NPP-375D,Brasil,PARÁ,CUMARU DO NORTE,Amazônia,,,,2.9,-9.14424,-51.28613
2026/05/28 05:14:00,NPP-375D,Brasil,MATO GROSSO,ARIPUANÃ,Amazônia,,,,0.7,-10.03046,-59.3515
2026/05/28 05:14:00,NPP-375D,Brasil,PARÁ,CUMARU DO NORTE,Amazônia,,,,1.5,-8.52709,-51.57867
2026/05/28 05:14:00,NPP-375D,Brasil,MARANHÃO,JOÃO LISBOA,Amazônia,,,,1.1,-5.10118,-46.9472
2026/05/28 05:14:00,NPP-375D,Brasil,MATO GROSSO,SÃO FÉLIX DO ARAGUAIA,Amazônia,,,,6.7,-11.47113,-52.91857
2026/05/28 05:14:00,NPP-375D,Brasil,MARANHÃO,JOÃO LISBOA,Amazônia,,,,1.2,-5.10069,-46.94694
2026/05/28 05:14:00,NPP-375D,Brasil,MATO GROSSO,MARCELÂNDIA,Amazônia,,,,0.9,-10.91315,-54.12352
2026/05/28 05:14:00,NPP-375D,Brasil,PARÁ,ALTAMIRA,Amazônia,,,,0.6,-6.53304,-55.0636
2026/05/28 05:14:00,NPP-375D,Brasil,MATO GROSSO,VILA RICA,Amazônia,,,,1.1,-10.04997,-51.68398
2026/05/28 05:14:00,NPP-375D,Brasil,MATO GROSSO,UNIÃO DO SUL,Amazônia,,,,2.6,-11.29913,-54.03207
2026/05/28 05:14:00,NPP-375D,Brasil,PARÁ,ALTAMIRA,Amazônia,,,,0.6,-6.52969,-55.06308
2026/05/28 05:14:00,NPP-375D,Brasil,MATO GROSSO,UNIÃO DO SUL,Amazônia,,,,1.0,-11.27427,-53.96973
2026/05/28 05:14:00,NPP-375D,Brasil,MATO GROSSO,VILA RICA,Amazônia,,,,0.8,-10.05456,-51.68093
2026/05/28 05:14:00,NPP-375D,Brasil,MATO GROSSO,MARCELÂNDIA,Amazônia,,,,0.9,-10.90956,-54.12297
2026/05/28 05:14:00,NPP-375D,Brasil,MATO GROSSO,SANTA CRUZ DO XINGU,Amazônia,,,,1.7,-10.13843,-52.40149
2026/05/28 05:16:00,NPP-375D,Brasil,MATO GROSSO,PORTO ESPERIDIÃO,Pantanal,,,,0.5,-15.82574,-58.61752
2026/05/28 05:16:00,NPP-375D,Brasil,MATO GROSSO,NOVA UBIRATÃ,Amazônia,,,,1.4,-13.2077,-54.50154
2026/05/28 05:16:00,NPP-375D,Brasil,MATO GROSSO,RIBEIRÃO CASCALHEIRA,Amazônia,,,,1.4,-12.90473,-51.87543
2026/05/28 05:16:00,NPP-375D,Brasil,MATO GROSSO,PORTO DOS GAÚCHOS,Amazônia,,,,1.7,-11.72015,-56.84486
2026/05/28 05:16:00,NPP-375D,Brasil,MATO GROSSO,NOVA UBIRATÃ,Amazônia,,,,1.1,-13.21977,-54.49473
2026/05/28 05:16:00,NPP-375D,Brasil,MATO GROSSO,PORTO DOS GAÚCHOS,Amazônia,,,,1.2,-11.73126,-56.8394
2026/05/28 05:16:00,NPP-375D,Brasil,MATO GROSSO,PORTO DOS GAÚCHOS,Amazônia,,,,0.9,-11.73181,-56.83586
2026/05/28 05:16:00,NPP-375D,Brasil,MATO GROSSO,VILA BELA DA SANTÍSSIMA TRINDADE,Amazônia,,,,1.0,-16.21677,-59.66918
2026/05/28 05:16:00,NPP-375D,Brasil,MATO GROSSO,NOVA UBIRATÃ,Amazônia,,,,3.2,-13.19926,-54.50887
2026/05/28 05:16:00,NPP-375D,Brasil,MATO GROSSO,NOVA UBIRATÃ,Amazônia,,,,2.1,-13.22213,-54.50372
2026/05/28 05:16:00,NPP-375D,Brasil,MATO GROSSO,PORTO DOS GAÚCHOS,Amazônia,,,,0.7,-11.72404,-56.84185
2026/05/28 05:16:00,NPP-375D,Brasil,MATO GROSSO,PORTO DOS GAÚCHOS,Amazônia,,,,2.7,-11.63559,-56.86698
2026/05/28 05:16:00,NPP-375D,Brasil,MATO GROSSO,NOVA UBIRATÃ,Amazônia,,,,2.1,-13.21667,-54.51579
2026/05/28 05:16:00,NPP-375D,Brasil,MATO GROSSO,NOVA UBIRATÃ,Amazônia,,,,2.1,-13.22276,-54.4995
2026/05/28 05:16:00,NPP-375D,Brasil,MATO GROSSO,PORTO DOS GAÚCHOS,Amazônia,,,,1.4,-11.79007,-57.0084
2026/05/28 05:16:00,NPP-375D,Brasil,MATO GROSSO,PORTO DOS GAÚCHOS,Amazônia,,,,5.7,-11.63281,-56.86291
2026/05/28 05:16:00,NPP-375D,Brasil,MATO GROSSO,VILA BELA DA SANTÍSSIMA TRINDADE,Amazônia,,,,0.8,-16.2661,-60.00706
2026/05/28 05:16:00,NPP-375D,Brasil,MATO GROSSO,NOVA UBIRATÃ,Amazônia,,,,2.6,-13.20709,-54.50578
2026/05/28 05:16:00,NPP-375D,Brasil,MATO GROSSO,PORTO DOS GAÚCHOS,Amazônia,,,,1.7,-11.93286,-57.04196
2026/05/28 05:16:00,NPP-375D,Brasil,MATO GROSSO,NOVA UBIRATÃ,Amazônia,,,,2.6,-13.20348,-54.50522
2026/05/28 05:16:00,NPP-375D,Brasil,MATO GROSSO,NOVA UBIRATÃ,Amazônia,,,,1.5,-13.20225,-54.51363
2026/05/28 05:16:00,NPP-375D,Brasil,MATO GROSSO,NOVA UBIRATÃ,Amazônia,,,,2.1,-13.21852,-54.50319
2026/05/28 05:16:00,NPP-375D,Brasil,MATO GROSSO,NOVA UBIRATÃ,Amazônia,,,,1.5,-13.20524,-54.51838
2026/05/28 05:16:00,NPP-375D,Brasil,MATO GROSSO,NOVA UBIRATÃ,Amazônia,,,,2.1,-13.21915,-54.49896
2026/05/28 05:16:00,NPP-375D,Brasil,MATO GROSSO,CANARANA,Amazônia,,,,2.2,-13.18419,-52.70457
2026/05/28 05:16:00,NPP-375D,Brasil,MATO GROSSO,PORTO DOS GAÚCHOS,Amazônia,,,,3.4,-11.63615,-56.86345
2026/05/28 05:16:00,NPP-375D,Brasil,MATO GROSSO,NOVA UBIRATÃ,Amazônia,,,,2.4,-13.22575,-54.50425
2026/05/28 05:16:00,NPP-375D,Brasil,MATO GROSSO,NOVA UBIRATÃ,Amazônia,,,,1.8,-13.2209,-54.51213
2026/05/28 05:16:00,NPP-375D,Brasil,MATO GROSSO,PORTO DOS GAÚCHOS,Amazônia,,,,0.7,-11.7207,-56.84132
2026/05/28 05:16:00,NPP-375D,Brasil,MATO GROSSO,PARANATINGA,Amazônia,,,,1.3,-12.725,-54.19294
2026/05/28 05:16:00,NPP-375D,Brasil,MATO GROSSO,NOVA UBIRATÃ,Amazônia,,,,1.4,-13.2041,-54.501
2026/05/28 05:16:00,NPP-375D,Brasil,MATO GROSSO,PORTO DOS GAÚCHOS,Amazônia,,,,3.4,-11.63948,-56.86399
2026/05/28 05:16:00,NPP-375D,Brasil,MATO GROSSO,NOVA UBIRATÃ,Amazônia,,,,2.3,-13.2143,-54.50686
2026/05/28 05:16:00,NPP-375D,Brasil,MATO GROSSO,CÁCERES,Pantanal,,,,1.7,-16.16278,-58.4739
2026/05/28 05:16:00,NPP-375D,Brasil,MATO GROSSO,NOVA MARINGÁ,Amazônia,,,,0.9,-11.8024,-57.3541
2026/05/28 05:16:00,NPP-375D,Brasil,MATO GROSSO,NOVA MARINGÁ,Amazônia,,,,0.8,-11.79907,-57.35356
2026/05/28 05:16:00,NPP-375D,Brasil,MATO GROSSO,VILA BELA DA SANTÍSSIMA TRINDADE,Amazônia,,,,0.9,-16.26889,-60.01147
2026/05/28 05:16:00,NPP-375D,Brasil,MATO GROSSO,NOVA UBIRATÃ,Amazônia,,,,3.2,-13.19987,-54.50467
2026/05/28 05:16:00,NPP-375D,Brasil,MATO GROSSO,NOVA UBIRATÃ,Amazônia,,,,1.9,-12.54882,-54.58346
2026/05/28 05:16:00,NPP-375D,Brasil,MATO GROSSO,VILA BELA DA SANTÍSSIMA TRINDADE,Amazônia,,,,1.0,-16.22077,-59.66604
2026/05/28 05:16:00,NPP-375D,Brasil,MATO GROSSO,NOVA UBIRATÃ,Amazônia,,,,2.4,-13.22637,-54.50003
2026/05/28 05:16:00,NPP-375D,Brasil,MATO GROSSO,PORTO DOS GAÚCHOS,Amazônia,,,,2.9,-11.79774,-57.0166
2026/05/28 05:16:00,NPP-375D,Brasil,MATO GROSSO,VILA BELA DA SANTÍSSIMA TRINDADE,Amazônia,,,,1.0,-16.218,-59.66171
2026/05/28 05:16:00,NPP-375D,Brasil,MATO GROSSO,NOVA UBIRATÃ,Amazônia,,,,2.6,-13.20647,-54.50998
2026/05/28 05:16:00,NPP-375D,Brasil,MATO GROSSO,NOVA UBIRATÃ,Amazônia,,,,1.8,-13.21791,-54.5074
2026/05/28 05:16:00,NPP-375D,Brasil,MATO GROSSO,PORTO DOS GAÚCHOS,Amazônia,,,,3.4,-11.6367,-56.85991
2026/05/28 05:16:00,NPP-375D,Brasil,MATO GROSSO,NOVA UBIRATÃ,Amazônia,,,,2.1,-13.19864,-54.51307
2026/05/28 05:16:00,NPP-375D,Brasil,MATO GROSSO,NOVA UBIRATÃ,Amazônia,,,,2.1,-13.21606,-54.51997
2026/05/28 05:16:00,NPP-375D,Brasil,MATO GROSSO,CÁCERES,Pantanal,,,,0.8,-16.15888,-58.47688
2026/05/28 05:16:00,NPP-375D,Brasil,MATO GROSSO,NOVA UBIRATÃ,Amazônia,,,,1.5,-13.20585,-54.51419
2026/05/28 05:16:00,NPP-375D,Brasil,MATO GROSSO,PARANATINGA,Amazônia,,,,1.0,-12.72375,-54.20147
2026/05/28 05:16:00,NPP-375D,Brasil,MATO GROSSO,NOVA UBIRATÃ,Amazônia,,,,1.1,-13.22338,-54.49527
2026/05/28 05:16:00,NPP-375D,Brasil,MATO GROSSO,NOVA UBIRATÃ,Amazônia,,,,1.8,-13.22151,-54.50793
2026/05/28 05:16:00,NPP-375D,Brasil,MATO GROSSO,NOVA UBIRATÃ,Amazônia,,,,0.5,-13.22699,-54.49581
2026/05/28 05:16:00,NPP-375D,Brasil,MATO GROSSO,NOVA UBIRATÃ,Amazônia,,,,2.1,-13.21966,-54.5205
2026/05/28 05:16:00,NPP-375D,Brasil,MATO GROSSO,PORTO DOS GAÚCHOS,Amazônia,,,,2.9,-11.79441,-57.01606
2026/05/28 05:16:00,NPP-375D,Brasil,MATO GROSSO,NOVA UBIRATÃ,Amazônia,,,,2.6,-13.20286,-54.50943
2026/05/28 05:16:00,NPP-375D,Brasil,MATO GROSSO,PORTO DOS GAÚCHOS,Amazônia,,,,0.8,-11.72515,-56.83478
2026/05/28 05:16:00,NPP-375D,Brasil,MATO GROSSO,NOVA UBIRATÃ,Amazônia,,,,1.4,-13.22389,-54.51683
2026/05/28 05:16:00,NPP-375D,Brasil,MATO GROSSO,NOVA UBIRATÃ,Amazônia,,,,2.1,-13.19803,-54.51726
2026/05/28 05:16:00,NPP-375D,Brasil,MATO GROSSO,PORTO DOS GAÚCHOS,Amazônia,,,,1.4,-11.78951,-57.01193
2026/05/28 05:16:00,NPP-375D,Brasil,MATO GROSSO,NOVA UBIRATÃ,Amazônia,,,,1.9,-13.20946,-54.51472
2026/05/28 05:16:00,NPP-375D,Brasil,MATO GROSSO,PORTO DOS GAÚCHOS,Amazônia,,,,1.0,-11.79496,-57.01253
2026/05/28 05:16:00,NPP-375D,Brasil,MATO GROSSO,CÁCERES,Pantanal,,,,0.8,-16.15944,-58.47333
2026/05/28 05:16:00,NPP-375D,Brasil,MATO GROSSO,CÁCERES,Pantanal,,,,0.6,-16.16945,-58.47504
2026/05/28 05:16:00,NPP-375D,Brasil,MATO GROSSO,NOVA UBIRATÃ,Amazônia,,,,1.5,-13.20163,-54.51782
2026/05/28 05:16:00,NPP-375D,Brasil,MATO GROSSO,PORTO DOS GAÚCHOS,Amazônia,,,,1.7,-11.72348,-56.84539
2026/05/28 05:16:00,NPP-375D,Brasil,MATO GROSSO,PORTO DOS GAÚCHOS,Amazônia,,,,1.4,-11.79284,-57.01247
2026/05/28 05:16:00,NPP-375D,Brasil,MATO GROSSO,NOVA UBIRATÃ,Amazônia,,,,2.3,-13.21069,-54.50632
2026/05/28 05:16:00,NPP-375D,Brasil,MATO GROSSO,CÁCERES,Pantanal,,,,1.7,-16.16611,-58.47447
2026/05/28 05:16:00,NPP-375D,Brasil,MATO GROSSO,CANARANA,Amazônia,,,,2.4,-13.18203,-52.70713
2026/05/28 05:16:00,NPP-375D,Brasil,MATO GROSSO,NOVA UBIRATÃ,Amazônia,,,,1.9,-13.21492,-54.50264
2026/05/28 05:16:00,NPP-375D,Brasil,MATO GROSSO,NOVA UBIRATÃ,Amazônia,,,,2.1,-13.22028,-54.51632
2026/05/28 05:16:00,NPP-375D,Brasil,MATO GROSSO,NOVA MARINGÁ,Amazônia,,,,0.9,-11.80573,-57.35465
2026/05/28 05:16:00,NPP-375D,Brasil,MATO GROSSO,NOVA MARINGÁ,Amazônia,,,,1.0,-11.81295,-57.35221
2026/05/28 05:16:00,NPP-375D,Brasil,MATO GROSSO,NOVA UBIRATÃ,Amazônia,,,,1.8,-13.21729,-54.5116
2026/05/28 05:16:00,NPP-375D,Brasil,MATO GROSSO,NOVA UBIRATÃ,Amazônia,,,,1.9,-13.21245,-54.51944
2026/05/28 05:16:00,NPP-375D,Brasil,MATO GROSSO,NOVA UBIRATÃ,Amazônia,,,,2.0,-13.22513,-54.50845
2026/05/28 05:16:00,NPP-375D,Brasil,MATO GROSSO,NOVA UBIRATÃ,Amazônia,,,,2.3,-13.21007,-54.51053
2026/05/28 05:16:00,NPP-375D,Brasil,MATO GROSSO,NOVA UBIRATÃ,Amazônia,,,,1.9,-13.20884,-54.51891
2026/05/28 05:16:00,NPP-375D,Brasil,MATO GROSSO,NOVA UBIRATÃ,Amazônia,,,,2.0,-13.22451,-54.51265
2026/05/28 05:16:00,NPP-375D,Brasil,MATO GROSSO,NOVA UBIRATÃ,Amazônia,,,,1.9,-13.21306,-54.51526
2026/05/28 05:16:00,NPP-375D,Brasil,MATO GROSSO,PARANATINGA,Amazônia,,,,1.0,-12.72438,-54.19722
2026/05/28 05:16:00,NPP-375D,Brasil,MATO GROSSO,PORTO DOS GAÚCHOS,Amazônia,,,,5.7,-11.63337,-56.85937
2026/05/28 05:16:00,NPP-375D,Brasil,MATO GROSSO,NOVA UBIRATÃ,Amazônia,,,,1.9,-13.21131,-54.50209
2026/05/28 05:16:00,NPP-375D,Brasil,MATO GROSSO,PORTO DOS GAÚCHOS,Amazônia,,,,0.7,-11.72126,-56.83778
2026/05/28 05:16:00,NPP-375D,Brasil,MATO GROSSO,VILA BELA DA SANTÍSSIMA TRINDADE,Amazônia,,,,0.6,-16.2345,-59.98572
2026/05/28 05:16:00,NPP-375D,Brasil,MATO GROSSO,CÁCERES,Pantanal,,,,1.7,-16.16221,-58.47746
2026/05/28 05:16:00,NPP-375D,Brasil,MATO GROSSO,NOVA MARINGÁ,Amazônia,,,,1.0,-11.80906,-57.35519
2026/05/28 05:16:00,NPP-375D,Brasil,MATO GROSSO,PORTO DOS GAÚCHOS,Amazônia,,,,0.9,-11.72848,-56.83532
2026/05/28 05:16:00,NPP-375D,Brasil,MATO GROSSO,PORTO DOS GAÚCHOS,Amazônia,,,,1.0,-11.54741,-56.93629
2026/05/28 05:16:00,NPP-375D,Brasil,MATO GROSSO,VILA BELA DA SANTÍSSIMA TRINDADE,Amazônia,,,,1.0,-16.21738,-59.66545
2026/05/28 05:16:00,NPP-375D,Brasil,MATO GROSSO,BRASNORTE,Amazônia,,,,1.5,-11.63908,-58.2432
2026/05/28 05:16:00,NPP-375D,Brasil,MATO GROSSO,NOVA UBIRATÃ,Amazônia,,,,2.3,-13.21368,-54.51107
2026/05/28 05:16:00,NPP-375D,Brasil,MATO GROSSO,PORTO DOS GAÚCHOS,Amazônia,,,,1.4,-11.7934,-57.00895
2026/05/28 05:18:00,NPP-375D,Brasil,MATO GROSSO DO SUL,CORUMBÁ,Pantanal,,,,0.9,-19.00175,-57.62477
2026/05/28 05:31:00,NOAA-20,Brasil,PARÁ,CUMARU DO NORTE,Amazônia,,,,2.0,-9.14569,-51.28294
2026/05/28 05:31:00,NOAA-20,Brasil,PARÁ,ALTAMIRA,Amazônia,,,,0.8,-6.52791,-55.06282
2026/05/28 05:31:00,NOAA-20,Brasil,PARÁ,OURILÂNDIA DO NORTE,Amazônia,,,,1.4,-8.34022,-51.92508
2026/05/28 05:31:00,NOAA-20,Brasil,PARÁ,TRAIRÃO,Amazônia,,,,2.8,-5.20473,-56.04662
2026/05/28 05:31:00,NOAA-20,Brasil,PARÁ,CUMARU DO NORTE,Amazônia,,,,1.7,-9.14019,-51.28533
2026/05/28 05:31:00,NOAA-20,Brasil,AMAZONAS,MANICORÉ,Amazônia,,,,1.3,-7.86344,-61.49201
2026/05/28 05:31:00,NOAA-20,Brasil,PARÁ,CUMARU DO NORTE,Amazônia,,,,1.7,-9.14638,-51.28607
2026/05/28 05:31:00,NOAA-20,Brasil,PARÁ,ALTAMIRA,Amazônia,,,,0.8,-6.53255,-55.06347
2026/05/28 05:31:00,NOAA-20,Brasil,AMAZONAS,MANICORÉ,Amazônia,,,,0.8,-7.86399,-61.48848
2026/05/28 05:31:00,NOAA-20,Brasil,PARÁ,CUMARU DO NORTE,Amazônia,,,,1.7,-9.147,-51.28136
2026/05/28 05:31:00,NOAA-20,Brasil,PARÁ,OURILÂNDIA DO NORTE,Amazônia,,,,2.8,-8.33595,-51.92046
2026/05/28 05:31:00,NOAA-20,Brasil,PARÁ,CUMARU DO NORTE,Amazônia,,,,2.9,-9.1451,-51.28767
2026/05/28 05:31:00,NOAA-20,Brasil,PARÁ,OURILÂNDIA DO NORTE,Amazônia,,,,1.4,-8.34081,-51.92056
2026/05/28 05:31:00,NOAA-20,Brasil,PARÁ,CUMARU DO NORTE,Amazônia,,,,1.4,-9.14761,-51.27665
2026/05/28 05:31:00,NOAA-20,Brasil,PARÁ,CUMARU DO NORTE,Amazônia,,,,2.0,-9.14627,-51.27823
2026/05/28 05:33:00,NOAA-20,Brasil,MATO GROSSO,TABAPORÃ,Amazônia,,,,1.0,-11.03808,-56.92539
2026/05/28 05:33:00,NOAA-20,Brasil,MATO GROSSO,SÃO FÉLIX DO ARAGUAIA,Amazônia,,,,3.7,-11.47379,-52.92292
2026/05/28 05:33:00,NOAA-20,Brasil,MATO GROSSO,NOVA MARINGÁ,Amazônia,,,,0.8,-12.05113,-57.41799
2026/05/28 05:33:00,NOAA-20,Brasil,MATO GROSSO,NOVA UBIRATÃ,Amazônia,,,,2.4,-13.21832,-54.51137
2026/05/28 05:33:00,NOAA-20,Brasil,MATO GROSSO,NOVA UBIRATÃ,Amazônia,,,,1.5,-13.20309,-54.51289
2026/05/28 05:33:00,NOAA-20,Brasil,MATO GROSSO,NOVA UBIRATÃ,Amazônia,,,,2.4,-13.22068,-54.50139
2026/05/28 05:33:00,NOAA-20,Brasil,MATO GROSSO,NOVA UBIRATÃ,Amazônia,,,,2.4,-13.21871,-54.50803
2026/05/28 05:33:00,NOAA-20,Brasil,MATO GROSSO,UNIÃO DO SUL,Amazônia,,,,2.2,-11.29964,-54.03513
2026/05/28 05:33:00,NOAA-20,Brasil,MATO GROSSO,NOVA UBIRATÃ,Amazônia,,,,0.7,-13.20435,-54.50283
2026/05/28 05:33:00,NOAA-20,Brasil,MATO GROSSO,PORTO DOS GAÚCHOS,Amazônia,,,,1.9,-11.93193,-57.04253
2026/05/28 05:33:00,NOAA-20,Brasil,MATO GROSSO,NOVA UBIRATÃ,Amazônia,,,,2.8,-13.22431,-54.51526
2026/05/28 05:33:00,NOAA-20,Brasil,MATO GROSSO,PORTO DOS GAÚCHOS,Amazônia,,,,2.8,-11.79304,-57.0116
2026/05/28 05:33:00,NOAA-20,Brasil,MATO GROSSO,SÃO FÉLIX DO ARAGUAIA,Amazônia,,,,1.2,-11.45656,-52.92073
2026/05/28 05:33:00,NOAA-20,Brasil,MATO GROSSO,NOVA UBIRATÃ,Amazônia,,,,2.4,-13.22402,-54.5086
2026/05/28 05:33:00,NOAA-20,Brasil,MATO GROSSO,SANTA CRUZ DO XINGU,Amazônia,,,,0.8,-10.14025,-52.39777
2026/05/28 05:33:00,NOAA-20,Brasil,MATO GROSSO,NOVA MARINGÁ,Amazônia,,,,0.7,-11.80068,-57.35622
2026/05/28 05:33:00,NOAA-20,Brasil,MATO GROSSO,UNIÃO DO SUL,Amazônia,,,,2.1,-11.29515,-54.02784
2026/05/28 05:33:00,NOAA-20,Brasil,MATO GROSSO,PARANATINGA,Amazônia,,,,1.2,-12.72337,-54.19611
2026/05/28 05:33:00,NOAA-20,Brasil,MATO GROSSO,PARANATINGA,Amazônia,,,,0.5,-12.72003,-54.19838
2026/05/28 05:33:00,NOAA-20,Brasil,MATO GROSSO,NOVA UBIRATÃ,Amazônia,,,,1.6,-13.21301,-54.51077
2026/05/28 05:33:00,NOAA-20,Brasil,MATO GROSSO,PORTO DOS GAÚCHOS,Amazônia,,,,1.1,-11.72746,-56.83608
2026/05/28 05:33:00,NOAA-20,Brasil,RONDÔNIA,COSTA MARQUES,Amazônia,,,,0.9,-12.09224,-64.2588
2026/05/28 05:33:00,NOAA-20,Brasil,MATO GROSSO,NOVA UBIRATÃ,Amazônia,,,,2.0,-13.20731,-54.51347
2026/05/28 05:33:00,NOAA-20,Brasil,MATO GROSSO,CÁCERES,Pantanal,,,,1.0,-16.16565,-58.47626
2026/05/28 05:33:00,NOAA-20,Brasil,MATO GROSSO,NOVA UBIRATÃ,Amazônia,,,,1.1,-13.2085,-54.50338
2026/05/28 05:33:00,NOAA-20,Brasil,MATO GROSSO,NOVA UBIRATÃ,Amazônia,,,,2.8,-13.21858,-54.518
2026/05/28 05:33:00,NOAA-20,Brasil,MATO GROSSO,NOVA UBIRATÃ,Amazônia,,,,1.4,-13.20965,-54.50349
2026/05/28 05:33:00,NOAA-20,Brasil,MATO GROSSO,NOVA MARINGÁ,Amazônia,,,,1.3,-11.80551,-57.35275
2026/05/28 05:33:00,NOAA-20,Brasil,MATO GROSSO,NOVA MARINGÁ,Amazônia,,,,1.3,-11.80979,-57.35332
2026/05/28 05:33:00,NOAA-20,Brasil,MATO GROSSO,NOVA UBIRATÃ,Amazônia,,,,2.6,-13.22482,-54.5019
2026/05/28 05:33:00,NOAA-20,Brasil,MATO GROSSO,PARANATINGA,Amazônia,,,,1.1,-12.72669,-54.18889
2026/05/28 05:33:00,NOAA-20,Brasil,MATO GROSSO,PORTO DOS GAÚCHOS,Amazônia,,,,1.5,-11.73188,-56.83669
2026/05/28 05:33:00,NOAA-20,Brasil,MATO GROSSO,MARCELÂNDIA,Amazônia,,,,0.7,-10.9143,-54.12422
2026/05/28 05:33:00,NOAA-20,Brasil,MATO GROSSO,PARANATINGA,Amazônia,,,,1.2,-12.72297,-54.19949
2026/05/28 05:33:00,NOAA-20,Brasil,MATO GROSSO,PARANATINGA,Amazônia,,,,0.8,-12.72581,-54.1958
2026/05/28 05:33:00,NOAA-20,Brasil,MATO GROSSO,UNIÃO DO SUL,Amazônia,,,,1.4,-11.27486,-53.97348
2026/05/28 05:33:00,NOAA-20,Brasil,MATO GROSSO,NOVA UBIRATÃ,Amazônia,,,,2.4,-13.22363,-54.51193
2026/05/28 05:33:00,NOAA-20,Brasil,MATO GROSSO,JUARA,Amazônia,,,,0.9,-11.41225,-57.80647
2026/05/28 05:33:00,NOAA-20,Brasil,MATO GROSSO,NOVA UBIRATÃ,Amazônia,,,,1.0,-13.21581,-54.49732
2026/05/28 05:33:00,NOAA-20,Brasil,MATO GROSSO,MARCELÂNDIA,Amazônia,,,,0.7,-10.90943,-54.12027
2026/05/28 05:33:00,NOAA-20,Brasil,MATO GROSSO,NOVA UBIRATÃ,Amazônia,,,,1.1,-13.21381,-54.50404
2026/05/28 05:33:00,NOAA-20,Brasil,MATO GROSSO,UNIÃO DO SUL,Amazônia,,,,1.3,-11.29192,-54.01054
2026/05/28 05:33:00,NOAA-20,Brasil,MATO GROSSO,VILA RICA,Amazônia,,,,1.7,-10.05036,-51.68274
2026/05/28 05:33:00,NOAA-20,Brasil,MATO GROSSO,NOVA UBIRATÃ,Amazônia,,,,1.3,-13.22111,-54.49799
2026/05/28 05:33:00,NOAA-20,Brasil,MATO GROSSO,NOVA UBIRATÃ,Amazônia,,,,1.9,-13.22323,-54.51523
2026/05/28 05:33:00,NOAA-20,Brasil,MATO GROSSO,NOVA UBIRATÃ,Amazônia,,,,1.8,-13.20881,-54.51022
2026/05/28 05:33:00,NOAA-20,Brasil,MATO GROSSO,NOVA UBIRATÃ,Amazônia,,,,1.6,-13.21341,-54.50741
2026/05/28 05:33:00,NOAA-20,Brasil,MATO GROSSO,UNIÃO DO SUL,Amazônia,,,,1.3,-11.28062,-53.97087
2026/05/28 05:33:00,NOAA-20,Brasil,MATO GROSSO,PORTO DOS GAÚCHOS,Amazônia,,,,1.9,-11.93272,-57.04146
2026/05/28 05:33:00,NOAA-20,Brasil,MATO GROSSO,NOVA UBIRATÃ,Amazônia,,,,1.6,-13.20811,-54.50676
2026/05/28 05:33:00,NOAA-20,Brasil,MATO GROSSO,NOVA UBIRATÃ,Amazônia,,,,1.9,-13.22284,-54.51853
2026/05/28 05:33:00,NOAA-20,Brasil,MATO GROSSO,NOVA UBIRATÃ,Amazônia,,,,1.1,-13.21421,-54.50062
2026/05/28 05:33:00,NOAA-20,Brasil,MATO GROSSO,NOVA UBIRATÃ,Amazônia,,,,1.9,-13.21753,-54.51797
2026/05/28 05:33:00,NOAA-20,Brasil,MATO GROSSO,NOVA UBIRATÃ,Amazônia,,,,1.9,-13.21792,-54.51468
2026/05/28 05:33:00,NOAA-20,Brasil,MATO GROSSO,PORTO DOS GAÚCHOS,Amazônia,,,,4.5,-11.6346,-56.86043
2026/05/28 05:33:00,NOAA-20,Brasil,MATO GROSSO,BRASNORTE,Amazônia,,,,1.2,-11.63766,-58.24175
2026/05/28 05:33:00,NOAA-20,Brasil,MATO GROSSO,NOVA UBIRATÃ,Amazônia,,,,2.0,-13.21262,-54.5141
2026/05/28 05:33:00,NOAA-20,Brasil,MATO GROSSO,SÃO FÉLIX DO ARAGUAIA,Amazônia,,,,3.7,-11.46804,-52.92221
2026/05/28 05:33:00,NOAA-20,Brasil,MATO GROSSO,UNIÃO DO SUL,Amazônia,,,,2.2,-11.30006,-54.03182
2026/05/28 05:33:00,NOAA-20,Brasil,MATO GROSSO,PARANATINGA,Amazônia,,,,1.3,-12.72378,-54.19267
2026/05/28 05:33:00,NOAA-20,Brasil,MATO GROSSO,UNIÃO DO SUL,Amazônia,,,,2.2,-11.29474,-54.03113
2026/05/28 05:33:00,NOAA-20,Brasil,MATO GROSSO,PORTO DOS GAÚCHOS,Amazônia,,,,3.0,-11.72182,-56.84426
2026/05/28 05:33:00,NOAA-20,Brasil,MATO GROSSO,SANTA CRUZ DO XINGU,Amazônia,,,,0.8,-10.13972,-52.40193
2026/05/28 05:33:00,NOAA-20,Brasil,MATO GROSSO,ARIPUANÃ,Amazônia,,,,0.2,-10.0255,-59.34475
2026/05/28 05:33:00,NOAA-20,Brasil,MATO GROSSO,NOVA UBIRATÃ,Amazônia,,,,1.4,-13.21495,-54.50413
2026/05/28 05:33:00,NOAA-20,Brasil,MATO GROSSO,SÃO FÉLIX DO ARAGUAIA,Amazônia,,,,3.7,-11.46855,-52.91817
2026/05/28 05:33:00,NOAA-20,Brasil,MATO GROSSO,PORTO DOS GAÚCHOS,Amazônia,,,,4.5,-11.63399,-56.86478
2026/05/28 05:33:00,NOAA-20,Brasil,MATO GROSSO,PORTO DOS GAÚCHOS,Amazônia,,,,1.0,-11.7315,-56.83519
2026/05/28 05:33:00,NOAA-20,Brasil,MATO GROSSO,VILA RICA,Amazônia,,,,1.0,-10.05581,-51.68281
2026/05/28 05:33:00,NOAA-20,Brasil,MATO GROSSO,NOVA UBIRATÃ,Amazônia,,,,2.6,-13.21984,-54.5081
2026/05/28 05:33:00,NOAA-20,Brasil,MATO GROSSO,PARANATINGA,Amazônia,,,,0.8,-12.72539,-54.19917
2026/05/28 05:33:00,NOAA-20,Brasil,MATO GROSSO,PARANATINGA,Amazônia,,,,1.3,-12.7242,-54.18921
2026/05/28 05:33:00,NOAA-20,Brasil,MATO GROSSO,NOVA MARINGÁ,Amazônia,,,,2.5,-12.54289,-57.20346
2026/05/28 05:33:00,NOAA-20,Brasil,MATO GROSSO,NOVA UBIRATÃ,Amazônia,,,,2.6,-13.22473,-54.51196
2026/05/28 05:33:00,NOAA-20,Brasil,MATO GROSSO,CÁCERES,Pantanal,,,,3.1,-16.16143,-58.47564
2026/05/28 05:33:00,NOAA-20,Brasil,MATO GROSSO,NOVA UBIRATÃ,Amazônia,,,,2.8,-13.219,-54.51472
2026/05/28 05:33:00,NOAA-20,Brasil,MATO GROSSO,NOVA UBIRATÃ,Amazônia,,,,1.5,-13.19781,-54.51217
2026/05/28 05:33:00,NOAA-20,Brasil,MATO GROSSO,NOVA UBIRATÃ,Amazônia,,,,1.8,-13.21453,-54.50749
2026/05/28 05:33:00,NOAA-20,Brasil,MATO GROSSO,NOVA UBIRATÃ,Amazônia,,,,2.3,-13.21369,-54.51416
2026/05/28 05:33:00,NOAA-20,Brasil,MATO GROSSO,NOVA CANAÃ DO NORTE,Amazônia,,,,2.4,-10.71002,-56.04422
2026/05/28 05:33:00,NOAA-20,Brasil,MATO GROSSO,SÃO FÉLIX DO ARAGUAIA,Amazônia,,,,1.2,-11.4623,-52.92149
2026/05/28 05:33:00,NOAA-20,Brasil,MATO GROSSO,PORTO DOS GAÚCHOS,Amazônia,,,,4.8,-11.79683,-57.01647
2026/05/28 05:33:00,NOAA-20,Brasil,MATO GROSSO,PORTO DOS GAÚCHOS,Amazônia,,,,6.6,-11.63437,-56.85848
2026/05/28 05:33:00,NOAA-20,Brasil,MATO GROSSO,NOVA UBIRATÃ,Amazônia,,,,1.8,-13.21411,-54.51084
2026/05/28 05:33:00,NOAA-20,Brasil,MATO GROSSO,NOVA UBIRATÃ,Amazônia,,,,2.6,-13.21951,-54.5013
2026/05/28 05:33:00,NOAA-20,Brasil,MATO GROSSO,PORTO DOS GAÚCHOS,Amazônia,,,,6.7,-11.6382,-56.86353
2026/05/28 05:33:00,NOAA-20,Brasil,MATO GROSSO,NOVA UBIRATÃ,Amazônia,,,,1.4,-13.21538,-54.50073
2026/05/28 05:33:00,NOAA-20,Brasil,MATO GROSSO,NOVA UBIRATÃ,Amazônia,,,,2.4,-13.226,-54.50195
2026/05/28 05:33:00,NOAA-20,Brasil,MATO GROSSO,NOVA UBIRATÃ,Amazônia,,,,2.3,-13.21327,-54.51745
2026/05/28 05:33:00,NOAA-20,Brasil,MATO GROSSO,NOVA UBIRATÃ,Amazônia,,,,2.6,-13.22442,-54.50526
2026/05/28 05:33:00,NOAA-20,Brasil,MATO GROSSO,NOVA UBIRATÃ,Amazônia,,,,1.5,-13.22523,-54.4985
2026/05/28 05:33:00,NOAA-20,Brasil,MATO GROSSO,ARIPUANÃ,Amazônia,,,,0.8,-10.44623,-59.42754
2026/05/28 05:33:00,NOAA-20,Brasil,MATO GROSSO,NOVA UBIRATÃ,Amazônia,,,,2.0,-13.21222,-54.5174
2026/05/28 05:33:00,NOAA-20,Brasil,MATO GROSSO,NOVA UBIRATÃ,Amazônia,,,,1.5,-13.20268,-54.5162
2026/05/28 05:33:00,NOAA-20,Brasil,MATO GROSSO,PORTO DOS GAÚCHOS,Amazônia,,,,6.6,-11.63379,-56.86287
2026/05/28 05:33:00,NOAA-20,Brasil,MATO GROSSO,UNIÃO DO SUL,Amazônia,,,,2.1,-11.30048,-54.02852
2026/05/28 05:33:00,NOAA-20,Brasil,MATO GROSSO,NOVA UBIRATÃ,Amazônia,,,,2.6,-13.22515,-54.50864
2026/05/28 05:33:00,NOAA-20,Brasil,MATO GROSSO,PORTO DOS GAÚCHOS,Amazônia,,,,1.1,-11.72242,-56.8399
2026/05/28 05:33:00,NOAA-20,Brasil,MATO GROSSO,NOVA UBIRATÃ,Amazônia,,,,2.6,-13.21911,-54.50468
2026/05/28 05:33:00,NOAA-20,Brasil,MATO GROSSO,NOVA UBIRATÃ,Amazônia,,,,1.3,-13.22154,-54.49459
2026/05/28 05:33:00,NOAA-20,Brasil,MATO GROSSO,COTRIGUAÇU,Amazônia,,,,1.8,-9.60322,-58.34
2026/05/28 05:33:00,NOAA-20,Brasil,MATO GROSSO,NOVA UBIRATÃ,Amazônia,,,,2.6,-13.21941,-54.51142
2026/05/28 05:33:00,NOAA-20,Brasil,MATO GROSSO,NOVA UBIRATÃ,Amazônia,,,,2.4,-13.22557,-54.50531
2026/05/28 05:33:00,NOAA-20,Brasil,MATO GROSSO,NOVA UBIRATÃ,Amazônia,,,,2.3,-13.20839,-54.51355
2026/05/28 05:33:00,NOAA-20,Brasil,MATO GROSSO,NOVA UBIRATÃ,Amazônia,,,,1.3,-13.19822,-54.50883
2026/05/28 05:33:00,NOAA-20,Brasil,MATO GROSSO,SANTA CRUZ DO XINGU,Amazônia,,,,3.3,-10.13389,-52.40113
2026/05/28 05:33:00,NOAA-20,Brasil,MATO GROSSO,NOVA UBIRATÃ,Amazônia,,,,1.5,-13.22563,-54.49511
2026/05/28 05:33:00,NOAA-20,Brasil,MATO GROSSO,PORTO DOS GAÚCHOS,Amazônia,,,,4.5,-11.63019,-56.85978
2026/05/28 05:33:00,NOAA-20,Brasil,MATO GROSSO,NOVA UBIRATÃ,Amazônia,,,,1.3,-13.20351,-54.50956
2026/05/28 05:33:00,NOAA-20,Brasil,MATO GROSSO,NOVA UBIRATÃ,Amazônia,,,,2.4,-13.22026,-54.50476
2026/05/28 05:33:00,NOAA-20,Brasil,MATO GROSSO,SÃO FÉLIX DO ARAGUAIA,Amazônia,,,,1.9,-11.48004,-52.91961
2026/05/28 05:33:00,NOAA-20,Brasil,MATO GROSSO,UNIÃO DO SUL,Amazônia,,,,1.3,-11.27527,-53.97017
2026/05/28 05:33:00,NOAA-20,Brasil,MATO GROSSO,NOVA UBIRATÃ,Amazônia,,,,1.8,-13.20923,-54.50686
2026/05/28 05:33:00,NOAA-20,Brasil,MATO GROSSO,SÃO FÉLIX DO ARAGUAIA,Amazônia,,,,3.7,-11.47429,-52.9189
2026/05/28 05:33:00,NOAA-20,Brasil,MATO GROSSO,ITAÚBA,Amazônia,,,,1.5,-11.07597,-55.05569
2026/05/28 05:33:00,NOAA-20,Brasil,MATO GROSSO,NOVA UBIRATÃ,Amazônia,,,,1.3,-13.22685,-54.49519
2026/05/28 05:33:00,NOAA-20,Brasil,MATO GROSSO,MARCELÂNDIA,Amazônia,,,,1.5,-10.90997,-54.12015
2026/05/28 05:33:00,NOAA-20,Brasil,MATO GROSSO,ARIPUANÃ,Amazônia,,,,1.6,-10.03223,-59.35022
2026/05/28 05:33:00,NOAA-20,Brasil,MATO GROSSO,NOVA UBIRATÃ,Amazônia,,,,1.3,-13.22642,-54.49857
2026/05/28 05:33:00,NOAA-20,Brasil,MATO GROSSO,NOVA MARINGÁ,Amazônia,,,,0.7,-11.80123,-57.3521
2026/05/28 05:33:00,NOAA-20,Brasil,MATO GROSSO,NOVA UBIRATÃ,Amazônia,,,,1.5,-13.22032,-54.49448
2026/05/28 05:33:00,NOAA-20,Brasil,MATO GROSSO,PORTO DOS GAÚCHOS,Amazônia,,,,2.8,-11.78867,-57.01093
2026/05/28 05:33:00,NOAA-20,Brasil,MATO GROSSO,PORTO DOS GAÚCHOS,Amazônia,,,,1.0,-11.73093,-56.83955
2026/05/28 05:33:00,NOAA-20,Brasil,MATO GROSSO,NOVA UBIRATÃ,Amazônia,,,,1.5,-13.21992,-54.49789
2026/05/28 05:33:00,NOAA-20,Brasil,MATO GROSSO,NOVA UBIRATÃ,Amazônia,,,,2.3,-13.20797,-54.51685
2026/05/28 05:33:00,NOAA-20,Brasil,MATO GROSSO,PARANATINGA,Amazônia,,,,1.1,-12.72625,-54.19236
2026/05/28 05:33:00,NOAA-20,Brasil,MATO GROSSO,NOVA UBIRATÃ,Amazônia,,,,1.5,-13.19739,-54.51547
2026/05/28 05:33:00,NOAA-20,Brasil,MATO GROSSO,ARIPUANÃ,Amazônia,,,,0.8,-10.44558,-59.43194
2026/05/28 05:33:00,NOAA-20,Brasil,MATO GROSSO,UNIÃO DO SUL,Amazônia,,,,1.3,-11.27568,-53.96687
2026/05/28 05:33:00,NOAA-20,Brasil,MATO GROSSO,VILA RICA,Amazônia,,,,0.7,-10.0497,-51.68208
2026/05/28 05:33:00,NOAA-20,Brasil,MATO GROSSO,NOVA UBIRATÃ,Amazônia,,,,1.6,-13.20771,-54.51012
2026/05/28 05:33:00,NOAA-20,Brasil,MATO GROSSO,PARANATINGA,Amazônia,,,,0.5,-12.72046,-54.195
2026/05/28 05:33:00,NOAA-20,Brasil,MATO GROSSO,NOVA UBIRATÃ,Amazônia,,,,2.0,-13.20692,-54.51678
2026/05/28 05:36:00,NOAA-20,Brasil,MATO GROSSO,VILA BELA DA SANTÍSSIMA TRINDADE,Amazônia,,,,2.1,-16.26779,-60.00669
2026/05/28 05:36:00,NOAA-20,Brasil,MATO GROSSO,VILA BELA DA SANTÍSSIMA TRINDADE,Amazônia,,,,0.9,-16.23347,-59.98422
2026/05/28 05:36:00,NOAA-20,Brasil,MATO GROSSO,VILA BELA DA SANTÍSSIMA TRINDADE,Amazônia,,,,1.9,-16.21691,-59.66891
2026/05/28 05:36:00,NOAA-20,Brasil,MATO GROSSO,VILA BELA DA SANTÍSSIMA TRINDADE,Amazônia,,,,1.9,-16.21759,-59.66381
2026/05/28 05:36:00,NOAA-20,Brasil,MATO GROSSO,VILA BELA DA SANTÍSSIMA TRINDADE,Amazônia,,,,0.6,-16.26602,-60.004
2026/05/28 05:40:00,GOES-19,Brasil,MATO GROSSO,NOVA UBIRATÃ,Amazônia,,,,53.1,-13.2189,-54.4975
2026/05/28 07:14:00,AQUA_M-M,Brasil,MATO GROSSO,PORTO DOS GAÚCHOS,Amazônia,,,,13.8,-11.63065,-56.85787
2026/05/28 07:30:00,GOES-19,Brasil,AMAZONAS,PAUINI,Amazônia,,,,41.2,-7.6287,-68.5278
2026/05/28 07:30:00,GOES-19,Brasil,AMAZONAS,PAUINI,Amazônia,,,,52.9,-7.6287,-68.5094
2026/05/28 12:30:00,GOES-19,Brasil,MATO GROSSO,PARANATINGA,Amazônia,,,,110.1,-12.7272,-54.1988
2026/05/28 12:34:00,TERRA_M-T,Brasil,MATO GROSSO,UNIÃO DO SUL,Amazônia,,,,13.5,-11.28006,-53.96919
2026/05/28 12:34:00,TERRA_M-T,Brasil,MATO GROSSO,NOVA UBIRATÃ,Amazônia,,,,23.2,-13.20933,-54.50773
2026/05/28 12:34:00,TERRA_M-T,Brasil,MATO GROSSO,NOVA MARINGÁ,Amazônia,,,,5.8,-11.80855,-57.35221
2026/05/28 12:34:00,TERRA_M-T,Brasil,MATO GROSSO,SÃO FÉLIX DO ARAGUAIA,Amazônia,,,,17.3,-11.48172,-52.91703
2026/05/28 12:34:00,TERRA_M-T,Brasil,MATO GROSSO,PARANATINGA,Amazônia,,,,99.6,-12.71983,-54.19118
2026/05/28 12:34:00,TERRA_M-T,Brasil,PARÁ,CUMARU DO NORTE,Amazônia,,,,19.5,-8.53649,-51.56879
2026/05/28 12:34:00,TERRA_M-T,Brasil,MATO GROSSO,NOVA UBIRATÃ,Amazônia,,,,15.2,-12.54634,-54.59187
2026/05/28 12:34:00,TERRA_M-T,Brasil,MATO GROSSO,NOVA MARINGÁ,Amazônia,,,,7.5,-12.54319,-57.16716
2026/05/28 12:34:00,TERRA_M-T,Brasil,MATO GROSSO,NOVA MARINGÁ,Amazônia,,,,37.1,-12.5419,-57.17631
2026/05/28 12:34:00,TERRA_M-T,Brasil,MATO GROSSO,SINOP,Amazônia,,,,11.7,-11.59896,-55.33445
2026/05/28 12:34:00,TERRA_M-T,Brasil,MATO GROSSO,JUARA,Amazônia,,,,20.6,-11.41072,-57.80937
2026/05/28 12:34:00,TERRA_M-T,Brasil,MATO GROSSO,NOVA MARINGÁ,Amazônia,,,,88.6,-12.54062,-57.18544
2026/05/28 12:34:00,TERRA_M-T,Brasil,MATO GROSSO,COTRIGUAÇU,Amazônia,,,,6.4,-9.60842,-58.33919
2026/05/28 12:34:00,TERRA_M-T,Brasil,MATO GROSSO,SINOP,Amazônia,,,,9.9,-11.60038,-55.32402
2026/05/28 12:34:00,TERRA_M-T,Brasil,MATO GROSSO,PORTO DOS GAÚCHOS,Amazônia,,,,9.6,-11.63792,-56.85616
2026/05/28 12:34:00,TERRA_M-T,Brasil,MATO GROSSO,PORTO DOS GAÚCHOS,Amazônia,,,,12.1,-11.79148,-57.01104
2026/05/28 12:34:00,TERRA_M-T,Brasil,MATO GROSSO,NOVA UBIRATÃ,Amazônia,,,,9.1,-12.54527,-54.59819
2026/05/28 12:34:00,TERRA_M-T,Brasil,MATO GROSSO,NOVA MARINGÁ,Amazônia,,,,4.6,-12.53934,-57.19456
2026/05/28 12:34:00,TERRA_M-T,Brasil,MATO GROSSO,SÃO JOSÉ DO XINGU,Amazônia,,,,52.6,-10.37359,-52.53475
2026/05/28 12:34:00,TERRA_M-T,Brasil,MATO GROSSO,PORTO DOS GAÚCHOS,Amazônia,,,,22.9,-11.80038,-57.0123
2026/05/28 12:34:00,TERRA_M-T,Brasil,MATO GROSSO,SÃO FÉLIX DO ARAGUAIA,Amazônia,,,,13.0,-11.48122,-52.92365
2026/05/28 12:34:00,TERRA_M-T,Brasil,MATO GROSSO,PARANATINGA,Amazônia,,,,23.4,-12.7302,-54.19262
2026/05/28 12:34:00,TERRA_M-T,Brasil,MATO GROSSO,JUARA,Amazônia,,,,6.3,-11.412,-57.80044
2026/05/28 12:34:00,TERRA_M-T,Brasil,PARÁ,CUMARU DO NORTE,Amazônia,,,,16.9,-8.52858,-51.57837
2026/05/28 12:34:00,TERRA_M-T,Brasil,MATO GROSSO,PARANATINGA,Amazônia,,,,25.8,-12.71823,-54.20379
2026/05/28 12:34:00,TERRA_M-T,Brasil,MARANHÃO,SÃO PEDRO DA ÁGUA BRANCA,Amazônia,,,,18.7,-5.09728,-48.39358
2026/05/28 12:34:00,TERRA_M-T,Brasil,MATO GROSSO,PORTO DOS GAÚCHOS,Amazônia,,,,17.5,-11.63664,-56.86531
2026/05/28 12:36:00,TERRA_M-T,Brasil,MATO GROSSO,COMODORO,Amazônia,,,,9.6,-13.56915,-59.82906
2026/05/28 12:40:00,GOES-19,Brasil,MATO GROSSO,PARANATINGA,Amazônia,,,,93.4,-12.7272,-54.1988
2026/05/28 13:40:00,GOES-19,Brasil,MATO GROSSO,SÃO FÉLIX DO ARAGUAIA,Amazônia,,,,111.0,-11.4724,-52.9193
2026/05/28 13:50:00,GOES-19,Brasil,MATO GROSSO,SÃO FÉLIX DO ARAGUAIA,Amazônia,,,,105.6,-11.4724,-52.9193
2026/05/28 14:00:00,GOES-19,Brasil,MATO GROSSO,PARANATINGA,Amazônia,,,,109.4,-12.7272,-54.1988
2026/05/28 14:10:00,GOES-19,Brasil,MATO GROSSO,SÃO FÉLIX DO ARAGUAIA,Amazônia,,,,132.3,-11.4724,-52.9193
2026/05/28 14:10:00,GOES-19,Brasil,MATO GROSSO,PARANATINGA,Amazônia,,,,123.3,-12.7272,-54.1988
2026/05/28 14:20:00,GOES-19,Brasil,MATO GROSSO,PARANATINGA,Amazônia,,,,209.2,-12.7272,-54.1988
2026/05/28 14:20:00,GOES-19,Brasil,MATO GROSSO,PARANATINGA,Amazônia,,,,100.0,-12.7275,-54.1782
2026/05/28 14:20:00,GOES-19,Brasil,MATO GROSSO,SÃO FÉLIX DO ARAGUAIA,Amazônia,,,,155.5,-11.4724,-52.9193
2026/05/28 14:30:00,GOES-19,Brasil,MATO GROSSO,SÃO FÉLIX DO ARAGUAIA,Amazônia,,,,128.5,-11.4724,-52.9193
2026/05/28 14:30:00,GOES-19,Brasil,MATO GROSSO,PARANATINGA,Amazônia,,,,91.2,-12.7275,-54.1782
2026/05/28 14:40:00,GOES-19,Brasil,MATO GROSSO,PARANATINGA,Amazônia,,,,95.8,-12.7275,-54.1782
2026/05/28 14:40:00,GOES-19,Brasil,MATO GROSSO,PARANATINGA,Amazônia,,,,177.7,-12.7272,-54.1988
2026/05/28 14:40:00,GOES-19,Brasil,MATO GROSSO,UNIÃO DO SUL,Amazônia,,,,99.1,-11.3068,-54.0299
2026/05/28 14:40:00,GOES-19,Brasil,MATO GROSSO,SÃO FÉLIX DO ARAGUAIA,Amazônia,,,,127.9,-11.4724,-52.9193
2026/05/28 14:50:00,GOES-19,Brasil,MATO GROSSO,UNIÃO DO SUL,Amazônia,,,,113.6,-11.3068,-54.0299
2026/05/28 14:50:00,GOES-19,Brasil,MATO GROSSO,SÃO FÉLIX DO ARAGUAIA,Amazônia,,,,134.2,-11.4724,-52.9193
2026/05/28 15:00:00,GOES-19,Brasil,MATO GROSSO,UNIÃO DO SUL,Amazônia,,,,111.0,-11.3068,-54.0299
2026/05/28 15:00:00,GOES-19,Brasil,MATO GROSSO,SÃO FÉLIX DO ARAGUAIA,Amazônia,,,,138.3,-11.4724,-52.9193
2026/05/28 15:10:00,GOES-19,Brasil,MATO GROSSO,SÃO FÉLIX DO ARAGUAIA,Amazônia,,,,108.0,-11.4724,-52.9193
2026/05/28 15:10:00,GOES-19,Brasil,MATO GROSSO,UNIÃO DO SUL,Amazônia,,,,99.4,-11.3068,-54.0299
2026/05/28 15:20:00,GOES-19,Brasil,MATO GROSSO,UNIÃO DO SUL,Amazônia,,,,83.2,-11.3457,-53.9442
2026/05/28 15:20:00,GOES-19,Brasil,MATO GROSSO,UNIÃO DO SUL,Amazônia,,,,108.8,-11.3068,-54.0299
2026/05/28 15:20:00,GOES-19,Brasil,MATO GROSSO,SÃO FÉLIX DO ARAGUAIA,Amazônia,,,,125.4,-11.4724,-52.9193
2026/05/28 15:30:00,GOES-19,Brasil,MATO GROSSO,UNIÃO DO SUL,Amazônia,,,,96.5,-11.3268,-53.9459
2026/05/28 15:30:00,GOES-19,Brasil,MATO GROSSO,SÃO FÉLIX DO ARAGUAIA,Amazônia,,,,115.3,-11.4724,-52.9193
2026/05/28 15:40:00,GOES-19,Brasil,MATO GROSSO,SÃO FÉLIX DO ARAGUAIA,Amazônia,,,,105.1,-11.4724,-52.9193
2026/05/28 15:40:00,GOES-19,Brasil,MATO GROSSO,UNIÃO DO SUL,Amazônia,,,,100.0,-11.3068,-54.0299
2026/05/28 15:50:00,GOES-19,Brasil,MATO GROSSO,UNIÃO DO SUL,Amazônia,,,,107.4,-11.3457,-53.9442
2026/05/28 15:50:00,GOES-19,Brasil,MATO GROSSO,UNIÃO DO SUL,Amazônia,,,,98.2,-11.3268,-53.9459
2026/05/28 15:50:00,GOES-19,Brasil,MATO GROSSO,UNIÃO DO SUL,Amazônia,,,,108.4,-11.3068,-54.0299
2026/05/28 15:50:00,GOES-19,Brasil,MATO GROSSO,SÃO FÉLIX DO ARAGUAIA,Amazônia,,,,111.8,-11.4724,-52.9193
2026/05/28 16:00:00,GOES-19,Brasil,MATO GROSSO,SÃO FÉLIX DO ARAGUAIA,Amazônia,,,,117.3,-11.4724,-52.9193
2026/05/28 16:00:00,GOES-19,Brasil,MATO GROSSO,UNIÃO DO SUL,Amazônia,,,,107.2,-11.3068,-54.0299
2026/05/28 16:00:00,GOES-19,Brasil,MATO GROSSO,UNIÃO DO SUL,Amazônia,,,,118.1,-11.3268,-53.9459
2026/05/28 16:00:00,GOES-19,Brasil,MATO GROSSO,UNIÃO DO SUL,Amazônia,,,,111.9,-11.3457,-53.9442
2026/05/28 16:10:00,GOES-19,Brasil,MATO GROSSO,SÃO FÉLIX DO ARAGUAIA,Amazônia,,,,114.2,-11.4724,-52.9193
2026/05/28 16:10:00,GOES-19,Brasil,MATO GROSSO,UNIÃO DO SUL,Amazônia,,,,147.4,-11.3268,-53.9459
2026/05/28 16:20:00,GOES-19,Brasil,MATO GROSSO,SÃO FÉLIX DO ARAGUAIA,Amazônia,,,,101.5,-11.4724,-52.9193
2026/05/28 16:20:00,GOES-19,Brasil,MATO GROSSO,UNIÃO DO SUL,Amazônia,,,,109.9,-11.3457,-53.9442
2026/05/28 16:20:00,GOES-19,Brasil,MATO GROSSO,UNIÃO DO SUL,Amazônia,,,,101.1,-11.3268,-53.9459
2026/05/28 16:30:00,GOES-19,Brasil,MATO GROSSO,UNIÃO DO SUL,Amazônia,,,,139.8,-11.3268,-53.9459
2026/05/28 16:30:00,GOES-19,Brasil,MATO GROSSO,SÃO FÉLIX DO ARAGUAIA,Amazônia,,,,117.0,-11.4724,-52.9193
2026/05/28 16:40:00,GOES-19,Brasil,MATO GROSSO,UNIÃO DO SUL,Amazônia,,,,107.8,-11.3268,-53.9459
2026/05/28 16:40:00,GOES-19,Brasil,MATO GROSSO,SÃO FÉLIX DO ARAGUAIA,Amazônia,,,,102.7,-11.4724,-52.9193
2026/05/28 16:40:00,GOES-19,Brasil,MATO GROSSO,UNIÃO DO SUL,Amazônia,,,,100.2,-11.3457,-53.9442
2026/05/28 16:50:00,GOES-19,Brasil,MATO GROSSO,UNIÃO DO SUL,Amazônia,,,,114.6,-11.3268,-53.9459
